business_id,categories,latitude,longitude,name,review_count,stars,AcceptsInsurance,AgesAllowed,Alcohol,BYOB,BikeParking,BusinessAcceptsCreditCards,ByAppointmentOnly,Caters,CoatCheck,Corkage,DogsAllowed,DriveThru,GoodForDancing,GoodForKids,HappyHour,HasTV,NoiseLevel,OutdoorSeating,RestaurantsAttire,RestaurantsDelivery,RestaurantsGoodForGroups,RestaurantsPriceRange2,RestaurantsReservations,RestaurantsTableService,RestaurantsTakeOut,Smoking,WheelchairAccessible,WiFi,tips_counter_bz,total_compliments_bz
-IXNFjtECsn8fqF047tYFw,"Restaurants, Food, Vietnamese, Juice Bars & Smoothies",43.6443652,-79.3993273,Bac Ky Vietnamese Canteen,63,3.0,0,0,0,0,2,0,0,2,0,0,0,0,0,2,0,2,2,1,1,2,2,2,1,2,2,0,0,1,7,0
1nQPOpx9BSUVeJNwySmXyw,Shopping,43.6504644,-79.4799803,Everhart,3,2.0,0,0,0,0,2,0,0,0,0,0,0,0,0,0,0,0,0,0,0,0,0,3,0,0,0,0,0,0,0,0
1wbG3HVn9c2abfAdrM0jAQ,"Hair Removal, Beauty & Spas, Nail Salons, Day Spas, Massage, Skin Care, Waxing",43.7032297,-79.3972786,Alma Natural Spa,36,4.0,0,0,0,0,2,0,1,0,0,0,0,0,0,0,0,0,0,0,3,0,0,2,0,0,0,0,2,3,4,0
2GmBEeMQ88t03LlAlSHBGw,"Restaurants, Cafes, Sandwiches, Breakfast & Brunch",43.6672495043,-79.4199987906,Morellina’s,3,5.0,0,0,0,0,0,0,0,2,0,0,0,0,0,0,0,0,0,0,0,0,0,0,0,0,0,0,0,0,0,0
2vyjdKZJM5fv0v7Iob0FcQ,"Food, Imported Food, Do-It-Yourself Food, Specialty Food, Ethnic Food, Restaurants, Indian",43.7673886,-79.228919,Mirchi Dhaba,8,3.0,0,0,0,0,2,0,0,2,0,0,0,0,0,0,0,2,2,1,1,1,1,1,0,2,2,0,0,1,0,0
3GloQuLAuj3mVvfiD4B8JA,"Shopping, Jewelry, Watch Repair, Local Services, Jewelry Repair",43.6417654,-79.4318185,Made You Look Jewellery,33,4.5,0,0,0,0,2,0,1,0,0,0,0,0,0,0,0,0,0,0,0,0,0,3,0,0,0,0,0,0,1,0
4FE9FM8uvn9CV76Bxfxogw,"Restaurants, Caribbean",43.6521961365,-79.4055628113,T&T Roti Trinidad & Toronto Roti,10,4.5,0,0,0,0,2,0,0,2,0,0,0,0,0,2,0,0,2,2,1,1,2,1,1,0,2,0,0,1,2,0
5CzQyx-sOiQYB-zDj8WOTQ,"Landmarks & Historical Buildings, Public Services & Government",43.6649382,-79.3547387,The Don Jail,3,2.5,0,0,0,0,0,0,0,0,0,0,0,0,0,0,0,0,0,0,0,0,0,0,0,0,0,0,0,0,1,0
5NDtFhTDaaNcOpmoIxVzHw,"Restaurants, Noodles",43.7796937,-79.4150748,Potato Noodle Soup of Bai,11,3.0,0,0,0,0,0,0,0,0,0,0,0,0,0,0,0,0,0,0,0,0,0,0,0,0,0,0,0,0,1,0
67zNPW0CYdg2MboIeg1JPQ,"Bridal, Florists, Shopping, Home Decor, Flowers & Gifts, Home & Garden",43.641686,-79.430149,Crown Flora Studio,14,4.5,0,0,0,0,2,0,0,0,0,0,0,0,0,0,0,0,0,0,0,0,0,2,0,0,0,0,0,0,0,0
6GlJ5Tbhht43pXIRx7ygtw,"Barbeque, Chicken Shop, Portuguese, Delis, Restaurants, Sandwiches",43.6488882,-79.4204422,Alex Rei Dos Leitoes,20,4.0,0,0,0,0,2,0,0,2,0,0,0,0,0,1,0,1,1,1,1,2,1,1,1,0,2,0,0,1,3,0
6_-T_TQOU-DlzEW3aSZJkQ,"Event Planning & Services, Party & Event Planning",43.6991489,-79.4269604,KRM Children's Entertainment Company,7,1.5,0,0,0,0,0,0,0,0,0,0,0,0,0,0,0,0,0,0,0,0,0,0,0,0,0,0,0,0,0,0
6hwYxnND6eqqKRtUZD-Ksw,"Venues & Event Spaces, Event Planning & Services, Bars, Lounges, Nightlife, Social Clubs, Dance Clubs, Arts & Entertainment",43.6492418,-79.3895081,The Fifth Social Club,88,3.5,0,0,2,0,1,0,1,0,0,0,0,0,2,0,0,2,4,1,3,0,2,2,0,0,0,0,0,3,9,2
9Kr4RyM9kQrnW1i1d1bkgg,"Arts & Entertainment, Shopping, Art Galleries",43.6476322,-79.3950698,401 Richmond,6,4.5,0,0,0,0,0,0,0,0,0,0,0,0,0,2,0,0,0,0,0,0,0,0,0,0,0,0,0,0,3,0
9vLGuYpCoV9Od2b7hoBPrg,"American (Traditional), Diners, Restaurants",43.6773905,-79.3516951,Detroit Eatery,45,4.0,0,0,2,0,2,0,0,1,0,0,0,0,0,2,0,2,3,1,1,1,2,1,1,2,2,0,0,1,11,0
ACmcdphAR4UpOeHa6oQe9A,"Chinese, Restaurants",43.6643894,-79.4141941,DO EAT,9,4.5,0,0,1,0,2,0,1,0,0,0,0,0,0,0,0,0,0,1,1,2,0,0,2,2,2,0,1,1,0,0
B5ZplSI45dfAjcKeF2QCjw,"Grocery, Desserts, Specialty Food, Food, Coffee & Tea",43.6860750863,-79.3765506148,Rosedale's Finest,4,5.0,0,0,0,0,1,0,0,2,0,0,0,0,0,0,1,0,0,0,1,0,0,0,0,0,2,0,1,1,0,0
CS8fW3pUNnULcTm7N_rlxg,"Beauty & Spas, Hair Salons, Hair Stylists",43.6682204,-79.3858136,Solis,17,3.0,0,0,0,0,2,0,1,0,0,0,0,0,0,2,0,0,0,0,0,0,0,2,0,0,0,0,0,0,2,0
Dgzrb9DTWozUcYOe4L9_FQ,"Comfort Food, Nightlife, Restaurants, Chicken Wings, Lounges, Pubs, Dive Bars, Bars, American (Traditional), Cocktail Bars",43.6460706,-79.408876,Squirly's,53,3.5,0,0,2,0,2,0,0,1,0,0,0,0,1,1,0,2,2,2,3,1,2,2,1,0,2,0,0,3,10,0
E-F2IXk3LRTwDk2hGFfKIQ,"Nail Salons, Beauty & Spas",43.6705735,-79.3845509,Mira's Nail Salon,52,2.0,0,0,0,0,2,0,1,0,0,0,0,0,0,0,0,0,0,0,0,0,0,2,0,0,0,0,0,0,3,0
GGwhdx3D_cDRCmfyI1F5-Q,"Body Shops, Auto Repair, Automotive",43.6496143,-79.4242302,Autosonic Service Station,4,5.0,0,0,0,0,0,2,0,0,0,0,0,0,0,0,0,0,0,0,0,0,0,0,0,0,0,0,0,0,0,0
HEGEkeT1dT9EE8UdVkssrQ,"Hair Salons, Beauty & Spas, Cosmetics & Beauty Supply, Nail Salons, Shopping",43.6562242,-79.4355773,Trade Secrets - Dufferin Mall,4,2.0,0,0,0,0,2,0,1,0,0,0,0,0,0,1,0,0,0,0,0,0,0,2,0,0,0,0,0,0,0,0
HUTYXO2sP8Lb8_C0nAFEoQ,"Shopping, Toy Stores, Fashion, Children's Clothing, Baby Gear & Furniture",43.6716916,-79.4204543,Marlenes Just Babies,14,3.5,0,0,0,0,0,0,0,0,0,0,0,0,0,0,0,0,0,0,0,0,0,4,0,0,0,0,0,0,1,0
Iz3kiFhru8ndTf2rY-7_kA,"Amateur Sports Teams, Active Life, Professional Services, Life Coach, Trainers, Gyms, Fitness & Instruction",43.6618118,-79.4460526,Quest Health & Performance,4,4.0,0,0,0,0,2,0,0,0,0,0,0,0,0,1,0,0,0,0,0,0,0,0,0,0,0,0,0,0,0,0
JsYuTTUA5RhzOq3-DWigbQ,"Electronics, Shopping, Local Services, Electronics Repair",43.6250116,-79.509372,National Sound,3,3.5,0,0,0,0,2,0,0,0,0,0,0,0,0,0,0,0,0,0,0,0,0,1,0,0,0,0,0,0,0,0
NIb4D02v6HaUBAN-PNSG9Q,"Shopping, Cosmetics & Beauty Supply, Beauty & Spas, Eyelash Service",43.6243998,-79.4910123,Bex Lashes,3,5.0,0,0,0,0,0,0,2,0,0,0,0,0,0,0,0,0,0,0,0,0,0,2,0,0,0,0,0,0,1,0
NMYod3y6JqQCggdGGXpkiQ,"Hotels & Travel, Hotels, Event Planning & Services",43.646567,-79.3742742,Novotel Toronto Centre,54,3.0,0,0,0,0,0,0,0,0,0,0,0,0,0,0,0,0,0,0,3,0,0,2,0,0,0,0,0,3,7,0
O8j4nCYN-VHPFuHI4GSCJg,"IT Services & Computer Repair, Local Services, Computers, Shopping",43.6559051,-79.4874191,Computation,3,3.5,0,0,0,0,0,0,0,0,0,0,0,0,0,0,0,0,0,0,0,0,0,0,0,0,0,0,0,0,0,0
OXwqHSf-B_Qo4zmWcU8WnQ,"Home & Garden, Cooking Classes, Arts & Crafts, Kitchen & Bath, Shopping",43.6482603,-79.4495383,Cookery,5,4.0,0,0,0,0,2,0,0,0,0,0,1,0,0,0,0,0,0,0,0,0,0,0,0,0,0,0,2,0,1,0
OtAVXleSatkQeZn9Twg4Aw,"Ice Cream & Frozen Yogurt, Belgian, Restaurants, Food, Waffles, Desserts",43.6463119315,-79.391329296,00 Gelato,67,4.5,0,0,0,0,2,0,0,1,0,0,2,0,0,0,0,0,0,0,1,0,0,1,0,0,2,0,2,1,13,0
ROX15bs_cb21UBbU3xvz-g,"Dry Cleaning & Laundry, Local Services, Laundry Services",43.662011,-79.4248891,Abra 1 Hour Cleaners,3,1.0,0,0,0,0,0,0,0,0,0,0,0,0,0,0,0,0,0,0,0,0,0,0,0,0,0,0,0,0,0,0
S-AOeUJkQFmPAjRX6Bap8A,"Movers, Local Services, Home Services, Self Storage, Packing Services, Musical Instrument Services, Piano Services",43.6473654,-79.3969867,Inner City Moving & Storage,3,3.5,0,0,0,0,0,0,0,0,0,0,0,0,0,0,0,0,0,0,0,0,0,0,0,0,0,0,0,0,0,0
SrDBGhP4dYrsttv1BhS33g,"Pharmacy, Health & Medical",43.6308387,-79.5757084,Markland Wood Pharmacy,3,3.5,0,0,0,0,0,0,1,0,0,0,0,0,0,0,0,0,0,0,0,0,0,0,0,0,0,0,0,0,0,0
TR6vgFkV1RNv7uPyOSBzjw,"Tapas/Small Plates, Restaurants, Food, Beer, Wine & Spirits, Nightlife, Bars",43.658735,-79.4399985,The Four Seven,30,4.5,0,0,2,0,2,0,0,1,1,0,1,0,1,1,1,1,2,1,0,1,2,2,2,2,1,1,1,0,4,0
UXHlrjrt72KLojnXZsz7gw,"Restaurants, Breakfast & Brunch, Food, Coffee & Tea, Cafes, Bakeries",43.6703244641,-79.3906142287,Höm Cafe,31,4.0,0,0,2,0,0,0,0,2,0,0,0,0,0,1,0,1,0,2,3,1,2,2,1,2,2,0,2,3,5,0
UdBOTGSbC6VOhUg6l9OwXA,"Pubs, Nightlife, Bars, Sandwiches, Canadian (New), Seafood, Burgers, Restaurants",43.6440703,-79.4480422,Gabby's Roncesvalles,15,3.0,0,0,2,0,2,0,0,1,0,0,0,0,0,2,0,2,2,2,3,2,2,2,2,0,2,0,0,3,6,0
VqLd9AdsnhHA97j3xqVvKw,"Carpet Cleaning, Dry Cleaning & Laundry, Local Services, Laundry Services, Laundromat, Sewing & Alterations",43.6497038773,-79.3661447951,St Lawrence Super Coin Laundry,8,4.5,0,0,0,0,2,0,0,0,0,0,0,0,0,0,0,0,0,0,1,0,0,1,0,0,0,0,0,1,0,0
XZF4Zqpib4CIvIZbgpIfdw,"Beauty & Spas, Massage Therapy, Massage, Chiropractors, Weight Loss Centers, Body Contouring, Health & Medical, Counseling & Mental Health, Acupuncture",43.7829926289,-79.4314956665,Toronto Weight Loss and Wellness Clinic,3,3.5,0,0,0,0,2,0,2,0,0,0,0,0,0,0,0,0,0,0,0,0,0,2,0,0,0,0,0,0,0,0
Y298iYkmE7WbL60XprzIiA,"IT Services & Computer Repair, Local Services, Shopping, Computers",43.6576902334,-79.4005043996,Jump+,33,2.5,0,0,0,0,2,0,0,0,0,0,0,0,0,0,0,0,0,0,0,0,0,3,0,0,0,0,2,0,2,0
ZB4LQXF_O6WWbyGBVSw34Q,"Nightlife, Sports Bars, Bars",43.6765767,-79.3563347,Terri O's Sports Bar & Grill,3,2.5,0,0,2,0,0,0,0,0,0,0,0,0,0,0,0,2,0,2,0,0,2,1,0,0,0,0,0,0,0,0
ZyS5VIWXTQoqMfuv3UgtcQ,"Italian, Pizza, Restaurants",43.6576309,-79.4530491,Amato Real Pizza,20,2.5,0,0,0,0,2,0,0,1,0,0,0,0,0,2,0,0,0,1,3,2,1,1,0,0,2,0,0,3,0,0
Zzk0W6DIiJdap3Z64QMa8A,"Hardware Stores, Shopping, Home & Garden",43.6709161,-79.4257733,New Canadians Lumber & Building Supplies,14,2.5,0,0,0,0,2,0,0,0,0,0,0,0,0,0,0,0,0,0,0,0,0,2,0,0,0,0,0,0,0,0
_SOMIDltWmHNs_iLgxucdg,"Bridal, Shopping",43.6998795,-79.4318185,Valencienne Bridal,3,5.0,0,0,0,0,0,0,2,0,0,0,0,0,0,0,0,0,0,0,0,0,0,3,0,0,0,0,0,0,0,0
_l3nxDFpmLUMxCQrz1LfBQ,"Breakfast & Brunch, Nightlife, Restaurants, Bars, Food, Coffee & Tea",43.6472567,-79.4025637,Early Bird Coffee & Kitchen,260,4.0,0,0,1,0,2,0,1,1,1,0,1,0,1,1,0,1,2,2,1,1,2,2,1,1,2,0,0,1,25,1
bsi4GYBKGhl4t4PebJQ8Yg,"Festivals, Arts & Entertainment",43.6465174,-79.3872066,Canada's Coconut Festival,4,4.0,0,0,0,0,0,0,0,0,0,0,0,0,0,2,0,0,0,0,0,0,0,0,0,0,0,0,0,0,0,0
e-aSY_ggUWmnYjR3rYQGlA,"Tattoo, Piercing, Beauty & Spas",43.7085354,-79.3906491,Chronic Ink,33,3.0,0,0,0,0,1,0,1,0,0,0,0,0,0,0,0,0,0,0,3,0,0,3,0,0,0,0,2,3,3,0
eaCsREjxLxLoEL0G1eZkpA,"Gelato, Bakeries, Coffee & Tea, Food",43.6501686,-79.4816936,Koffea Espresso Bar,6,4.5,0,0,0,0,0,0,0,0,0,0,0,0,0,0,0,0,0,2,0,0,0,2,0,0,2,0,0,0,1,0
fv9p-EsIt6QWGujdL7qMnQ,"Shopping, Computers",43.6249005,-79.5581609,Cdw Canada,3,1.0,0,0,0,0,0,0,0,0,0,0,0,0,0,0,0,0,0,0,0,0,0,0,0,0,0,0,0,0,0,0
gWUIFWzzXSZHab1r7pbP2g,"Makeup Artists, Cosmetics & Beauty Supply, Beauty & Spas, Shopping",43.6692904,-79.390531,M·A·C Pro Bloor,13,4.0,0,0,0,0,0,0,1,0,0,0,0,0,0,0,0,0,0,0,0,0,0,2,0,0,0,0,0,0,1,0
gmzyzRUaBKRR0RnSrAu1PQ,"Massage Therapy, Health & Medical, Massage, Reflexology, Beauty & Spas, Acupuncture",43.6010463,-79.5326841,Basic Kneads Massage Therapy & Wellness Centre,3,4.5,2,0,0,0,2,0,2,0,0,0,0,0,0,0,0,0,0,0,1,0,0,0,0,0,0,0,1,1,0,0
hDmaa25ziKI-3bBcUF3A4g,"Arts & Entertainment, Bars, Music Venues, Sports Bars, Nightlife, Restaurants",43.6452325,-79.383897,The Antler Room,12,3.5,0,0,2,0,1,0,0,0,0,0,0,0,0,1,1,2,4,1,1,0,2,2,1,0,0,0,0,1,1,0
hX8XeGwSxGgEatWt_ISywA,"Pizza, Restaurants",43.6653857,-79.4705236,Domino's Pizza,7,2.5,0,0,0,0,0,0,0,0,0,0,0,0,0,0,0,2,0,1,0,2,1,1,1,0,2,0,0,0,1,0
hwI6jmzI7lDMiT4lInQ18g,"Shopping, Jewelry",43.6812,-79.429405,Amalia Jewellers,4,5.0,0,0,0,0,0,0,1,0,0,0,0,0,0,0,0,0,0,0,0,0,0,2,0,0,0,0,0,0,0,0
ieN6CyuGNnkOR0955vkoxg,"Middle Eastern, Mediterranean, Restaurants",43.7361886571,-79.3079665145,Osmow's,16,3.0,0,0,0,0,0,0,0,0,0,0,0,0,0,2,0,0,0,0,0,1,2,0,1,0,2,0,0,0,4,0
j8_LYX2Zv8wiljP_QMbh0Q,"Acupuncture, Physical Therapy, Skin Care, Massage Therapy, Health & Medical, Beauty & Spas, Massage, Chiropractors",43.6808787,-79.4300067,Yellow Gazebo Natural Health Care,11,4.5,0,0,0,0,2,0,2,0,0,0,0,0,0,0,0,0,0,0,0,0,0,2,0,0,0,0,0,0,0,0
jHKSB6N5kQwCv6om6x4aaQ,"Auto Upholstery, Windshield Installation & Repair, Furniture Reupholstery, Auto Glass Services, Local Services, Automotive",43.6515178,-79.4453583,Manny's Auto Trim & Glass,5,3.5,0,0,0,0,0,0,0,0,0,0,0,0,0,0,0,0,0,0,0,0,0,0,0,0,0,0,0,0,2,0
kMgdZVLzAXM1JQwFsPXIlg,"Restaurants, Indian, Food, Ethnic Food, Specialty Food",43.6644362,-79.380259,Indian Roti House,35,3.5,0,0,0,0,2,0,0,2,0,0,0,0,0,2,0,2,2,1,1,2,1,2,1,1,2,0,0,1,1,0
lB3luPvPfKcEDdA6mPxXgw,"Event Planning & Services, Hotels, Hotels & Travel",43.6391107,-79.4465075,Howard Johnson by Wyndham Toronto Downtown West,8,1.5,0,0,0,0,0,0,0,0,0,0,0,0,0,0,0,0,0,0,3,0,0,2,0,0,0,0,0,3,1,0
mzi5MTWVbQoiSyGykqpd5Q,"Health & Medical, Optometrists",43.6827429,-79.4183134,"Modupe M Oladeji, OD",4,3.5,0,0,0,0,0,0,1,0,0,0,0,0,0,0,0,0,0,0,0,0,0,0,0,0,0,0,0,0,0,0
o6Yor6ofIw2TqM3mN28Kzg,"Restaurants, Latin American, Mexican",43.6637372,-79.4169128,Tacos El Asador,282,4.0,0,0,2,0,2,0,0,1,0,0,0,0,0,2,0,2,2,1,1,1,1,1,1,0,2,0,0,1,41,0
onCx6Ye5IwD07emyj-VLrg,"Southern, Food, Food Trucks, Restaurants, Barbeque",43.6695491216,-79.3021431193,Hogtown Smoke In the Beach,172,3.5,0,0,2,0,2,0,0,2,0,0,0,0,0,2,0,2,2,2,3,2,2,2,2,2,2,0,0,3,14,0
r9wddEuHN3q0LHTzlI-_pQ,"Men's Clothing, Women's Clothing, Shopping, Fashion",43.7247752,-79.4553801,Topshop,7,2.5,0,0,0,0,2,0,0,0,0,0,0,0,0,0,0,0,0,0,0,0,0,2,0,0,0,0,0,0,0,0
ri18gA4JYoqXZzn5Mc7hDQ,"Local Services, Printing Services",43.6502012,-79.4055276,Hch Lazerman,3,5.0,0,0,0,0,0,0,0,0,0,0,0,0,0,0,0,0,0,0,0,0,0,0,0,0,0,0,0,0,0,0
sruFXlU_fvUVgPxvBzKjaQ,"Sushi Bars, Restaurants",43.6777176,-79.6248197,Bento Sushi,3,2.5,0,0,0,0,0,0,0,0,0,0,0,0,0,0,0,0,0,0,0,0,0,0,0,0,0,0,0,0,0,0
tNvMEaKrgX72-MNxj80egQ,"Bookstores, Books, Mags, Music & Video, Shopping",43.638607,-79.3858871,The Nautical Mind,4,4.0,0,0,0,0,2,0,0,0,0,0,0,0,0,0,0,0,0,0,0,0,0,2,0,0,0,0,0,0,0,0
uRfpuhj488HyolxFIwGc0g,"Doctors, Health & Medical, Dermatologists",43.6504502,-79.3605626,AvantDerm,40,2.5,2,0,0,0,0,0,1,0,0,0,0,0,0,0,0,0,0,0,0,0,0,0,0,0,0,0,0,0,4,0
vbK5Se6m_qY2typy3Rhvug,"Books, Mags, Music & Video, High Fidelity Audio Equipment, Electronics, Shopping, Vinyl Records",43.6441569,-79.4195556,Planet of Sound,9,3.0,0,0,0,0,2,0,0,0,0,0,2,0,0,0,0,0,0,0,0,0,0,3,0,0,0,0,2,0,1,0
vkP0Fo_PBaZ0sHoLRUdVFQ,"Pet Sitting, Pet Groomers, Pets, Pet Services",43.7657102,-79.400687,The Groom Room,10,5.0,0,0,0,0,0,0,0,0,0,0,0,0,0,0,0,0,0,0,0,0,0,0,0,0,0,0,0,0,0,0
vmNreSh6tesfjM7xTuXsmA,"Interior Design, Shades & Blinds, Home Services",43.6740294,-79.3984983,Blinds To Go,25,3.5,0,0,0,0,0,0,1,0,0,0,0,0,0,0,0,0,0,0,0,0,0,0,0,0,0,0,0,0,0,0
wBoyf4Rd5l6kEsSNgeqO2A,"Arts & Entertainment, Venues & Event Spaces, Education, Event Planning & Services, Colleges & Universities, Cinema",43.6672003836,-79.3913928333,Isabel Bader Theatre,6,4.0,0,0,0,0,0,0,0,0,0,0,0,0,0,1,0,0,0,0,0,0,0,0,0,0,0,0,0,0,7,0
wQMw6kc24uUQqqUGxe3Ztg,"Pizza, Restaurants, Gluten-Free, Italian",43.661393,-79.339038,Baldini Restaurant,64,3.5,0,0,2,0,2,0,0,2,0,0,1,0,0,2,0,1,2,1,1,1,2,2,2,2,2,0,1,1,7,0
xFZ6VJiOGzox86Wan-zv2w,"Specialty Schools, Active Life, Yoga, Education, Fitness & Instruction",43.65509,-79.417657,Lotus Yoga Centre,3,4.5,0,0,0,0,0,0,0,0,0,0,0,0,0,1,0,0,0,0,0,0,0,0,0,0,0,0,0,0,0,0
zEBYaZ3qfH-waSHckMKgoQ,"Skin Care, Day Spas, Hair Removal, Beauty & Spas",43.6549067,-79.4207831,Studio Vis A Vis,14,3.5,0,0,0,0,2,0,2,0,0,0,0,0,0,0,0,0,0,0,3,0,0,2,0,0,0,0,0,3,4,0
zIfCWjZ0RAe8YVMSPZdOdA,"Restaurants, Seafood",43.6503918,-79.358722,Pure Spirits Oyster House & Grill,250,3.0,0,0,2,0,2,0,0,2,0,0,0,0,0,2,0,1,2,2,3,1,2,3,2,0,1,0,0,3,36,0
