business_id,categories,latitude,longitude,name,review_count,stars,AcceptsInsurance,AgesAllowed,Alcohol,BYOB,BikeParking,BusinessAcceptsCreditCards,ByAppointmentOnly,Caters,CoatCheck,Corkage,DogsAllowed,DriveThru,GoodForDancing,GoodForKids,HappyHour,HasTV,NoiseLevel,OutdoorSeating,RestaurantsAttire,RestaurantsDelivery,RestaurantsGoodForGroups,RestaurantsPriceRange2,RestaurantsReservations,RestaurantsTableService,RestaurantsTakeOut,Smoking,WheelchairAccessible,WiFi,tips_counter_bz,total_compliments_bz
-EMsVt4XLC5hMmuEVsPCuA,"Contractors, Home Services",43.6811992,-79.3482188,Spencer N Contracting,3,4.5,0,0,0,0,0,0,0,0,0,0,0,0,0,0,0,0,0,0,0,0,0,0,0,0,0,0,0,0,0,0
-LDZmZZnAU8HV06ELGf8HQ,"Florists, Shopping, Flowers & Gifts",43.6782293,-79.3477867,Flox On Danforth,6,4.5,0,0,0,0,2,0,0,0,0,0,0,0,0,0,0,0,0,0,0,0,0,2,0,0,0,0,0,0,0,0
-eIvRc3aEvufstBumpBTPQ,"Physical Therapy, Nutritionists, Massage, Beauty & Spas, Health & Medical",43.639609,-79.3977817,Premium Health Solutions,4,5.0,0,0,0,0,2,0,2,0,0,0,0,0,0,0,0,0,0,0,0,0,0,2,0,0,0,0,0,0,0,0
-vV6ERMhriTFblbvQI2THQ,"Desserts, Food, Fish & Chips, Korean, Restaurants",43.7863191373,-79.4728201255,Snowbowl,7,3.5,0,0,0,0,2,0,0,2,0,0,0,0,0,0,1,1,0,1,3,1,0,0,1,1,2,0,2,3,2,0
0YGrktLekaG39iEWrvAhSw,"Car Rental, Hotels & Travel",43.646094,-79.385661,Alamo Rent A Car,8,4.0,0,0,0,0,0,0,0,0,0,0,0,0,0,0,0,0,0,0,0,0,0,0,0,0,0,0,0,0,0,0
113bHTfB8MZH_8vZLjCZNQ,"Party & Event Planning, Wedding Planning, Event Planning & Services",43.6408455,-79.4143193,Lustre Events,3,5.0,0,0,0,0,0,0,0,0,0,0,0,0,0,0,0,0,0,0,0,0,0,0,0,0,0,0,0,0,0,0
1vBwbEnM65zyxiJZTttMJQ,"Grocery, Food",43.6556221,-79.4498001,Loblaws,15,2.5,0,0,0,0,2,0,0,0,0,0,0,0,0,0,0,0,0,0,0,0,0,2,0,0,2,0,0,0,1,0
3GJG2D4sBDscfH0rZgsbmQ,"Soup, Noodles, Restaurants, Thai",43.66517,-79.4661916,Silk Thai Restaurant,60,3.5,0,0,2,0,2,0,0,2,0,0,0,0,0,2,0,2,1,1,3,2,2,2,2,0,2,0,0,3,12,0
3oWBD0ESOV-_XaUzxGTQ2g,"Movers, Self Storage, Home Services, Local Services",43.685347,-79.3381065,Skyline Moving & Storage,14,1.5,0,0,0,0,0,0,2,0,0,0,0,0,0,0,0,0,0,0,0,0,0,0,0,0,0,0,0,0,0,0
7P7WApj9MaUmN4RbwfA8xQ,"Coffee & Tea, Coffee & Tea Supplies, Tea Rooms, Food",43.6567195211,-79.4360916229,DAVIDsTEA,4,4.0,0,0,0,0,0,0,0,0,0,0,0,0,0,0,0,0,0,1,0,0,0,2,0,0,0,0,0,0,1,0
8ORlluymQPu_l6V0QPJUTA,"Food, Breweries",43.7124011,-79.3121601,Muddy York Brewing,10,5.0,0,0,0,0,2,0,1,1,0,0,2,0,0,0,1,0,0,0,0,0,0,2,0,0,2,0,2,0,1,0
8xNXrvuxz_neYxK4Gm-vUA,"Accessories, Jewelry, Shopping, Fashion",43.6704775,-79.3872779,Obsessions Fashion Accessories,3,4.5,0,0,0,0,0,0,0,0,0,0,0,0,0,0,0,0,0,0,0,0,0,2,0,0,0,0,0,0,0,0
9rj4DdjcpkDkuKJZd-66dQ,"Shopping, Books, Mags, Music & Video, Bookstores, Comic Books, Toy Stores",43.673123,-79.342354,Atomic Age Comics,4,4.0,0,0,0,0,0,0,0,0,0,0,0,0,0,0,0,0,0,0,0,0,0,2,0,0,0,0,0,0,0,0
B13_8wxUtqlnPKA4BCE7GQ,"Toy Stores, Kitchen & Bath, Home Decor, Flowers & Gifts, Fashion, Furniture Stores, Gift Shops, Shopping, Home & Garden, Accessories",43.6403542,-79.4386714,Studio Brillantine,8,3.5,0,0,0,0,2,0,0,0,0,0,0,0,0,0,0,0,0,0,0,0,0,3,0,0,0,0,0,0,1,0
BtODI5vjNY_luIMLF7qqfA,"Hair Salons, Beauty & Spas",43.7315747,-79.4041113,Calia Hair Design,4,4.5,0,0,0,0,2,0,2,0,0,0,0,0,0,2,0,0,0,0,0,0,0,2,0,0,0,0,0,0,0,0
CjwHbQRH7Iiz-qJx5ZRJzA,"Arts & Entertainment, Education, Specialty Schools, Performing Arts, Colleges & Universities",43.663583,-79.41084,Randolph College for the Performing Arts,3,3.5,0,0,0,0,0,0,0,0,0,0,0,0,0,2,0,0,0,0,0,0,0,0,0,0,0,0,0,0,0,0
CtC-zoaZOBjP-z6XM0j5mg,"Beauty & Spas, Tanning, Hair Removal",43.7011011,-79.3973388,Aroma Waxing Clinic,32,3.0,0,0,0,0,2,0,1,0,0,0,0,0,0,0,0,0,0,0,3,0,0,1,0,0,0,0,0,3,3,0
D43MD9IYGB2tnCzmq-MJqA,"Hair Removal, Eyelash Service, Threading Services, Waxing, Beauty & Spas, Skin Care",43.6570855,-79.4054924,Threading Experts,90,4.0,0,0,0,0,2,0,1,0,0,0,0,0,0,0,0,0,0,0,1,0,0,1,0,0,0,0,2,1,6,0
DS2b52h_jVmJqJyk3fqolQ,"Hair Salons, Beauty & Spas, Cosmetics & Beauty Supply, Shopping",43.6805072,-79.2853918,Twin Image Hairdressing,9,4.5,0,0,0,0,2,0,2,0,0,0,0,0,0,2,0,0,0,0,3,0,0,3,0,0,0,0,0,3,1,0
DhW-sbhXhclrqe0qxq5jJQ,"Automotive, Car Dealers",43.7557521,-79.4883898,Montero Auto Centre,3,3.5,0,0,0,0,0,0,0,0,0,0,0,0,0,0,0,0,0,0,0,0,0,0,0,0,0,0,0,0,0,0
Edk25qSih8jLcxBn2Ks9LA,"Specialty Food, Food, Fruits & Veggies",43.6435375,-79.4477342,Ko Fruit Market,3,3.5,0,0,0,0,0,0,0,0,0,0,0,0,0,0,0,0,0,0,0,0,0,0,0,0,0,0,0,0,0,0
EhWdILkqEmz0XNO46LXXdw,"Fireplace Services, Home Services, Architects, Interior Design, Professional Services",43.6968068075,-79.4632613405,Igne Ferro Fireplace Studio,3,2.5,0,0,0,0,0,0,0,0,0,0,0,0,0,0,0,0,0,0,0,0,0,0,0,0,0,0,0,0,0,0
FC1davfOlKxJmfuqto8zOg,"Restaurants, Thai",43.672497,-79.3199624,Sticky Rice Kitchen & Bar,6,4.5,0,0,0,0,0,0,0,0,0,0,0,0,0,0,0,0,0,0,0,0,0,0,0,0,0,0,0,0,0,0
Hg7WkztbSeDlReEdeW0YJw,"Home Services, Contractors",43.6872573,-79.3060167,GTA Bathtub & Tile Reglazing,3,1.0,0,0,0,0,0,0,0,0,0,0,0,0,0,0,0,0,0,0,0,0,0,0,0,0,0,0,0,0,0,0
JUa0LXo0Gldw9qs3Iss7Og,"Health & Medical, Cosmetic Dentists, Periodontists, Endodontists, Dentists, General Dentistry",43.6431189,-79.3757857,Harbour Dental Centre,3,5.0,2,0,0,0,0,0,2,0,0,0,0,0,0,0,0,0,0,0,0,0,0,0,0,0,0,0,0,0,0,0
KE9zSVRiWi0GmZAq5PoimA,"Restaurants, Canadian (New)",43.6597550133,-79.3660517782,Tim Horton's,4,3.0,0,0,0,0,2,0,0,0,0,0,0,0,0,2,0,2,0,1,3,1,2,1,1,0,2,0,0,3,1,0
LXpHtaR1mSgoopDd5dKlEA,"Festivals, Food, Arts & Entertainment, Food Trucks",43.6296356403,-79.4101742501,Food Truck Festival Ontario,3,2.5,0,0,0,0,0,0,0,0,0,0,0,0,0,0,0,0,0,0,0,0,0,0,0,0,0,0,0,0,0,0
OLiq1Ud76KyaBry257YX3w,"Restaurants, Tea Rooms, Food, British, Breakfast & Brunch",43.6493599063,-79.376230079,Victoria's Restaurant,30,3.5,0,0,2,0,2,0,0,1,0,0,0,0,0,1,0,2,1,1,1,1,2,3,2,2,1,0,2,1,2,0
Ph-ZxS3WrhwjlIC07fo-Aw,"Filipino, Restaurants",43.7291571,-79.43248,Bagnet Bros,17,4.0,0,0,0,0,1,0,1,2,0,0,0,0,0,2,1,1,0,1,3,1,2,2,2,2,2,0,1,3,1,0
QFQUOZerot1XLw27fE4aZg,"Financial Services, Banks & Credit Unions",43.6641829,-79.3803223,BMO Bank of Montreal,3,2.5,0,0,0,0,0,0,0,0,0,0,0,0,0,0,0,0,0,0,0,0,0,0,0,0,0,0,0,0,1,0
QpQOnmRwCny0gzPlomaGJg,"Beauty & Spas, Tattoo, Hair Removal, Eyelash Service",43.720401,-79.456382,Eyelash Canada,6,1.5,0,0,0,0,0,0,2,0,0,0,0,0,0,0,0,0,0,0,0,0,0,3,0,0,0,0,0,0,1,0
RTa-ILYfmSCvuCE4gPVakQ,"Food, Coffee & Tea",43.652512,-79.38032,Second Cup,10,3.0,0,0,0,0,1,0,0,0,0,0,0,0,0,0,0,0,0,1,0,0,0,2,0,0,2,0,0,0,1,0
S0ekW-gI5jKtMokyra5oZA,"Indian, Restaurants",43.667422,-79.369103,Suruthi's Take Out & Catering,6,4.0,0,0,0,0,0,0,0,0,0,0,0,0,0,0,0,0,0,0,0,0,0,1,0,0,2,0,0,0,2,0
VdV43zpCxgDpgtZ-dAfnAQ,"Active Life, Fitness & Instruction",43.7010237,-79.4244825,Ultra Violet Pole Fitness,3,3.5,0,0,0,0,2,0,2,0,0,0,0,0,0,2,0,0,0,0,0,0,0,0,0,0,0,0,0,0,0,0
WF067eOghIq5_TXrcEPTFw,"Restaurants, Caribbean, Food",43.6475489,-79.4031942,Pat's Homestyle Jamaican Restaurant,84,3.5,0,0,0,0,2,0,0,2,0,0,0,0,0,2,0,1,1,1,1,1,1,1,1,0,2,0,0,1,13,0
YjyQlqHoB3Q9ysJGXiJuLA,"Event Planning & Services, Amateur Sports Teams, Venues & Event Spaces, Arts & Entertainment, Party & Event Planning, Archery, Nightlife, Sports Bars, Axe Throwing, Bars, Active Life, Sports Clubs, Recreation Centers",43.6474442,-79.3517566,BATL - The Backyard Axe Throwing League,47,4.5,0,0,2,0,2,0,0,0,0,0,0,0,0,1,0,2,0,0,0,0,0,0,2,0,0,0,2,0,2,0
_o2fJBcVgLpy-L970Y7qYQ,"Fast Food, Thai, Restaurants",43.6558353,-79.3881303,Thai Express,13,2.5,0,0,0,0,0,0,0,0,0,0,0,0,0,2,0,0,0,0,0,1,1,2,1,0,2,0,0,0,1,0
abO4gvGKB0aVjsrXHlgeFg,"Ramen, Japanese, Restaurants, Fish & Chips",43.6145094,-79.4974328,Nobuya,182,4.0,0,0,0,0,2,0,0,1,0,0,1,0,0,2,1,2,1,2,3,1,2,2,1,2,2,0,2,3,25,0
b4Nquf0oFdXjrJJJo-cElQ,"Beer, Wine & Spirits, Food",43.7293243094,-79.2921903107,LCBO,5,3.0,0,0,0,0,2,0,0,1,0,0,0,0,0,0,0,0,0,0,0,0,0,2,0,0,1,0,0,0,1,0
b4XJatyFeCNAemIyF3K4Og,"Grocery, Specialty Food, Meat Shops, Food, Butcher",43.6765572,-79.3559501,The Meat Department,18,4.5,0,0,0,0,2,0,1,0,0,0,0,0,0,0,0,0,0,0,0,1,0,3,0,0,2,0,0,0,0,0
bOKSxyd1vPwAFpWvRDcEhA,"Home Services, Water Purification Services",43.7649776649,-79.4772206247,Home Water,3,1.0,0,0,0,0,0,0,0,0,0,0,0,0,0,0,0,0,0,0,0,0,0,0,0,0,0,0,0,0,0,0
cHV8yyShMJxn_EJue9IBag,"Clock Repair, Professional Services, Watch Repair, Local Services",43.7604949,-79.5504673,The Empire Group,3,3.5,0,0,0,0,0,0,0,0,0,0,0,0,0,0,0,0,0,0,0,0,0,0,0,0,0,0,0,0,0,0
cen0cy8yRG4DQSR_8xcupQ,"Middle Eastern, Falafel, Mediterranean, Restaurants",43.6498611953,-79.4826032879,Falafel World,72,4.0,0,0,0,0,2,0,0,2,0,0,0,0,0,2,0,2,2,2,1,1,2,1,1,1,2,0,0,1,10,0
cpb2cWZZDiPQTWS8BbmyZw,"Restaurants, Pizza, Italian, Chicken Wings",43.6896094,-79.3944095,Pizza Pizza,3,2.5,0,0,0,0,0,0,0,0,0,0,0,0,0,2,0,0,0,0,3,2,1,2,1,0,2,0,0,3,2,0
d8w-FixIyzsSST3ULUiFhA,"Body Shops, Auto Repair, Automotive",43.6598095,-79.444552,Frank's Auto Collision,3,1.0,0,0,0,0,0,0,0,0,0,0,0,0,0,0,0,0,0,0,0,0,0,0,0,0,0,0,0,0,0,0
dSH2I53Bd4yhN2RL2gIdrg,"Fitness & Instruction, Massage Therapy, Pilates, Massage, Active Life, Yoga, Reiki, Beauty & Spas, Health & Medical",43.6771759,-79.4473146,Mindful Body Works Yoga Studio,7,4.0,0,0,0,0,2,0,1,0,0,0,0,0,0,1,0,0,0,0,0,0,0,0,0,0,0,0,1,0,0,0
disvzY0Z-E2QF4O2mwVTCg,"Nightlife, Pubs, Bars",43.6808548,-79.4305171,Tap Works Pub - Toronto,15,4.0,0,0,2,0,0,0,1,0,0,0,0,0,0,0,0,2,0,0,3,0,1,0,2,0,0,0,1,3,1,0
fS0P_JtKj4ApNBtCrj-V3w,"Coffee & Tea, Food, Caterers, Event Planning & Services",43.6817952,-79.3911432,To Go Foodbar,3,2.5,0,0,0,0,0,0,0,0,0,0,0,0,0,0,0,0,0,1,1,0,0,2,0,0,0,0,0,1,2,0
fna-3NPSyelGAdK1B7hmWw,"Gyms, Active Life, Martial Arts, Fitness & Instruction",43.6663941,-79.3426678,Primal MMA Academy,5,4.5,0,0,0,0,2,0,0,0,0,0,0,0,0,2,0,0,0,0,0,0,0,0,0,0,0,0,0,0,0,0
gbj8tG5T1oRL5trjGeoT-A,"Laundry Services, Local Services, Dry Cleaning, Dry Cleaning & Laundry",43.6553108,-79.4168494,People's Dry Cleaners,4,4.0,0,0,0,0,2,0,0,0,0,0,0,0,0,0,0,0,0,0,1,0,0,2,0,0,0,0,0,1,0,0
imhibWA4C4M7drQSeZZU9g,"Arts & Entertainment, Cinema",43.6466098,-79.3903459,TIFF Bell Lightbox,72,4.0,0,0,0,0,0,0,1,0,0,0,1,0,0,2,0,0,0,0,3,0,0,0,0,0,0,0,0,3,55,2
k6mO6XUiWs3jPnWbxADUzw,"Food, Coffee & Tea",43.6986585571,-79.4623017085,Starbucks,6,1.5,0,0,0,0,2,2,0,1,0,0,0,0,0,0,0,0,0,1,3,0,0,2,0,0,2,0,0,3,0,0
mES9E5K4HbYoPFXGv0pUuw,"Food, Restaurants, Ethnic Food, Specialty Food, Mexican",43.6653391464,-79.3844996651,Como En Casa,218,4.0,0,0,1,0,2,0,0,2,0,0,0,0,0,2,0,2,2,1,3,1,2,1,1,0,2,0,0,3,22,1
mN0bCGteXHDpUzH2xqrABQ,"Bakeries, Food",43.6506243,-79.4793603,Bake Sale,20,4.0,0,0,0,0,2,0,0,0,0,0,0,0,0,0,0,0,0,0,0,0,0,2,0,0,2,0,0,0,2,0
nC7uImTpwCgL8svHXTYPpQ,"Hair Removal, Waxing, Beauty & Spas, Nail Salons",43.6707045,-79.2968558,Fresh Nails,16,3.5,0,0,0,0,2,0,1,0,0,0,0,0,0,0,0,0,0,0,0,0,0,1,0,0,0,0,0,0,7,0
nj72DBEsz68JvB0y3lnySA,"Mobile Phones, Electronics, Shopping",43.6602577,-79.3283292,The Mobile Shop At Loblaws,3,3.5,0,0,0,0,2,0,0,0,0,0,0,0,0,0,0,0,0,0,0,0,0,0,0,0,0,0,0,0,0,0
o730cceIPsCPmYAps0okww,"Nightlife, Filipino, Bars, Dance Clubs, Restaurants, Karaoke",43.766258523,-79.4674959406,Prestige By Night,5,2.0,0,0,2,0,0,0,0,0,0,0,0,0,2,0,0,2,0,0,0,0,2,2,2,0,0,0,0,0,0,0
pRmxTNwsEXU3n5C0qBNvNQ,"Auto Detailing, Automotive, Car Wash",43.7051418,-79.3129726,Car Spa,9,2.0,0,0,0,0,0,0,0,0,0,0,0,0,0,0,0,0,0,0,0,0,0,0,0,0,0,0,0,0,1,0
q3uuXi_U-Jqxsk5Nx1Iomw,"Pizza, Restaurants, Italian",43.616765,-79.488022,FBI PIZZA,107,3.5,0,0,2,0,2,0,0,2,0,0,0,0,0,2,0,2,2,2,3,2,2,2,1,0,2,0,0,3,20,0
q9VhMTt0lTnKj39x5yqD0w,"Chocolatiers & Shops, Specialty Food, Candy Stores, Food, Imported Food",43.6703807,-79.2974408,Nutty Chocolatier,25,3.5,0,0,0,0,2,0,0,1,0,0,0,0,0,0,0,0,0,0,0,0,0,2,0,0,1,0,0,0,2,0
qyfRWnz7tVDaX7aH0IDLQw,"Food, Grocery",43.7035331,-79.3748021,Tremblett's Valu-Mart,4,3.5,0,0,0,0,2,0,0,2,0,0,0,0,0,0,0,0,0,0,0,0,0,1,0,0,2,0,0,0,1,0
rFay7nyXCrocFPsyb0hpOQ,"Bars, Gastropubs, Diners, Nightlife, American (Traditional), Cocktail Bars, Restaurants, Food, Specialty Food, Wine Bars, Lounges, Breakfast & Brunch, Canadian (New)",43.6481585463,-79.5084975176,Table 21 Kitchen & Wine Bar,19,3.5,0,0,2,0,2,0,0,2,1,0,1,0,1,2,1,2,3,2,3,1,2,2,2,2,2,1,2,3,0,0
sPTNP7VWWtLzXAytd6TSpA,"Home Cleaning, Home Services",43.653226,-79.3831843,Envirotek Home Care,3,1.0,0,0,0,0,0,0,0,0,0,0,0,0,0,0,0,0,0,0,0,0,0,0,0,0,0,0,0,0,0,0
sQDcMkGYEFWoWf88COYCIw,"Nightlife, Bars",43.682883,-79.326965,Mom's Basement,3,5.0,0,0,0,0,0,0,0,0,0,0,0,0,0,0,0,0,0,0,0,0,0,0,0,0,0,0,0,0,0,0
uo1PrbIY5KujKXtOtW40-A,"Art Galleries, Arts & Entertainment, Shopping",43.6661198,-79.4499124,Angell Gallery,4,4.5,0,0,0,0,0,0,0,0,0,0,0,0,0,0,0,0,0,0,0,0,0,0,0,0,0,0,0,0,0,0
v3O_Pwk3-RYQbm4jAB9XbA,"Shopping, Jewelry",43.64842,-79.3819,Swarovski Canada,3,3.0,0,0,0,0,0,0,0,0,0,0,0,0,0,0,0,0,0,0,0,0,0,0,0,0,0,0,0,0,1,0
wh_td2_DBlD4KnFgFevW4A,"Diners, Restaurants, Cafes",43.6375567,-79.4563771,Sunnyside Pavilion Cafe,50,3.0,0,0,2,0,2,0,0,0,0,0,0,0,0,2,0,2,2,2,1,1,2,2,2,2,1,0,0,1,5,0
xUWCmzPiH1qHzu1lA3PCmA,"Beauty & Spas, Day Spas",43.6497327222,-79.3803627044,Purebeauty Salon & Spa,4,4.0,0,0,0,0,0,0,2,0,0,0,0,0,0,0,0,0,0,0,0,0,0,3,0,0,0,0,0,0,0,0
xUqvdu8BqEFRx2YDW4cbDw,"Shopping, Office Equipment",43.6543715,-79.4514901,Oakwood Office Supplies,7,1.0,0,0,0,0,1,0,0,0,0,0,0,0,0,0,0,0,0,0,0,0,0,0,0,0,0,0,0,0,0,0
xthPwYusyF7mE2SO61lZTA,"Restaurants, Burgers, Vietnamese, Food, Grocery, Breakfast & Brunch, Diners, Sandwiches",43.6439259,-79.4088666,UFO Restaurant,39,4.0,0,0,0,0,2,0,1,2,0,0,1,1,0,1,1,2,1,2,3,1,1,1,2,2,2,0,2,3,11,0
y7tDTX4WWAvLxwqAMs9D_g,"Restaurants, Burgers, Fast Food, Coffee & Tea, Food",43.6449355,-79.386151,McDonald's,8,2.5,0,0,0,0,2,0,0,0,0,0,0,0,0,2,0,2,0,1,0,1,2,1,1,0,2,0,0,0,0,0
ylDeErfIN72xikRroqYQng,"Bars, Pubs, American (Traditional), Cocktail Bars, Beer Bar, Nightlife, Restaurants",43.6431407,-79.4249864,Death & Taxes Free House,27,4.0,0,0,2,0,0,0,0,0,0,0,0,0,0,1,0,2,0,2,0,1,2,2,1,0,2,0,0,0,2,0
ypvDRtvJV3CVJcmj4xDYVw,"Food, Indian, Restaurants",43.672085,-79.3220862,Nitya Restaurant,3,3.5,0,0,2,0,0,0,0,0,0,0,0,0,0,2,0,2,3,1,3,2,2,2,0,0,2,0,0,3,0,0
