business_id,categories,latitude,longitude,name,review_count,stars,AcceptsInsurance,AgesAllowed,Alcohol,BYOB,BikeParking,BusinessAcceptsCreditCards,ByAppointmentOnly,Caters,CoatCheck,Corkage,DogsAllowed,DriveThru,GoodForDancing,GoodForKids,HappyHour,HasTV,NoiseLevel,OutdoorSeating,RestaurantsAttire,RestaurantsDelivery,RestaurantsGoodForGroups,RestaurantsPriceRange2,RestaurantsReservations,RestaurantsTableService,RestaurantsTakeOut,Smoking,WheelchairAccessible,WiFi,tips_counter_bz,total_compliments_bz
-QC1djof_gLKvJHPLn38jw,"Candy Stores, Specialty Food, Food",43.8262252808,-79.3063049316,Yummie,7,4.0,0,0,0,0,0,0,0,0,0,0,0,0,0,0,0,0,0,0,0,0,0,1,0,0,2,0,0,0,1,0
0mAc-0zaApoDuXvfh9hboA,"Doctors, Physical Therapy, Health & Medical, Sports Medicine, Chiropractors",43.6507702,-79.4786497,Pivot Sport Medicine & Orthopaedics,13,3.0,2,0,0,0,0,0,2,0,0,0,0,0,0,0,0,0,0,0,1,0,0,0,0,0,0,0,0,1,2,0
12yGJ-rF6MUtGuz8Whny5g,"Skin Care, Tattoo, Permanent Makeup, Waxing, Makeup Artists, Hair Salons, Hair Removal, Eyebrow Services, Hair Extensions, Hair Loss Centers, Eyelash Service, Beauty & Spas",43.6443733,-79.3994484,Unyozi Beauty,7,3.0,0,0,0,0,2,0,2,0,0,0,0,0,0,0,0,0,0,0,3,0,0,2,0,0,0,0,1,3,0,0
2eNoLBKdJaQE_psoOyekeQ,"Coffee & Tea, Food",43.6473247,-79.4438787,Sunny Joe's Cafe,12,3.5,0,0,0,0,0,0,0,0,0,0,0,0,0,0,0,0,0,2,0,0,0,1,0,0,0,0,0,0,0,0
3Nw_mnpdpqtAJ5bRt0jsvw,"Food, Event Planning & Services, Hotels & Travel, Hotels, Canadian (New), Coffee & Tea, Day Spas, American (New), Beauty & Spas, Restaurants, Steakhouses",43.6688084,-79.3905524,Windsor Arms Hotel,54,3.0,0,0,2,0,0,0,1,2,0,0,0,0,0,1,0,1,2,2,3,1,2,3,2,0,1,0,0,3,12,0
3VHJGvjHeEki7Hiyt-Hv5g,"Food, Restaurants, Desserts, Fast Food",43.639764,-79.380074,BeaverTails,70,4.0,0,0,0,0,2,0,0,0,0,0,0,1,0,2,0,2,2,2,1,1,1,1,1,0,2,0,0,1,9,0
3jD0XUCg78mNWq087QuuuQ,"Traditional Chinese Medicine, Acupuncture, Health & Medical, Beauty & Spas, Massage, Massage Therapy",43.6803492796,-79.290930207,"JoAnn L Alafriz, BSc R.Ac",4,5.0,2,0,0,0,2,0,2,0,0,0,0,0,0,0,0,0,0,0,0,0,0,2,0,0,0,0,2,0,0,0
49yaCIJ1L__nh4KpPVKs7g,"Naturopathic/Holistic, Acupuncture, Nutritionists, Doctors, Health & Medical, Aestheticians, Medical Spas, Beauty & Spas, Traditional Chinese Medicine",43.6621746,-79.3817718,Timeless Health Clinic,5,3.5,0,0,0,0,0,0,2,0,0,0,0,0,0,0,0,0,0,0,3,0,0,0,0,0,0,0,0,3,1,0
4KPp6fLU8WJHJ63bxSb3Ww,"Comfort Food, Japanese, Restaurants, Hungarian",43.6657944,-79.4090389,Country Style Hungarian Restaurant,115,3.5,0,0,1,0,2,0,0,1,0,0,0,0,0,2,0,1,2,1,1,1,2,2,2,0,2,0,0,1,9,0
5uhmc70xkoPZ53hTg4GxIQ,"Hair Salons, Beauty & Spas",43.790302,-79.1957593,Young Trend Hair Studio,6,4.0,0,0,0,0,0,0,0,0,0,0,0,0,0,0,0,0,0,0,0,0,0,0,0,0,0,0,0,0,0,0
6K3Ec0CrOgtoQrm5V2U3RA,"Food, Ice Cream & Frozen Yogurt",43.7205139835,-79.599811116,Sweet Jesus,5,3.0,0,0,0,0,0,0,0,0,0,0,0,0,0,0,0,0,0,0,0,0,0,0,0,0,0,0,0,0,0,0
87f7Xzm-P4bJUfBsWDLW7w,"Coffee & Tea, Food",43.6487437,-79.3851654,Second Cup,4,2.5,0,0,0,0,2,0,0,1,0,0,0,0,0,0,0,0,0,1,3,0,0,1,0,0,2,0,0,3,2,0
8aqKdf4G4AAir8k_Kdslvg,"Medical Centers, Health & Medical",43.6484129,-79.3832139,Integra Health Centre,22,3.0,2,0,0,0,0,0,2,0,0,0,0,0,0,0,0,0,0,0,0,0,0,0,0,0,0,0,0,0,1,0
9-V78TIB7nFc_uIYI__ngw,"Food, Juice Bars & Smoothies",43.6579147,-79.399326,Booster Juice,6,3.5,0,0,0,0,2,0,0,1,0,0,1,0,0,0,0,0,0,0,1,0,0,2,0,0,2,0,0,1,3,0
AZB4eddtfB90vyoB1o5N2g,"Pizza, Chicken Wings, Restaurants, Italian, Food, Food Delivery Services, Breakfast & Brunch",43.7048838514,-79.4929611762,Pizza Hut,3,2.5,0,0,0,0,0,0,0,1,0,0,0,0,0,2,0,1,2,1,1,2,2,2,1,0,2,0,0,1,2,0
DtzDpAflD41-rI6njywacw,"Pizza, Restaurants, Food",43.7097839401,-79.3988528475,Gino's Pizza & Wing Machine,10,2.5,0,0,0,0,0,0,0,0,0,0,0,0,0,2,0,2,0,1,0,2,2,1,1,0,2,0,0,0,2,0
E-vu0s9o0AUcWZPRENEEeg,"Drugstores, Shopping, Pharmacy, Health & Medical, Beauty & Spas, Cosmetics & Beauty Supply",43.7840839,-79.2892899,Shoppers Drug Mart,4,2.5,0,0,0,0,2,0,0,0,0,0,0,0,0,0,0,0,0,0,0,0,0,2,0,0,0,0,0,0,4,0
FH6vEDg-d2WKX2miSuGzUA,"Health & Medical, Beauty & Spas, Medical Spas, Skin Care, Laser Hair Removal, Hair Removal",43.6713528,-79.3909664,NEW YOU Med Spa,6,3.0,0,0,0,0,2,0,1,0,0,0,0,0,0,0,0,0,0,0,3,0,0,3,0,0,0,0,1,3,0,0
Ft060vaLmEQqHxVBK_6kkA,"Imported Food, Dim Sum, Restaurants, Ethnic Food, Barbeque, Specialty Food, Food, Chinese",43.7857392633,-79.3521449783,Hung Fok BBQ Gourmet,5,4.0,0,0,0,0,0,0,0,0,0,0,0,0,0,0,0,0,0,0,0,0,0,0,0,0,0,0,0,0,4,0
G5fRwZ8yqcT13q6ywcgChQ,"Printing Services, Local Services",43.612795,-79.540695,Mr Printer and Mr Signs,7,3.5,0,0,0,0,0,0,0,0,0,0,0,0,0,0,0,0,0,0,0,0,0,0,0,0,0,0,0,0,0,0
GKEl7LNGUqJiQWNQ0vpH8Q,"American (Traditional), Bars, Restaurants, Comfort Food, Canadian (New), Nightlife",43.7779833329,-79.2553388381,Milestones Restaurants,92,3.0,0,0,2,0,2,0,0,1,0,0,0,0,1,2,2,2,2,2,3,1,2,2,2,0,2,0,0,3,6,0
IVw01A-NclwTOkYXEoV25Q,"Desserts, Food",43.6635392,-79.3296125,It's the Icing On the Cake,15,3.0,0,0,0,0,2,0,0,0,0,0,0,0,0,0,0,0,0,0,0,0,0,2,0,0,2,0,0,0,0,0
Ija9-NDrEVWG69t262mnvg,"Sewing & Alterations, Local Services, Dry Cleaning & Laundry, Laundry Services",43.6535733,-79.3900253,Village Custom Cleaners,4,5.0,0,0,0,0,2,0,0,0,0,0,0,0,0,0,0,0,0,0,1,0,0,2,0,0,0,0,0,1,2,0
JEVDNF6r9-nNdX9DtiJYFA,"Restaurants, Chicken Wings, Pizza",43.6531916,-79.5731185,Little Caesars,5,2.5,0,0,0,0,1,0,0,1,0,0,0,0,0,2,0,2,2,1,1,1,1,1,1,1,2,0,0,1,5,1
K8Tt6My1mTUsDB6fLhsqpA,"Dermatologists, Health & Medical, Doctors",43.6686587,-79.395839,Curtis Anne,4,3.0,0,0,0,0,0,0,0,0,0,0,0,0,0,0,0,0,0,0,0,0,0,0,0,0,0,0,0,0,0,0
O4aaSHOq5x8c4f19Ml0vAQ,"Sandwiches, Restaurants",43.6392048,-79.4272242,Quiznos,3,3.0,0,0,0,0,2,0,0,0,0,0,0,0,0,2,0,2,0,0,3,0,2,2,1,0,2,0,0,3,0,0
O4tQSOZIfuJLgyXNd8vN-Q,Public Services & Government,43.6525484,-79.3862829,Superior Court of Justice,7,3.0,0,0,0,0,0,0,0,0,0,0,0,0,0,0,0,0,0,0,0,0,0,0,0,0,0,0,0,0,4,0
OrGGV05yjScIPekmZkEwXg,"Emergency Pet Hospital, Veterinarians, Pet Services, Pets",43.6740354467,-79.3896922979,Veterinary Emergency Clinic,59,3.0,0,0,0,0,0,0,0,0,0,0,0,0,0,0,0,0,0,0,0,0,0,0,0,0,0,0,0,0,8,0
Payl1AoDwqT3TYbZ9eZKMQ,"Nail Salons, Beauty & Spas",43.6996942,-79.4323793,Anna Pretty Nails,5,3.0,0,0,0,0,0,0,1,0,0,0,0,0,0,0,0,0,0,0,0,0,0,3,0,0,0,0,0,0,0,0
QRGs0zVJ5NiNgMq3PwcefA,"Restaurants, Chinese",43.6575942832,-79.3824705854,Zhang's Kitchen,4,4.0,0,0,0,0,0,0,0,0,0,0,0,0,0,0,0,0,0,0,3,1,0,0,0,0,2,0,0,3,1,0
RPmgVYvtqg2MaKYSxUrchQ,"Sandwiches, Coffee & Tea, Desserts, Breakfast & Brunch, Food, Restaurants, Cafes",43.6712556,-79.3467092,Riverdale Perk Cafe,36,4.0,0,0,0,0,2,0,0,2,0,0,0,0,0,2,0,1,4,2,3,1,2,2,2,0,2,0,0,3,9,0
R__NLOqjUlw8qf12KD-I5A,"Food, Bakeries, Restaurants, Chinese",43.654353,-79.3983037,Ding Dong Pastries,87,3.5,0,0,0,0,2,0,0,1,0,0,0,0,0,2,0,2,2,1,1,1,1,1,1,1,2,0,0,1,8,0
TFftsYkRIUtdo6ZhRwJ2lQ,"Pizza, Restaurants, Italian",43.6463059,-79.409167,Terroni,353,3.5,0,0,2,0,2,0,0,1,0,0,0,0,0,2,0,2,2,2,1,1,2,2,2,2,2,0,0,1,40,0
TXXWFM2T8AU0sY5CUTK4_Q,"Laundry Services, Local Services, Dry Cleaning & Laundry",43.6664195,-79.4039092,Nice Cleaners,7,2.0,0,0,0,0,2,0,0,0,0,0,0,0,0,0,0,0,0,0,1,0,0,3,0,0,0,0,0,1,0,0
UQ31DsMtbeRqHWtMnmaI7w,"Shopping, Shoe Stores, Fashion",43.6779769,-79.3505079,Corso Shoes,4,3.5,0,0,0,0,0,0,0,0,0,0,0,0,0,0,0,0,0,0,0,0,0,3,0,0,0,0,0,0,0,0
UkoseRjoLT4K2bEzvmyhYA,"Nightlife, Bars, Restaurants, American (Traditional)",43.6824096,-79.3280496,The Wren,180,4.0,0,0,2,0,2,0,0,1,0,0,0,0,1,2,1,2,2,2,1,1,2,2,1,2,1,0,0,1,21,0
Vx3zDwV6_jB3abXkXK4jiQ,"Middle Eastern, Restaurants",43.7695789367,-79.4127667464,Shawarma Max,22,3.0,0,0,0,0,2,0,0,1,0,0,0,0,0,2,0,2,2,1,1,1,2,1,1,0,2,0,0,1,3,0
WKPFaZnNk-AENeyC3xgjnw,"Shopping, Cosmetics & Beauty Supply, Beauty & Spas",43.7256947579,-79.4526908141,Kiehl's Since 1851,4,3.5,0,0,0,0,0,0,1,0,0,0,0,0,0,0,0,0,0,0,0,0,0,3,0,0,0,0,0,0,0,0
X9RDGGrFlC2yfAZLW_fa3A,"Financial Services, Accountants, Tax Services, Professional Services",43.6904207,-79.2877643,Devis Tax Service,3,5.0,0,0,0,0,0,0,0,0,0,0,0,0,0,0,0,0,0,0,0,0,0,0,0,0,0,0,0,0,0,0
YBQZcnu5AH0vU_tqNUmMeg,"Food, Bubble Tea",43.66557,-79.3847071,Machi Machi,19,3.0,0,0,0,0,0,0,0,0,0,0,0,0,0,0,0,0,0,0,0,0,0,0,0,0,0,0,0,0,0,0
Yw5qYKInQfqekfX1CIxXAA,"Vietnamese, Restaurants, Noodles",43.6662923,-79.4062449,Vietnam Lovely Noodle,35,4.0,0,0,0,0,2,0,0,1,0,0,0,0,0,2,0,2,1,1,3,2,2,2,1,2,2,0,0,3,4,0
Z0ADxJ426PRqqtfofLpDkg,"Food, Desserts, Coffee & Tea",43.6543794,-79.402228,Wrestlers,7,3.0,0,0,0,0,2,0,0,0,0,0,0,0,0,0,0,0,0,2,0,0,0,2,0,0,2,0,0,0,0,0
_AabWM7lBDIl4mjqXJxpig,"Pet Sitting, Pets, Dog Walkers, Pet Boarding, Pet Groomers, Pet Services",43.6662320653,-79.4851552555,The Collar Club,5,4.0,0,0,0,0,0,0,0,0,0,0,0,0,0,0,0,0,0,0,0,0,0,0,0,0,0,0,0,0,0,0
_DIZYiCl-f6SqJVDc7YFaA,"Active Life, Swimming Pools",43.6425662,-79.4092925,Stanley Park Pool,3,3.5,0,0,0,0,0,0,1,0,0,0,0,0,0,2,0,0,0,0,0,0,0,0,0,0,0,0,0,0,0,0
_OEsUL48x59kwbZ_lkWYSg,"Meat Shops, Food, Specialty Food",43.64015,-79.4394508,Cattleman Meatmarket of Parkdale,10,4.5,0,0,0,0,2,0,0,0,0,0,0,0,0,0,0,0,0,0,0,0,0,1,0,0,0,0,0,0,1,0
a-TT5Z1pQ9by_N6JIAWF3w,"Local Flavor, Restaurants, Indian, Yelp Events",43.6508599,-79.3696675,YEE: Gettin' Cozy with Butter Chicken Roti,8,5.0,0,0,0,0,0,0,0,0,0,0,0,0,0,0,0,0,0,0,0,0,0,0,0,0,0,0,0,0,0,0
aX90_UwIeKS6lCaqdY5-CA,"Waxing, Beauty & Spas, Hair Removal, Nail Salons",43.6497693543,-79.4352212548,La Belle Nails and Spa,8,4.0,0,0,0,0,0,0,1,0,0,0,0,0,0,0,0,0,0,0,0,0,0,1,0,0,0,0,0,0,1,0
awbcsO33ZZFBlA-LLAjysA,"Bakeries, Desserts, Food",43.6559281,-79.3839924,Uncle Tetsu's Japanese Bake,97,4.0,0,0,0,0,2,0,0,1,0,0,0,0,0,0,0,0,0,0,0,1,0,2,0,0,2,0,0,0,14,0
b4Fl5D5PbJHU71MvPorHmA,"Comic Books, Bookstores, Toy Stores, Shopping, Books, Mags, Music & Video",43.6116933,-79.557183,Indigo,6,4.0,0,0,0,0,2,0,0,0,0,0,0,0,0,0,0,0,0,0,0,0,0,2,0,0,0,0,0,0,1,0
bWHEOmUbvznUOzDyyoWTnw,"Shopping, Discount Store",43.6858006,-79.3134146,Dollarama,4,4.0,0,0,0,0,2,0,0,0,0,0,0,0,0,0,0,0,0,0,0,0,0,1,0,0,0,0,0,0,2,0
cVpHfy4w06L33nuQKglBnA,"Libraries, Public Services & Government",43.6579668,-79.3983019,Toronto Public Library,12,3.0,0,0,0,0,0,0,0,0,0,0,0,0,0,0,0,0,0,0,3,0,0,0,0,0,0,0,0,3,3,0
ckK6XX0o9xP5cKyAZzZO7w,"Restaurants, Caribbean",43.653423014,-79.4015572643,Maracas,12,4.5,0,0,0,0,0,0,0,0,0,0,0,0,0,0,2,2,0,0,0,0,0,0,0,0,0,0,0,0,2,1
djbs-wYesjZZDSEs4BBCWw,"Beauty & Spas, Hair Removal, Nail Salons, Nail Technicians, Waxing",43.6421186,-79.4016616,Organic Nail Bar,8,4.5,0,0,0,0,0,0,0,0,0,0,0,0,0,0,0,0,0,0,3,0,0,0,0,0,0,0,0,3,0,0
eHXAUcTl0lI3WTF7zoieNQ,"Laundry Services, Local Services, Dry Cleaning & Laundry",43.6749337,-79.4075474,Modern Laundry,7,3.0,0,0,0,0,0,0,0,0,0,0,0,0,0,0,0,0,0,0,0,0,0,2,0,0,0,0,0,0,1,0
fgTeVSSrqqCR1VDWMUgaKw,"Japanese, Restaurants, Tapas Bars, Bars, Nightlife",43.654931,-79.4005976,Koi Koi Saké Bar,42,3.5,0,0,0,0,0,0,0,0,0,0,0,0,0,0,2,0,0,0,0,0,1,0,0,0,0,0,0,0,1,0
fhHJimw9wo_5LH7etPN41Q,"Local Services, Vehicle Shipping, Couriers & Delivery Services, Automotive, Travel Services, Hotels & Travel",43.6429251,-79.3741862,Canada DriveAway,4,3.5,0,0,0,0,0,0,0,0,0,0,0,0,0,0,0,0,0,0,0,0,0,0,0,0,0,0,0,0,0,0
flEnFkUtW5YVowWbenXsSg,"Restaurants, Pakistani, Indian, Halal",43.6562259585,-79.3992109224,Sizzler Kabab,41,3.5,0,0,0,0,2,0,0,2,0,0,0,0,0,2,0,2,2,1,1,2,2,1,1,2,2,0,0,1,3,0
gsqm34KlLnOgo-yNPbZbYw,"Comfort Food, Chicken Wings, Barbeque, Restaurants, American (Traditional)",43.6390936,-79.3862089,Swiss Chalet Rotisserie & Grill,46,2.0,0,0,1,0,2,0,0,2,0,0,0,0,0,2,0,2,2,2,1,2,2,2,2,0,2,0,0,1,12,0
h-0LSvG9jSA_UwyyQi-0NQ,"Animal Shelters, Pets",43.780617,-79.2413862,Toronto Animal Services East Shelter,6,5.0,0,0,0,0,0,0,0,0,0,0,0,0,0,0,0,0,0,0,0,0,0,0,0,0,0,0,0,0,0,0
i-ulGTifwm7rJLjRrVCX_Q,"Health & Medical, Physical Therapy, Acupuncture, Massage Therapy, Sex Therapists, Counseling & Mental Health",43.676621,-79.355422,Proactive Pelvic Health Centre,4,5.0,0,0,0,0,0,0,2,0,0,0,0,0,0,0,0,0,0,0,0,0,0,0,0,0,0,0,0,0,0,0
j28T6ZuP1mLHe3m36COOpQ,"Food, Desserts, Bakeries, Custom Cakes, Macarons, Specialty Food",43.8094524,-79.2902098,Daan Go Cake Lab,237,4.0,0,0,0,0,2,0,0,2,0,0,2,1,0,2,0,0,1,0,0,1,0,2,0,0,2,0,2,0,21,2
jPcu1mNt5ym2Pkwj7-vkBg,"Hair Salons, Hair Extensions, Beauty & Spas",43.6505479,-79.3890672,Toni & Guy Queen,7,3.0,0,0,0,0,2,0,1,0,0,0,0,0,0,2,0,0,0,0,0,0,0,3,0,0,0,0,1,0,1,0
jeCIN5PXGenIVpcqTQMNBA,"Veterinarians, Pets",43.6381221,-79.4181561,Liberty Village Animal Hospital,5,4.0,0,0,0,0,0,0,0,0,0,0,0,0,0,0,0,0,0,0,0,0,0,0,0,0,0,0,0,0,1,0
rYRpX6CSdYfYdQCbKyahxw,"Nail Salons, Beauty & Spas",43.6816602,-79.4260926,Nails For You International,10,2.5,0,0,0,0,2,0,1,0,0,0,0,0,0,0,0,0,0,0,0,0,0,2,0,0,0,0,0,0,0,0
tH4oL8HyMv4wFlKa5wh0SA,"Arts & Entertainment, Supernatural Readings, Psychics",43.6496634,-79.4835209,Psychic Readings By Mrs. Mara,3,2.5,0,0,0,0,0,0,0,0,0,0,0,0,0,1,0,0,0,0,0,0,0,0,0,0,0,0,0,0,0,0
wgemPifyERISruG21Pn4Iw,"Restaurants, Chinese",43.6651778018,-79.3848749756,Spicy Legend,4,2.5,0,0,0,0,0,0,0,0,0,0,0,0,0,0,0,0,0,0,0,0,0,0,2,0,0,0,0,0,0,0
x-38eLYLb2wi3jsbd8QOAg,"Restaurants, Pizza",43.695468,-79.520634,Parma Pizza,21,4.5,0,0,0,0,0,0,0,0,0,0,0,0,0,2,0,2,2,1,0,2,2,1,1,0,2,0,0,0,2,0
xO_2oSQeVFzmHWOkk321BQ,"Restaurants, Pizza",43.6643898,-79.3803681,North of Brooklyn Pizzeria,68,3.0,0,0,0,0,2,0,0,2,0,0,0,0,0,2,0,2,2,1,1,2,1,2,1,1,2,0,0,1,3,0
ySstX0NiVRC7I_x_j_VZHw,"Pubs, Sports Bars, Bars, Nightlife",43.6498379,-79.3739662,Score on King,16,4.0,0,0,0,0,0,0,0,0,0,0,0,0,0,0,0,0,0,2,3,0,2,0,1,0,0,0,2,3,0,0
ytV1TTwGwtBQzRCll9Sn_w,"Accessories, Women's Clothing, Shopping, Fashion",43.7124299,-79.3998294,Tzatz Collection,5,3.0,0,0,0,0,0,0,0,0,0,0,0,0,0,0,0,0,0,0,0,0,0,3,0,0,0,0,0,0,0,0
z57Wq60Z-Loqg2j8_wMyuQ,"Bookstores, Shopping, Books, Mags, Music & Video, Comic Books, Hobby Shops",43.6662398,-79.4069111,Thunderstruck Bookstore,3,3.5,0,0,0,0,2,0,1,0,0,0,0,0,0,0,0,0,0,0,0,0,0,0,0,0,0,0,2,0,0,0
