business_id,categories,latitude,longitude,name,review_count,stars,AcceptsInsurance,AgesAllowed,Alcohol,BYOB,BikeParking,BusinessAcceptsCreditCards,ByAppointmentOnly,Caters,CoatCheck,Corkage,DogsAllowed,DriveThru,GoodForDancing,GoodForKids,HappyHour,HasTV,NoiseLevel,OutdoorSeating,RestaurantsAttire,RestaurantsDelivery,RestaurantsGoodForGroups,RestaurantsPriceRange2,RestaurantsReservations,RestaurantsTableService,RestaurantsTakeOut,Smoking,WheelchairAccessible,WiFi,tips_counter_bz,total_compliments_bz
-TDkXzdfI89vY80cXlC3Ag,"Coffee & Tea, Food",43.6794088,-79.5446696,The Second Cup,12,3.0,0,0,0,0,0,0,0,2,0,0,0,0,0,0,0,0,0,2,3,0,0,2,0,0,2,0,0,3,4,0
0weTOYJk3XEbvevOQ-DNUg,"Barbers, Beauty & Spas",43.6392875623,-79.4427617728,Barking Iron Barbershop,3,5.0,0,0,0,0,2,0,1,0,0,0,0,0,0,0,0,0,0,0,0,0,0,2,0,0,0,0,0,0,0,0
15to24Q-otAHmto7FzsWRg,"Barbers, Beauty & Spas, Hair Salons, Cosmetics & Beauty Supply, Shopping",43.6540016,-79.4521893,William's Beauty Supplies,4,3.5,0,0,0,0,2,0,1,0,0,0,0,0,0,0,0,0,0,0,0,0,0,2,0,0,0,0,0,0,1,0
1XhmwU5PhWABf7IqeLwfBA,"Restaurants, Halal, Fast Food",43.7426355,-79.3076541,4C Broast Chicken,13,4.0,0,0,0,0,2,0,0,1,0,0,2,0,0,2,0,2,4,1,1,1,1,1,1,0,2,0,0,1,3,0
21AZ9RR7D7s2TlT5S07mMA,"Parks, Active Life, Dog Parks",43.6339760323,-79.4038941715,Coronation Dog Park,11,4.0,0,0,0,0,2,0,0,0,0,0,0,0,0,2,0,0,0,0,0,0,0,0,0,0,0,0,0,0,2,0
2pKpeyPnek0I-_yEvlFK3A,"Lounges, African, Caribbean, Bars, Nightlife, Restaurants",43.6588937,-79.4427568,MamaLand Resto-Lounge,6,3.0,0,0,2,0,2,0,0,0,0,0,0,0,2,1,2,2,2,0,0,1,2,2,2,2,2,0,0,0,0,0
7EWqrdVSZSLlgf1LXJsaZA,"International Grocery, Food, Grocery, Convenience Stores",43.6697809,-79.3800858,Rabba Fine Foods,3,4.5,0,0,0,0,0,0,0,0,0,0,0,0,0,0,0,0,0,0,0,0,0,0,0,0,0,0,0,0,0,0
8KhbimOVxpFQoBmWrX4OVg,"Hair Salons, Cosmetics & Beauty Supply, Beauty & Spas, Shopping",43.7629837,-79.4116734,Salon de Elephant,102,4.5,0,0,0,0,2,0,1,0,0,0,0,0,0,2,0,0,0,0,0,0,0,2,0,0,0,0,1,0,7,0
8OnC3u3AQLXLY625fXItow,"Shipping Centers, Local Services",43.8286381919,-79.258306101,FedEx Ground,4,1.0,0,0,0,0,0,0,0,0,0,0,0,0,0,0,0,0,0,0,0,0,0,0,0,0,0,0,0,0,0,0
9CcOOIJckoGF2sA9Rw2ZSg,"Pizza, Restaurants",43.7804490309,-79.2987031862,Little Caesars,5,2.5,0,0,0,0,0,0,0,0,0,0,0,0,0,2,0,0,0,1,0,1,2,1,1,0,2,0,0,0,2,2
9Eghhu_LzEJgDKNgisf3rg,"Wine Bars, Nightlife, Restaurants, Bars, Beer, Wine & Spirits, Italian, Food, Specialty Food",43.659095,-79.382915,Scaddabush Italian Kitchen & Bar,456,3.5,0,0,2,0,2,2,0,1,1,0,0,0,1,2,1,2,2,2,3,1,2,2,2,2,2,1,0,3,34,0
9IEhgAC8_RNMLhLrMc6PIQ,"Active Life, Meditation Centers, Fitness & Instruction, Spiritual Shop, Shopping, Local Services, Religious Organizations",43.679522,-79.345291,Snow Lion Meditation Shop,3,5.0,0,0,0,0,2,0,1,0,0,0,0,0,0,2,0,0,0,0,0,0,0,1,0,0,0,0,0,0,0,0
9VBn6MsdNri2At1VxORHeA,"Acupuncture, Health & Medical, Beauty & Spas, Massage, Physical Therapy, Massage Therapy",43.6488848,-79.3891677,Toronto Bodyworks,81,4.0,0,0,0,0,2,0,1,0,0,0,0,0,0,0,0,0,0,0,3,0,0,2,0,0,0,0,0,3,3,0
9fIGm1QupHl2NdekQo9snQ,"Home & Garden, Home Decor, Furniture Stores, Shopping",43.6469816,-79.4200794,VdeV,6,4.0,0,0,0,0,0,0,1,0,0,0,0,0,0,0,0,0,0,0,0,0,0,2,0,0,0,0,2,0,1,0
Avy-pjyfiymY6ohcSUrY1A,"Preschools, Education, Local Services, Child Care & Day Care",43.6499134,-79.3881374,Kinder College Early Learning Centre,5,4.0,0,0,0,0,0,0,0,0,0,0,0,0,0,0,0,0,0,0,0,0,0,0,0,0,0,0,0,0,1,0
B4kMSzaBQi_PSzkcc_6GOQ,"Fitness & Instruction, Swimming Pools, Active Life, Sports Clubs",43.658418,-79.37919,Ryerson Recreation and Athletics Centre,5,3.0,0,0,0,0,2,0,1,0,0,0,0,0,0,2,0,0,0,0,0,0,0,0,0,0,0,0,0,0,1,0
BedDWXrINOyEjP8NTXoQ-Q,"Restaurants, Fast Food",43.762371,-79.410942,Furama Dim Sum & Bakery,12,3.0,0,0,0,0,1,0,0,2,0,0,0,0,0,2,0,2,2,2,1,1,2,2,1,0,2,0,0,1,0,0
Bl8d3MRR1DsBRf1qFPgn0w,"Chiropractors, Doctors, Acupuncture, Massage Therapy, Naturopathic/Holistic, Health & Medical",43.6705059,-79.3871564,Sutherland-Chan Clinic - Bloor & Yonge,4,4.0,0,0,0,0,0,0,1,0,0,0,0,0,0,0,0,0,0,0,0,0,0,0,0,0,0,0,0,0,1,0
BxkAcsey9JkN6qtgEgdzgw,"Hair Removal, Laser Hair Removal, Cosmetic Surgeons, Doctors, Beauty & Spas, Medical Spas, Health & Medical",43.6714348,-79.3956073,SpaMedica,19,3.5,0,0,0,0,2,0,2,0,0,0,0,0,0,0,0,0,0,0,0,0,0,2,0,0,0,0,2,0,2,0
DAfWBoWNe_B5_lJAfYH5KQ,"Restaurants, Food, Cafes, Coffee & Tea",43.6445981,-79.4187714,Jimmy's Coffee,34,4.0,0,0,0,0,2,0,0,0,0,0,0,0,0,1,0,1,0,2,3,1,1,2,1,1,2,0,2,3,4,0
D_X8kdLisgAD2ZdCsw4NMw,"IT Services & Computer Repair, Professional Services, Shopping, Mobile Phone Repair, Computers, Local Services, Data Recovery, Electronics Repair",43.682873,-79.324999,iRepair Danforth,48,4.5,0,0,0,0,0,0,1,0,0,0,0,0,0,0,0,0,0,0,0,0,0,0,0,0,0,0,0,0,4,0
EAXcpWAX5Z1ymsRYDLupmQ,"Tattoo, Beauty & Spas, Hair Removal, Doctors, Laser Hair Removal, Shopping, Arts & Entertainment, Art Galleries, Health & Medical, Tattoo Removal",43.7114657,-79.2632196,Toronto Ink,4,2.5,0,0,0,0,2,0,1,0,0,0,0,0,0,0,0,0,0,0,0,0,0,2,0,0,0,0,0,0,1,0
Ee7fjlJdmLa4RJlzKunhrQ,"Cocktail Bars, Dive Bars, Nightlife, Bars",43.6515536,-79.4103059,Lucky Shrike,15,4.5,0,0,2,0,2,0,0,0,0,0,0,0,2,0,2,1,2,2,3,0,2,2,2,0,0,2,0,3,2,0
EsUtyYz5_3wYAhPROK3GCw,"Restaurants, Soup, Salad, American (Traditional), Chicken Shop",43.6509528464,-79.3819611534,Flock Rotisserie + Greens,28,3.5,0,0,0,0,1,0,0,2,0,0,0,0,0,2,1,1,2,1,1,2,2,2,1,1,2,0,2,1,7,2
FGy2_opT9IGH3LRR7k4LVw,"Professional Services, Beauty & Spas, Hair Salons, Cosmetics & Beauty Supply, Barbers, Shopping, Blow Dry/Out Services",43.6703481,-79.3919029,Seefu Hair Yorkville,94,4.0,0,0,0,0,2,0,1,0,0,0,0,0,0,2,0,0,0,0,3,0,0,2,0,0,0,0,1,3,9,0
FL_UG4G1btvH5K3TVDvnew,"Breakfast & Brunch, Sandwiches, Restaurants, Bagels, Food, Bakeries",43.7852513,-79.4732888,Bagel Nash,17,3.5,0,0,0,0,2,0,0,2,0,0,0,0,0,2,0,2,2,1,3,1,2,1,1,1,2,0,0,3,2,0
Hnyd6ie_cxV_H1Vqv1v_Ew,"Coffee & Tea, Food, Breakfast & Brunch, Restaurants, Sandwiches",43.6719155,-79.3779708,Aroma Espresso Bar,15,4.0,0,0,1,0,0,0,0,0,0,0,0,0,0,2,0,2,2,2,3,2,2,2,1,1,2,0,2,3,2,0
HwgCbqHWaM4uWGp_A1G1nQ,"Restaurants, Malaysian, Asian Fusion, Thai, Chinese",43.7289535239,-79.4030993401,Lime Asian Kitchen,60,4.0,0,0,2,0,2,0,0,2,0,0,1,0,0,2,0,1,1,1,1,2,2,2,2,2,2,0,2,1,6,1
JzE9N9KbWy8oOdQKB9CVdw,"Sandwiches, Fast Food, Delis, Restaurants",43.6723788,-79.4693778,Firehouse Subs,5,4.5,0,0,0,0,0,0,0,0,0,0,0,0,0,0,0,0,0,0,0,0,0,0,0,0,0,0,0,0,0,0
K2X7vENCBNL3GLfx6O3SXg,"Bubble Tea, Cafes, Juice Bars & Smoothies, Coffee & Tea, Desserts, Food, Restaurants",43.6538562,-79.3960783,Lait Night,9,4.5,0,0,0,1,2,0,0,2,0,1,0,0,0,0,0,2,0,1,3,2,0,0,0,1,2,0,1,3,1,0
Ks49jh2AT-ox9esTr3iq1g,"Tanning, Beauty & Spas",43.6708293,-79.3910056,Bellair Tan,5,3.0,0,0,0,0,0,0,1,0,0,0,0,0,0,0,0,0,0,0,0,0,0,2,0,0,0,0,0,0,0,0
LnSjzFXh1GrOObsRP6LhBQ,"French, Bakeries, Food, Restaurants",43.6441791,-79.4018472,Brioche Doree,53,3.5,0,0,1,0,2,0,0,2,0,0,0,0,0,2,0,2,2,2,3,1,2,2,1,0,2,0,0,3,7,0
MAVkwtmN3YQou_8vrehOng,"Appliances, Shopping, Electronics, Mobile Phones, Home & Garden",43.7251083,-79.4528087,Samsung,4,3.0,0,0,0,0,0,0,0,0,0,0,0,0,0,0,0,0,0,0,0,0,0,3,0,0,0,0,0,0,1,0
MPIGr_AyrjYgYwrjFhooMQ,"Event Planning & Services, Hotels, Hotels & Travel, Bed & Breakfast, Venues & Event Spaces",43.7558061172,-79.4744791344,Montecassino Hotel,7,1.5,0,0,0,0,0,0,0,0,0,0,0,0,0,0,0,0,0,0,3,0,0,2,0,0,0,0,0,3,2,1
MzDdDpDXFyqsWTtfXrZ15g,"Chicken Wings, Pizza, Italian, Restaurants",43.6588117,-79.3511769,Pizza Pizza,4,3.0,0,0,0,0,2,0,0,0,0,0,0,0,0,2,0,2,3,1,3,2,2,2,1,0,2,0,0,3,1,0
NKWkwtqKSuZNH-B3Xwci8w,"Distilleries, Beer, Wine & Spirits, Food, Beer Tours, Event Planning & Services, Bars, Hotels & Travel, Venues & Event Spaces, Nightlife, Tours",43.6707165856,-79.4646226242,Nickel 9 Distillery,6,4.5,0,0,0,0,2,0,0,1,0,0,0,0,0,0,0,0,0,0,3,0,0,0,0,0,1,0,1,3,0,0
O25ZGrZDBdzGCwjcOYElLg,"Health & Medical, Dentists, General Dentistry, Oral Surgeons",43.6514514956,-79.3771862984,Kerry Lim,3,4.5,2,0,0,0,0,0,1,0,0,0,0,0,0,0,0,0,0,0,0,0,0,0,0,0,0,0,0,0,1,0
OqYZdBUgmId7tZMAVpiFCw,"Steakhouses, Italian, Restaurants",43.6501845,-79.3722562,Biagio Ristorante,32,4.0,0,0,2,0,2,0,0,2,0,0,0,0,0,2,0,2,2,2,0,1,2,3,2,0,2,0,0,0,3,0
OttqXoo2r9N8XZGoLGPydQ,"Local Services, Shipping Centers, Shopping, Couriers & Delivery Services, Printing Services",43.660486,-79.384443,The UPS Store,9,3.5,0,0,0,0,0,0,0,0,0,0,0,0,0,0,0,0,0,0,0,0,0,2,0,0,0,0,0,0,0,0
P-J5ADgt_hdDaVRYM-7SYQ,"Nightlife, Bars, Cocktail Bars, Tapas Bars, Gastropubs, Restaurants, American (Traditional)",43.6586977012,-79.3501439318,Nomads Restobar,12,4.5,0,0,2,1,0,0,0,0,0,0,0,0,0,0,0,2,0,0,3,1,0,0,0,2,2,0,2,3,2,0
P53-vcUZne1L1CNElu9m-g,"Desserts, Coffee & Tea, Food, Bakeries",43.7117134,-79.3991269,La Boheme,74,3.0,0,0,0,0,2,0,0,0,0,0,0,0,0,0,0,0,0,2,3,1,0,2,0,0,2,0,0,3,13,0
Q3SHw2--Zu_bAnOMmLNuUw,"Desserts, Food",43.653226,-79.3831843,Cake Pop Store,3,3.5,0,0,0,0,0,0,0,0,0,0,0,0,0,0,0,0,0,0,0,0,0,0,0,0,1,0,0,0,0,0
QN_SB70VYEOpz5S4vngKTw,"Bakeries, Food",43.6652944,-79.4699271,Solero Mediterranean Bakery,8,4.0,0,0,0,0,2,0,0,2,0,0,0,0,0,0,0,0,0,0,0,1,0,1,0,0,2,0,0,0,6,0
QR2-0qgjHZVVnPY6Txlgtg,"Desserts, Bakeries, Juice Bars & Smoothies, Cafes, Food, Coffee & Tea, Restaurants",43.6368544,-79.3966201,Touti Gelati and Cafe,21,4.0,0,0,0,0,2,0,0,2,0,0,0,0,0,2,0,2,1,2,3,1,2,2,1,0,2,0,1,3,7,0
Qp-ifEG9gYrG09MZMme-CQ,"Active Life, Fitness & Instruction, Gyms",43.6724819,-79.4158762,Oliphants Academy,3,3.5,0,0,0,0,0,0,0,0,0,0,0,0,0,1,0,0,0,0,0,0,0,0,0,0,0,0,0,0,0,0
RqnAqF_cHYoONwfUmO0XxA,"Butcher, Food",43.7121503,-79.399721,Camden Market,8,5.0,0,0,0,0,0,0,0,0,0,0,0,0,0,0,0,0,0,0,0,0,0,0,0,0,0,0,0,0,0,0
RsSXhZnhKsH79uAMbxg9mA,"Restaurants, American (Traditional), Breakfast & Brunch, Diners",43.6874116629,-79.5966811449,Airport Gate Cafe & Grill,17,4.0,0,0,1,0,2,0,0,2,0,0,0,0,0,2,0,2,2,2,3,1,2,2,1,2,2,0,0,3,2,0
Rz8hJAY4P3nCshQ8mO_i6A,"Bars, Restaurants, Nightlife",43.667588,-79.4008409,The Fortunate Fox,20,3.0,0,0,0,0,0,0,0,0,0,0,0,0,0,0,0,0,0,0,0,0,0,0,0,0,0,0,0,0,0,0
SGld6m1YYDDmQ_KxWAbd4Q,"Hotels & Travel, Public Transportation, Transportation",43.6404786638,-79.376005537,Toronto Island Ferry,51,4.0,0,0,0,0,0,0,0,0,0,0,0,0,0,0,0,0,0,0,0,0,0,0,0,0,0,0,0,0,13,0
SrnFpeMfMB40Rd6Z9N1lbg,"Restaurants, Mediterranean, Turkish, Halal",43.7552182,-79.4685428,Home Sweet Home,9,4.5,0,0,0,0,2,0,0,2,0,0,0,0,0,0,0,2,0,1,3,2,0,1,2,2,2,0,2,3,0,0
TM9Eani6kQmRV5RZaU7Tew,"Beer, Wine & Spirits, Shopping, Food",43.6619825,-79.4251431,LCBO,6,2.5,0,0,0,0,2,0,0,1,0,0,0,0,0,0,0,0,0,0,0,0,0,2,0,0,2,0,0,0,2,0
UAXz2KC1aXpxzV-MLdXbmQ,"Restaurants, Indian",43.6725772,-79.2885159,Delhi Bistro,34,4.0,0,0,2,0,2,0,0,0,0,0,0,0,0,2,0,2,1,1,1,2,2,2,2,0,2,0,0,1,2,0
UhDacdNThB72e2Owx_ZhQg,"Local Services, Truck Rental, Self Storage, Automotive",43.7115864701,-79.3533338221,My Storage,3,2.5,0,0,0,0,0,0,0,0,0,0,0,0,0,0,0,0,0,0,0,0,0,0,0,0,0,0,0,0,0,0
Zz_LVQEItLoS8OfoQ3NgVA,"Nail Salons, Massage, Beauty & Spas",43.7054537,-79.3888054,Pleasant Nails,7,3.5,0,0,0,0,0,0,1,0,0,0,0,0,0,0,0,0,0,0,0,0,0,2,0,0,0,0,0,0,0,0
_hfGC9uAdzV1zXMoXb3rjw,"Breweries, Distilleries, Food",43.6710433,-79.4347862,Yongehurst Distillery,3,4.5,0,0,0,0,0,0,0,0,0,0,0,0,0,0,0,0,0,0,0,0,0,0,0,0,1,0,0,0,0,0
_uozYXJl42wCax5HG5kU0Q,"Steakhouses, Restaurants, Barbeque",43.6762554,-79.3581314,Rodeo Brazilian Steakhouse,82,3.5,0,0,2,0,2,0,0,1,0,0,1,0,0,2,0,2,2,1,3,1,2,3,2,2,1,0,1,3,6,0
aTG2L01L2VJgZSETk70-SQ,"Barbers, Beauty & Spas, Hair Salons",43.6587215,-79.3493279,Lone&Co.,15,3.5,0,0,0,0,2,0,1,0,0,0,0,0,0,2,0,0,0,0,0,0,0,3,0,0,0,0,2,0,2,0
d8r0y3R38zV62DEv0mSOjw,"Coffee & Tea, Food",43.6496504,-79.3912197,Second Cup Coffee,20,3.5,0,0,0,0,2,0,0,2,0,0,0,0,0,0,0,0,0,2,3,0,0,1,0,0,2,0,2,3,6,0
dtn4CT4bvZYYfqhGfXpRaw,"Grocery, Bakeries, Specialty Food, Restaurants, Greek, Butcher, Food",43.7453851092,-79.2970499396,Cosmos Agora,5,4.5,0,0,0,0,2,0,0,2,0,0,0,0,0,0,0,0,0,0,0,0,0,0,0,0,2,0,2,0,1,0
gkCorLgPyQLsptTHalL61g,"Food, Coffee & Tea, Restaurants",43.6784837,-79.3582545,Broadview Espresso,65,4.0,0,0,0,0,2,0,0,1,0,0,0,0,0,1,0,0,0,2,3,1,1,1,1,0,2,0,0,3,23,0
hBfIVFb4aJBGpK3FcgOXjg,"Fashion, Men's Clothing, Accessories, Shopping, Women's Clothing",43.646975,-79.4059336,Frank And Oak,3,3.5,0,0,0,0,0,0,0,0,0,0,0,0,0,0,0,0,0,0,0,0,0,0,0,0,0,0,2,0,0,0
hGBdtLUHanbw6rMRoMxUSQ,Beauty & Spas,43.6640454,-79.4167575,Star Hair Studio,3,2.5,0,0,0,0,2,0,1,0,0,0,0,0,0,0,0,0,0,0,0,0,0,0,0,0,0,0,0,0,0,0
hcVHqcbLqk6QQjITVQ7RTg,"Bookstores, Books, Mags, Music & Video, Shopping",43.6494523,-79.4500398,A Good Read,6,3.5,0,0,0,0,2,0,0,0,0,0,0,0,0,0,0,0,0,0,0,0,0,2,0,0,0,0,0,0,0,0
iryUg2K6zv6W_RRfoK34BQ,0,43.7060902,-79.3985366,Second Cup,3,3.5,0,0,0,0,0,0,0,0,0,0,0,0,0,0,0,0,0,0,0,0,0,0,0,0,0,0,0,0,0,0
jgVIOHi8SyAe_yG2ROL-0A,"Food, Bakeries",43.6794873,-79.3434874,Acropolis Pastries & Pies,10,3.5,0,0,0,0,2,0,0,0,0,0,0,0,0,0,0,0,0,0,0,1,0,2,0,0,2,0,0,0,0,0
kX9mDUzeZdW_dVc-U41FVA,"Restaurants, Chinese",43.6614153,-79.3806632,Hotopia Downtown,18,3.5,0,0,0,0,0,0,0,0,0,0,1,0,0,0,0,0,0,1,0,0,0,0,0,0,0,0,0,0,3,0
mEHvb1m8_g4zGneN-RWVrA,"Active Life, Parks",43.6485287025,-79.4950532913,Etienne Brulé Park,8,4.5,0,0,0,0,2,0,0,0,0,0,0,0,0,2,0,0,0,0,0,0,0,0,0,0,0,0,0,0,2,0
mRrgBIT8vsYdI3YSfzCQhg,"Brasseries, French, Comfort Food, Seafood, Italian, Canadian (New), American (New), Restaurants, Nightlife, Bars, Food, American (Traditional), Coffee & Tea, Steakhouses",43.7315022,-79.4036343,The Monkey Bar,39,4.0,0,0,2,2,1,0,0,2,0,2,0,0,0,1,1,1,1,1,1,1,2,3,2,2,2,0,1,1,3,0
p4Imp0AHxwrKTJJKMtgjbw,"Burgers, Poutineries, Halal, Cheesesteaks, Restaurants",43.7459518,-79.2926554,M&Co,16,4.0,0,0,0,0,0,0,0,0,0,0,0,0,0,0,0,2,0,0,3,2,0,0,2,0,2,0,2,3,1,0
qv03aigaO5OHq5pAOLlEiQ,"Financial Services, Investing",43.688467,-79.393801,Td Waterhouse,4,2.0,0,0,0,0,0,0,0,0,0,0,0,0,0,0,0,0,0,0,0,0,0,0,0,0,0,0,0,0,1,0
sEZU0ssY_7GlGKeBntkX-A,"Shopping, Shoe Stores, Bikes, Sporting Goods, Sports Wear, Fashion",43.7164154,-79.400002,Sporting Life,74,3.0,0,0,0,0,2,0,0,0,0,0,0,0,0,0,0,0,0,0,0,0,0,3,0,0,0,0,0,0,5,0
slxPJGhFkrgSOPuC7opEcQ,"Shopping, Fireplace Services, Fashion, Home Services, Sports Wear, Sporting Goods, Shoe Stores, Outdoor Gear",43.7364416,-79.344201,Atmosphere,3,3.5,0,0,0,0,0,0,0,0,0,0,0,0,0,0,0,0,0,0,0,0,0,3,0,0,0,0,0,0,0,0
umUjoJiFSFVN8om8BRBqjg,"Family Practice, Pediatricians, Doctors, Health & Medical",43.7524325228,-79.3137792125,Cassandra Clinic,7,3.5,2,0,0,0,0,0,2,0,0,0,0,0,0,0,0,0,0,0,0,0,0,0,0,0,0,0,0,0,0,0
uthbVCNZqmExJTzhII9iNQ,"Lebanese, Restaurants, Middle Eastern, Halal",43.65508,-79.37997,Paramount Middle Eastern Kitchen,346,3.0,0,0,0,0,2,0,0,2,0,0,0,0,0,2,0,1,2,1,1,2,2,2,2,2,2,0,2,1,57,0
vQXhuCQ4Wc3WWesp9hy3VQ,"Chicken Wings, Restaurants, Pizza, Food Delivery Services, Italian, Food",43.6475595,-79.3704531,Pizza Hut,19,1.5,0,0,0,0,2,0,0,1,0,0,0,0,0,2,0,1,1,1,0,2,1,2,1,1,2,0,0,0,1,0
vT6VZcMVi-lxYYn9Hh7Vhg,"Japanese, Restaurants, Korean",43.7637875803,-79.4111537933,Mr Tonkatsu,61,3.5,0,0,0,0,1,0,0,0,0,0,1,0,0,2,1,1,0,1,1,1,2,0,2,2,2,0,1,1,2,0
vsi_PMRgyFy4_vVfQErtCA,"Specialty Food, Imported Food, Chinese, Food, Restaurants, Ethnic Food, Dim Sum",43.6656732,-79.3506888,Pearl Court Restaurant,79,3.0,0,0,2,0,2,0,0,1,0,0,0,0,0,2,0,2,2,1,1,1,2,2,2,2,2,0,0,1,9,1
wL5yGvlL1zXZ4EPJ8d0hIA,"Food, Fast Food, Poke, Sushi Bars, Asian Fusion, Restaurants",43.7075497,-79.398122,Rolltation,95,4.0,0,0,0,0,2,0,0,2,0,0,0,1,0,2,1,1,2,1,3,2,2,2,1,1,2,0,2,3,11,0
wq9nslE5sdOunE1M4Bz_CA,"Automotive, Hotels & Travel, Car Dealers, Car Rental",43.7680813,-79.4112192,Zipcar,3,2.0,0,0,0,0,0,0,0,0,0,0,0,0,0,0,0,0,0,0,0,0,0,0,0,0,0,0,0,0,0,0
x2ZnyXsVpBQicH0_DbgGeQ,"Mexican, Restaurants, Fast Food, Food, Tea Rooms",43.6562242,-79.4355673,Taco Bell,3,1.5,0,0,0,0,0,0,0,0,0,0,0,0,0,2,0,0,0,1,0,1,2,1,1,0,2,0,0,0,0,0
x3JHj5h33ouzw_Ynj-utJg,"Chinese, Restaurants",43.7883746,-79.2672698,Asian Legend,118,3.5,0,0,0,0,1,0,0,1,0,0,0,0,0,2,0,1,2,1,1,1,2,2,2,2,2,0,0,1,20,0
yCpQ5x7uEa9uSWKVgIX8WQ,"Hair Salons, Cosmetics & Beauty Supply, Nail Salons, Beauty & Spas, Shopping",43.6865655,-79.3936179,Trade Secrets - Yonge & St. Clair,12,2.5,0,0,0,0,2,0,1,0,0,0,0,0,0,0,0,0,0,0,0,0,0,2,0,0,0,0,0,0,1,0
yP71_LfUPnGIRqA2g09RoQ,"Asian Fusion, Nightlife, Bars, Restaurants",43.6723868,-79.3206817,Lake Inez,84,4.5,0,0,2,0,2,0,0,1,1,0,0,0,1,1,1,2,2,1,1,1,2,3,2,2,2,0,0,1,7,0
zfn2YAYzU3y5SsJqRLJfMQ,"Divorce & Family Law, Business Law, Real Estate Law, Local Services, Professional Services, Notaries, Lawyers",43.6374052,-79.4243811,6ixLawyer/Lawyer on Wheels,3,3.5,0,0,0,0,0,0,0,0,0,0,0,0,0,0,0,0,0,0,0,0,0,0,0,0,0,0,0,0,3,0
