business_id,categories,latitude,longitude,name,review_count,stars,AcceptsInsurance,AgesAllowed,Alcohol,BYOB,BikeParking,BusinessAcceptsCreditCards,ByAppointmentOnly,Caters,CoatCheck,Corkage,DogsAllowed,DriveThru,GoodForDancing,GoodForKids,HappyHour,HasTV,NoiseLevel,OutdoorSeating,RestaurantsAttire,RestaurantsDelivery,RestaurantsGoodForGroups,RestaurantsPriceRange2,RestaurantsReservations,RestaurantsTableService,RestaurantsTakeOut,Smoking,WheelchairAccessible,WiFi,tips_counter_bz,total_compliments_bz
0iTpgvz5XJzFAo253nIE0g,"Restaurants, Shopping, Comic Books, Cafes, Books, Mags, Music & Video",43.6645907,-79.3251347,The Sidekick,29,4.5,0,0,0,0,2,0,0,0,0,0,0,0,0,2,0,2,1,1,3,1,2,1,1,1,2,0,0,3,0,0
29L2u1-bqyXebJls83ArzA,"Asian Fusion, Bars, Restaurants, Cocktail Bars, Korean, Nightlife",43.6636443,-79.4175101,The Korean Kitchen,30,3.5,0,0,2,0,2,0,0,1,1,0,0,0,1,1,1,2,1,1,3,1,2,2,2,2,2,1,0,3,1,0
2f0DZrlBmj-6l0bCGOQWdA,"Health & Medical, Optometrists, Eyewear & Opticians, Doctors, Shopping, Laser Eye Surgery/Lasik",43.7557468,-79.5232764,North Toronto Eye Care,5,2.0,0,0,0,0,0,2,0,0,0,0,0,0,0,0,0,0,0,0,1,0,0,0,0,0,0,0,0,1,0,0
3AEvWP_I77Sx_ngoGUIDMQ,Shopping,43.6690822751,-79.3913269043,Michael Kors,4,2.0,0,0,0,0,0,0,0,0,0,0,0,0,0,0,0,0,0,0,0,0,0,3,0,0,0,0,0,0,0,0
3ZdOVa-gu5x5MBd0SYM6PQ,"Health & Medical, Doctors, Pediatricians",43.6686587,-79.395839,Dr  Anthony Y Hui,3,2.5,0,0,0,0,0,0,2,0,0,0,0,0,0,0,0,0,0,0,0,0,0,0,0,0,0,0,0,0,3,0
6WCV0C4TxKk1kwuwDOtIng,"Auto Glass Services, Automotive, Oil Change Stations, Auto Repair",43.8026811156,-79.1949594093,Mr Lube,3,2.5,0,0,0,0,0,0,0,0,0,0,0,0,0,0,0,0,0,0,0,0,0,0,0,0,0,0,0,0,0,0
6Xn_a4o41_SiLV4mWRzExw,"Automotive, Car Wash",43.6508985506,-79.3629677115,Big Wax Car Wash,3,4.0,0,0,0,0,0,0,0,0,0,0,0,0,0,0,0,0,0,0,0,0,0,0,0,0,0,0,0,0,0,0
79KqhOEimEWZaZz4iGUzfg,"Local Services, Home Decor, Shopping, Furniture Stores, Home & Garden, Antiques, Furniture Reupholstery",43.6746478,-79.4569236,Vintage Home Boutique,3,1.0,0,0,0,0,2,0,1,0,0,0,2,0,0,0,0,0,0,0,0,0,0,3,0,0,0,0,2,0,0,0
7d2LqDc0Cb5dcizil_h34A,"Indian, Himalayan/Nepalese, Restaurants",43.6718417,-79.3230939,Karma's Kitchen,56,4.0,0,0,2,0,2,0,0,2,0,0,0,0,0,2,0,2,1,1,3,2,2,2,2,2,2,0,0,3,4,0
80sQO48UKXo9IbYnyoUO7Q,"Parks, Active Life",43.650547114,-79.372959137,St. James' Park,10,4.0,0,0,0,0,2,0,0,0,0,0,0,0,0,2,0,0,0,0,0,0,0,0,0,0,0,0,0,0,7,0
8AAHDz9VIAvq8XbKJHrSrg,"Food Trucks, Food, Restaurants, Food Stands",43.653226,-79.3831843,Per Se Mobile,8,4.0,0,0,0,0,0,0,0,0,0,0,0,0,0,0,0,0,0,0,0,0,0,1,0,0,0,0,0,0,1,0
8hZghcw4QYJiRB9emn2Rbg,"Shopping, Food, Trainers, Fitness & Instruction, Gyms, Active Life",43.6456021,-79.4196138,Academy of Lions,14,4.0,0,0,0,0,2,0,2,0,0,0,0,0,0,1,0,0,0,0,0,0,0,4,0,0,1,0,0,0,3,1
8hkmqeUI8UbxIq7Aabv4Gg,"Fast Food, Chicken Wings, Restaurants",43.7624935937,-79.4102753699,Popeyes Chicken,4,1.5,0,0,0,0,0,0,0,0,0,0,0,0,0,0,0,0,0,0,0,0,0,0,0,0,0,0,0,0,0,0
9EsIUdiLp174AAtTeKnlwA,"Coffee Roasteries, Coffee & Tea, Food",43.6565035,-79.3745347,Pop Coffee Works,8,4.5,0,0,0,0,0,0,0,0,0,0,0,0,0,0,0,0,0,0,0,0,0,0,0,0,0,0,0,0,0,0
BtGEeBdRMmc_jS8TEx3-6Q,"Event Planning & Services, Hotels & Travel, Hotels",43.7568870774,-79.5287794865,Best Western Plus Toronto North York Hotel & Suites,13,2.5,0,0,0,0,0,0,0,0,0,0,0,0,0,0,0,0,0,0,3,0,0,2,0,0,0,0,0,3,2,0
C7XhjijIGwMx8EiAbu5CMA,"Grocery, Specialty Food, Meat Shops, Food, Electronics, Shopping, Wholesale Stores",43.707721,-79.34797,Costco,19,3.5,0,0,0,0,0,0,1,0,0,0,1,0,0,0,0,0,0,0,0,0,0,3,0,0,0,0,0,0,6,0
DVSjELDrkd0Alo7AVPGxTA,"Restaurants, Middle Eastern",43.6389542,-79.4279631,Habibi Shawarma,21,4.0,0,0,0,0,2,0,0,1,0,0,0,0,0,2,0,2,2,1,1,1,2,1,1,1,2,0,0,1,1,0
DXl9YviWyzAwMeUtrBPW7w,"Restaurants, Mexican, Nightlife, Bars",43.660538,-79.3434845,Barrio Cerveceria,134,3.0,0,0,2,0,2,0,0,2,1,0,0,0,1,2,1,2,2,2,3,1,2,2,2,2,2,1,2,3,14,0
GQSmxqRi_s9U9qd5gHLKAw,"American (Traditional), Bars, Nightlife, Breakfast & Brunch, Pubs, Burgers, Restaurants, Sandwiches, Beer Bar, Sports Bars",43.6590440287,-79.3830707247,Duke's Refresher + Bar,185,4.0,0,0,2,0,2,0,0,1,1,0,0,1,1,1,2,2,3,2,3,1,2,2,2,2,2,0,0,3,27,0
I5lmLFi76ru5Ky_amax8lQ,"Food, Event Planning & Services, Food Trucks, Caterers",43.6562502,-79.3382001,The Food Dudes,27,4.0,0,0,0,0,2,0,0,2,0,0,0,0,0,2,0,1,3,1,1,2,2,2,1,0,2,0,0,1,4,0
LPfb8Cm6Ecjf_9jqA4uKnw,"Internet Cafes, Food, Coffee & Tea",43.6549077,-79.3808739,Nordstrom Ebar Artisan Coffee,14,3.0,0,0,0,0,2,2,1,2,0,0,0,0,0,0,0,0,0,2,3,0,0,2,0,0,2,0,2,3,3,0
LsS-0-k4fBK5GNveH7_S2A,"Travel Services, Hotels & Travel",43.6653115,-79.3804325,Rainbow High Vacations,3,2.5,0,0,0,0,0,0,0,0,0,0,0,0,0,0,0,0,0,0,0,0,0,0,0,0,0,0,0,0,0,0
MOB5oCEKCw3S76SsiuQjqA,"Restaurants, Canadian (New)",43.6876683,-79.3949298,Mary Be Kitchen,50,4.5,0,0,1,0,0,0,1,2,0,0,1,0,0,2,2,1,2,2,3,2,2,2,1,1,2,0,2,3,2,0
N11UFyQXU0k4AvaijCe1-A,"Beauty & Spas, Hair Salons",43.6722918,-79.3874246,Topcuts,8,3.0,0,0,0,0,0,0,0,0,0,0,0,0,0,0,0,0,0,0,0,0,0,0,0,0,0,0,0,0,1,0
QO-YkBIsGjFXqr3qlv0aig,"Shopping, Discount Store",43.669144,-79.3391627,Absolute Dollar,4,4.0,0,0,0,0,0,0,0,0,0,0,0,0,0,0,0,0,0,0,0,0,0,0,0,0,0,0,0,0,1,0
Qb0oYWeC34wGO3NsP6c0ZA,"Ice Cream & Frozen Yogurt, Coffee & Tea, Grocery, Food",43.652321,-79.37938,Foodwares Market,23,3.5,0,0,0,0,1,0,0,0,0,0,0,0,0,0,0,0,0,1,3,0,0,2,0,0,2,0,0,3,4,0
R9OkSEvvQl6SACO9nmmEtQ,"Cafes, Restaurants",43.6474713156,-79.3774245815,Mövenpick Café,22,3.5,0,0,1,0,2,0,0,0,0,0,0,0,0,2,0,2,2,1,3,1,1,2,1,1,2,0,0,3,4,0
Rf_ZbN2jWNnLBLdh_ZMBIg,"Restaurants, Japanese, Sushi Bars, Ramen",43.6452331117,-79.5325079933,Ikkoi,10,4.5,0,0,0,0,0,0,0,0,0,0,0,0,0,0,0,2,0,0,0,0,0,0,0,0,0,0,0,0,3,0
Rp7ABbhY8kUpgwrzJADnqw,"Coffee & Tea, Bakeries, Food, Breakfast & Brunch, Ice Cream & Frozen Yogurt, Sandwiches, Restaurants",43.7063824,-79.3978284,Tim Hortons,12,2.5,0,0,0,0,2,0,0,0,0,0,0,0,0,2,0,2,0,1,3,1,2,1,1,0,2,0,0,3,2,1
S2hClXWlpLa14XY3GnAbmA,"Playgrounds, Active Life, Parks",43.6451803,-79.3654263,Sherbourne Common,10,4.0,0,0,0,0,2,0,0,0,0,0,0,0,0,2,0,0,0,0,0,0,0,0,0,0,0,0,0,0,1,0
TeMWa2TKR_I_24qJyRuAXA,"Men's Clothing, Fashion, Shopping, Women's Clothing, Children's Clothing",43.6494470994,-79.4501201744,Muttonhead,5,3.5,0,0,0,0,2,0,0,0,0,0,0,0,0,0,0,0,0,0,0,0,0,0,0,0,0,0,1,0,0,0
UMP8Kn730N9SJUtf_PPyAA,"Real Estate, Shopping, Shared Office Spaces, Home Services, Venues & Event Spaces, Event Planning & Services",43.6474931,-79.4021767,The Burroughes,9,4.0,0,0,0,0,0,0,2,0,0,0,0,0,0,0,0,0,0,0,3,0,0,0,0,0,0,0,0,3,2,0
UXEqtEXs92COE3UiaSx4oA,"Indian, Pakistani, Middle Eastern, Restaurants",43.6721178034,-79.3232195824,The Famous Indian Cuisine,50,4.0,0,0,2,0,2,0,0,2,0,0,0,0,0,2,0,2,1,1,1,2,2,2,2,2,2,0,0,1,9,0
Ud5FqhVC8AdZg9RLzNW_Wg,"French, Nightlife, Restaurants, Wine Bars, Bars, Diners",43.670883311,-79.3278544822,Brickyard Bistro,52,4.5,0,0,2,0,2,2,0,0,1,0,0,0,1,2,1,2,2,1,3,1,2,2,2,2,2,1,2,3,5,1
WiXCsN5r41fFfNr7iVSyQg,"Car Rental, Hotels & Travel",43.6654058,-79.4764375,Avis Rent A Car,3,1.5,0,0,0,0,0,0,0,0,0,0,0,0,0,0,0,0,0,0,0,0,0,0,0,0,0,0,0,0,0,0
XDgip3YOFsPmCsxSiU9W8Q,"Medical Spas, Health & Medical, Beauty & Spas",43.6431811,-79.4017286,Faces MD Medical Aesthetics,11,3.0,2,0,0,0,2,0,2,0,0,0,0,0,0,0,0,0,0,0,0,0,0,2,0,0,0,0,0,0,4,0
Y6eR3uYHCw7X9NAcrHavcA,"Hot Pot, Restaurants, Chinese",43.7872946,-79.4171501,Spice & Aroma,6,4.0,0,0,0,0,0,0,0,0,0,0,0,0,0,0,0,2,0,0,0,0,0,0,0,0,0,0,0,0,0,0
YQcYN7LJe4TRIU8zH1h79w,"Shopping, Eyewear & Opticians, Optometrists, Health & Medical",43.6695982,-79.3029675,Envy Eyewear,3,1.5,0,0,0,0,0,0,0,0,0,0,0,0,0,0,0,0,0,0,0,0,0,3,0,0,0,0,0,0,0,0
YxFwTAqZkafofE8_sewpJA,"Beauty & Spas, Makeup Artists, Tattoo, Eyelash Service",43.6751588,-79.395519,Pretty In The City,3,4.5,0,0,0,0,0,0,2,0,0,0,0,0,0,0,0,0,0,0,0,0,0,3,0,0,0,0,0,0,0,0
_utUCkYKt8zl5CVEDiO9Sg,"Outdoor Gear, Hockey Equipment, Shopping, Sporting Goods, Local Services, Skate Shops",43.6561258,-79.4548584,Toronto Hockey Repair,3,4.5,0,0,0,0,2,0,1,0,0,0,0,0,0,0,0,0,0,0,0,0,0,2,0,0,0,0,0,0,1,0
aa3AaDWeNAfwxaaBkUnxGw,"Tires, Auto Repair, Automotive",43.6532979,-79.3735043,Tire Source Incorporated,12,2.0,0,0,0,0,0,0,0,0,0,0,0,0,0,0,0,0,0,0,0,0,0,0,0,0,0,0,0,0,2,0
bD5sbDj_lMYnyUpbG3xm3Q,"Food, Coffee & Tea",43.6963388,-79.5333982,Starbucks,8,4.0,0,0,0,0,1,0,0,0,0,0,0,0,0,0,0,0,0,2,3,0,0,2,0,0,2,0,0,3,1,0
bDut3KRQJ0qLElfaJNQFgg,"Gelato, Food, Pizza, Restaurants",43.6662398,-79.4069111,Famoso Neapolitan,146,3.5,0,0,2,0,2,0,0,1,0,0,0,0,0,2,0,2,2,1,1,1,2,2,2,0,2,0,0,1,19,0
bdTP_HkHpsdttG8ORg6sjw,"Videos & Video Game Rental, Books, Mags, Music & Video, Music & DVDs, Shopping",43.6691174,-79.3896124,Bay Street Video,20,4.5,0,0,0,0,2,0,0,0,0,0,0,0,0,0,0,0,0,0,0,0,0,2,0,0,0,0,0,0,4,0
cHIhw4siparWV4yDiScGPg,"Breakfast & Brunch, Restaurants, Burgers",43.6849185,-79.3172223,The Ellery,20,4.5,0,0,0,0,0,0,0,0,0,0,0,0,0,2,0,2,0,0,0,0,0,0,0,0,0,0,0,0,1,0
cWtUKKsnEYy1WeR1aEdyMA,"Latin American, Mexican, Restaurants",43.6448052,-79.4166327,Fonda Lola,95,3.5,0,0,2,0,2,0,0,2,0,0,0,0,0,1,0,1,2,2,3,1,1,2,2,2,2,0,0,3,9,0
ckyrfP4-03HKsY_Yq1-Qjw,"Organic Stores, Ethnic Food, Food, Imported Food, Specialty Food",43.6489232,-79.3717226,Manotas Organics and Fine Foods,6,4.0,0,0,0,0,0,0,0,0,0,0,0,0,0,0,0,0,0,0,0,0,0,0,0,0,2,0,0,0,0,0
cx-eQP9HDe8mjzK_ML4gkA,"Accessories, Fashion, Women's Clothing, Shopping",43.649353,-79.394641,Brandy Melville,18,3.0,0,0,0,0,0,0,0,0,0,0,0,0,0,0,0,0,0,0,0,0,0,2,0,0,0,0,0,0,2,0
dlRniTYT0smOndCAaUBPxw,"Restaurants, Canadian (New)",43.6408123024,-79.3759244988,The Chartroom Bar and Lounge,5,2.0,0,0,0,0,0,0,0,0,0,0,0,0,0,0,0,2,0,0,0,0,0,0,0,0,0,0,0,0,0,0
eEKfOX6KtQmLgb8z-1VfUA,"Cafes, Bakeries, Italian, Restaurants, Food",43.6555276,-79.4131405,Riviera Bakery,49,3.5,0,0,0,0,2,0,0,0,0,0,0,0,0,2,0,2,2,1,3,2,1,1,1,0,2,0,0,3,7,0
i_0rSAui4zaz4ydVaOZ6bQ,"Breakfast & Brunch, Grocery, Food, Delis, Restaurants, Caterers, Buffets, Event Planning & Services",43.649321,-79.378413,Marcello's Market & Deli,7,3.5,0,0,0,0,2,0,0,2,0,0,1,0,0,0,0,2,0,1,1,2,0,2,1,1,2,0,2,1,8,0
j2Qxx9QSeqpmTOzLAE1nWA,"Beauty & Spas, Nail Salons",43.7057953,-79.3460184,Nails For You,8,1.0,0,0,0,0,1,0,1,0,0,0,0,0,0,0,0,0,0,0,0,0,0,3,0,0,0,0,0,0,0,0
jBa46jMDbch1yec9nnVpsA,"Tours, Hotels & Travel",43.6557933108,-79.3805528688,Chariots Of Fire Ltd,6,5.0,0,0,0,0,0,0,0,0,0,0,0,0,0,0,0,0,0,0,0,0,0,0,0,0,0,0,0,0,0,0
kSVIkzZBIgh_RkL24I3MWg,"Local Services, Carpet Cleaning, Carpeting, Home Services, Office Cleaning, Grout Services, Professional Services",43.720908,-79.432839,Kwik Dry Carpet Cleaning,3,5.0,0,0,0,0,0,0,2,0,0,0,0,0,0,0,0,0,0,0,0,0,0,0,0,0,0,0,0,0,0,0
m-cg3stOStMAFEV9-8qnVw,"Pubs, Restaurants, Nightlife, Bars",43.687766,-79.394541,Scallywags,71,3.0,0,0,2,0,2,0,0,1,0,0,0,0,0,1,2,2,4,2,3,1,2,2,2,0,2,0,0,3,24,1
mw69E3vLAbN-ra92f5Y8ZQ,"Restaurants, Sandwiches, Food, Cafes, Coffee & Tea, Ice Cream & Frozen Yogurt, Breakfast & Brunch",43.6527051,-79.4323481,Black Cat Espresso Bar,52,4.5,0,0,1,0,2,0,0,2,0,0,1,0,0,2,1,1,1,1,3,1,1,1,1,1,2,0,2,3,6,0
opMKx_39uBu-rSVq5G5ttQ,"Pet Groomers, Pet Services, Veterinarians, Emergency Pet Hospital, Pets",43.73686,-79.43822,Bathurst Animal Clinic,8,3.0,0,0,0,0,0,0,0,0,0,0,0,0,0,0,0,0,0,0,0,0,0,0,0,0,0,0,0,0,0,0
rhyjGfqYlCJoi8Zeulg6QA,"Restaurants, Korean",43.6552564,-79.3854753,Kimchi Korea House,260,3.5,0,0,1,0,2,0,0,1,0,0,0,0,0,2,0,2,2,1,1,1,2,2,2,2,2,0,0,1,29,1
sBI4afYfRDQwzEUhnkBRWA,"Beauty & Spas, Health & Medical, Chiropractors, Massage, Massage Therapy",43.7073571,-79.3924077,Listro Chiropractic & Massage,3,3.5,2,0,0,0,0,0,2,0,0,0,0,0,0,0,0,0,0,0,0,0,0,2,0,0,0,0,0,0,0,0
sGlJTru2c707Vevy3ZmNMw,"Restaurants, Thai",43.6431826,-79.4475917,Thai Home,34,3.5,0,0,0,0,2,0,0,0,0,0,0,0,0,2,0,2,1,1,3,2,2,2,2,0,2,0,0,3,2,0
sWaWTnmRgOt6OE4v84y7fw,"Fast Food, Restaurants, Burgers, Food",43.6791035,-79.344712,A&W,13,2.5,0,0,0,0,1,0,0,0,0,0,0,1,0,2,0,1,0,0,0,1,1,2,1,0,2,0,0,0,2,0
slGmGAbNikK0ITy9Arwn3g,"Cocktail Bars, Gluten-Free, Food, Bakeries, Cafes, Restaurants, Nightlife, Coffee & Tea, Bars",43.6520915,-79.408163,Almond Butterfly,7,4.5,0,0,2,0,0,0,0,0,0,0,1,0,0,0,2,1,0,0,3,2,0,0,1,0,2,0,0,3,1,0
urxwgcWMevI5mR0zv0ga7w,"Shopping, Florists, Flowers & Gifts",43.656451,-79.3379645,Jackie O,4,4.0,0,0,0,0,0,0,0,0,0,0,0,0,0,0,0,0,0,0,0,0,0,3,0,0,0,0,0,0,0,0
vIIxtxi9JZlktO-MOVP4hw,"Beer, Wine & Spirits, Personal Shopping, Shopping, Food",43.7126123247,-79.5310483162,LCBO,6,4.5,0,0,0,0,2,0,0,0,0,0,0,0,0,0,0,0,0,0,0,0,0,2,0,0,2,0,0,0,2,0
w-T4zTgKC1kVgKMC3fxKMg,"Food, Patisserie/Cake Shop, Coffee & Tea",43.6610457,-79.3816605,Black Bear Espresso,40,4.0,0,0,0,0,2,0,0,1,0,0,1,0,0,0,0,0,0,1,3,0,0,2,0,0,2,0,2,3,3,0
wBZV7BVQFKh5kiCI7EbM1w,"Cosmetic Dentists, Health & Medical, General Dentistry, Dentists, Orthodontists",43.7960580601,-79.4213188048,Arlene F. Caringal - Summer Breeze Dental,3,3.5,0,0,0,0,0,0,0,0,0,0,0,0,0,0,0,0,0,0,0,0,0,0,0,0,0,0,0,0,1,0
