business_id,categories,latitude,longitude,name,review_count,stars,AcceptsInsurance,AgesAllowed,Alcohol,BYOB,BikeParking,BusinessAcceptsCreditCards,ByAppointmentOnly,Caters,CoatCheck,Corkage,DogsAllowed,DriveThru,GoodForDancing,GoodForKids,HappyHour,HasTV,NoiseLevel,OutdoorSeating,RestaurantsAttire,RestaurantsDelivery,RestaurantsGoodForGroups,RestaurantsPriceRange2,RestaurantsReservations,RestaurantsTableService,RestaurantsTakeOut,Smoking,WheelchairAccessible,WiFi,tips_counter_bz,total_compliments_bz
080b9nxmpnRhcLji41CS6A,"Insurance, Financial Services",43.6388865,-79.380352,Rbc Insurance,5,2.0,0,0,0,0,0,0,0,0,0,0,0,0,0,0,0,0,0,0,0,0,0,0,0,0,0,0,0,0,0,0
0PmmgYJDocm6DyOFnjrO2g,"Medical Centers, Health & Medical",43.6484474,-79.370056,Appletree Medical Centre,4,1.5,0,0,0,0,0,0,1,0,0,0,0,0,0,0,0,0,0,0,0,0,0,0,0,0,0,0,0,0,1,0
1DiYsP0Sxiv5w6OZeGGh_w,"Education, Specialty Schools, Cooking Schools, Adult Education",43.652052651,-79.3699961191,George Brown College,3,5.0,0,0,0,0,0,0,0,0,0,0,0,0,0,0,0,0,0,0,0,0,0,0,0,0,0,0,0,0,0,0
1FcCSZMgnEamOaVNzz-bRA,"Coffee & Tea, Food",43.6494597918,-79.4291029577,Tucana Coffee,20,4.0,0,0,0,0,2,0,0,1,0,0,0,0,0,0,0,0,0,2,3,0,0,1,0,0,2,0,0,3,1,0
2AqPRfIIUHmKSMBLuKbbfA,"Financial Services, Banks & Credit Unions",43.7064474,-79.3985285,Bmo Bank of Montreal,5,1.0,0,0,0,0,0,0,0,0,0,0,0,0,0,0,0,0,0,0,0,0,0,0,0,0,0,0,0,0,0,0
2KkTzafNqkEKr5VTjsR3hw,"Indian, Sri Lankan, Restaurants",43.8365904448,-79.2486990988,New Spiceland Restaurant,8,2.0,0,0,0,0,0,0,0,0,0,0,0,0,0,0,0,2,0,0,0,0,1,0,1,0,0,0,0,0,2,0
3psSpUMwT4zdNca2pOPxRw,"Italian, Restaurants, Pizza",43.636642,-79.4057224,Fort York Pizzeria,21,2.0,0,0,2,0,2,0,0,2,0,0,0,0,0,2,0,2,1,2,3,2,2,2,2,2,2,0,2,3,9,0
6h6g570vuGQF3JV1d0Ae6g,"Financial Services, Insurance",43.7046439,-79.3975399,TD Meloche Monnex,9,1.5,0,0,0,0,0,0,0,0,0,0,0,0,0,0,0,0,0,0,0,0,0,0,0,0,0,0,0,0,0,0
7RiWdR02uwbPjTJVUhmGAw,"Bars, Pubs, Comfort Food, Beer, Wine & Spirits, Food, Nightlife, Salad, Restaurants, Pizza",43.6792427,-79.297302,The Grover Pub,28,3.5,0,0,2,0,2,0,0,1,0,0,0,0,0,2,0,2,2,2,3,1,2,2,2,0,2,0,0,3,2,0
8cJoGPscslBSdpHJ8e0MQA,"Restaurants, Persian/Iranian",43.7584335,-79.409785,Chelo Box,3,4.5,0,0,0,0,2,0,0,2,0,0,0,0,0,0,2,2,0,2,3,2,0,0,2,1,2,0,2,3,1,0
9Dw5pJrMiyCXkTI1tB6clw,"Parking, Automotive",43.639906,-79.379755,Standard Parking,3,1.0,0,0,0,0,0,0,0,0,0,0,0,0,0,0,0,0,0,0,0,0,0,0,0,0,0,0,0,0,0,0
9mn_ujmums6B7y6kUQPaJQ,"Hair Salons, Makeup Artists, Beauty & Spas, Skin Care, Waxing, Nail Salons, Hair Removal",43.6418788,-79.431245,Linda Cameo Beauty Salon,3,1.5,0,0,0,0,0,0,1,0,0,0,0,0,0,0,0,0,0,0,0,0,0,0,0,0,0,0,2,0,0,0
9pp4WAPcvgwA_3FsHmMXBA,"Restaurants, Cafes, Indian, Pakistani, Bangladeshi",43.7428658,-79.3084843,Chawk Bazar South Asian Eatery,38,3.5,0,0,0,0,0,0,0,0,0,0,0,0,0,2,0,2,0,0,1,2,2,2,2,0,2,0,0,1,3,0
Bat8LrfSwHArQIJebEMyng,"Boating, Active Life, Trainers, Fitness & Instruction, Beaches, Rafting/Kayaking, Lakes, Paddleboarding",43.6275508,-79.3572263,Toronto Island SUP,12,5.0,0,0,0,0,2,0,2,0,0,0,2,0,0,2,0,0,0,0,0,0,0,0,0,0,0,0,2,0,1,0
BsqBS24WbMPmenzTWT5cyw,"Hair Salons, Beauty & Spas, Nail Salons",43.6695816,-79.3885728,Haartek Salon,4,3.0,0,0,0,0,2,0,2,0,0,0,0,0,0,2,0,0,0,0,0,0,0,3,0,0,0,0,0,0,0,0
C4IiygusgzhVTTqK_DgQrw,"Sports Medicine, Chiropractors, Medical Centers, Massage, Health & Medical, Beauty & Spas, Acupuncture, Massage Therapy, Doctors, Physical Therapy",43.6466123,-79.3847471,Emkiro Health Services,36,3.0,0,0,0,0,2,0,1,0,0,0,0,0,0,0,0,0,0,0,0,0,0,4,0,0,0,0,0,0,0,0
C4O-xIlNZN6r0XzqtsVugw,"American (Traditional), Comfort Food, Restaurants, Canadian (New)",43.6899297,-79.3949411,Swiss Chalet Rotisserie & Grill,8,2.0,0,0,2,0,2,0,0,0,0,0,0,0,0,2,0,2,2,1,0,2,2,2,1,2,2,0,0,0,0,0
DfLF3QDZq2RA-8J3Adrxhg,"Canadian (New), Restaurants, Seafood, Sports Bars, Nightlife, Pubs, Bars",43.6709549,-79.2966801,Gabby's Food and Fuel,7,3.5,0,0,2,0,2,2,0,1,0,0,0,0,0,1,0,2,3,1,3,2,2,2,2,0,2,0,0,3,1,0
EDmSL51WTSuJEsTWEgIrVQ,"Shopping, Home & Garden, Furniture Stores",43.7542323,-79.2760784,Imperial Home Furnishing,4,1.0,0,0,0,0,0,0,0,0,0,0,0,0,0,0,0,0,0,0,0,0,0,0,0,0,0,0,0,0,0,0
FqRCAcjt7RHuJUPmS5UYdw,"Local Services, Electronics Repair, Mobile Phone Repair, Mobile Phones, IT Services & Computer Repair, Shopping",43.6794385,-79.3436294,uBreakiFix,4,4.0,0,0,0,0,2,0,0,0,0,0,0,0,0,0,0,0,0,0,0,0,0,2,0,0,0,0,0,0,1,0
Ft54rxPfVRo2VGAEG20O0Q,"Food, Restaurants, Himalayan/Nepalese, Chinese, Indian, Asian Fusion, Hakka, Donuts, Dumplings",43.6400958,-79.4381103,Little Tibet  Restaurant,19,4.5,0,0,2,0,2,0,1,2,0,0,2,0,0,2,1,2,0,2,3,1,2,0,2,2,2,0,1,3,1,0
G2Ti46pDBxMjI7-1-JPjHQ,"Burgers, Food, Restaurants",43.6511809,-79.3842377,Hero Certified Burgers - Sheraton Centre Hotel,5,3.0,0,0,0,0,2,0,0,1,0,0,0,1,0,2,0,1,0,1,1,1,2,1,1,0,2,0,0,1,1,0
GIHb9hhmyaAKGncuJMTI8g,"Restaurants, Vietnamese",43.7569679,-79.5196872,Pho Com Vietnam,21,3.0,0,0,1,0,2,0,0,2,0,0,0,0,0,2,0,2,2,1,1,1,2,1,1,0,2,0,0,1,4,0
I0Na8CN_Mtvdzx9Nw18l1g,"Specialty Schools, Fitness & Instruction, Education, Active Life",43.746322,-79.474332,Toronto School of Circus Arts,6,4.0,0,0,0,0,0,0,0,0,0,0,0,0,0,0,0,0,0,0,0,0,0,0,0,0,0,0,0,0,0,0
I6cczJ6DrDbaTevJlf8hsw,"Food, Coffee & Tea",43.6815782,-79.4279247,Kurtis Coffee,6,4.0,0,0,0,0,2,0,0,0,0,0,0,0,0,0,0,0,0,2,1,0,0,1,0,0,2,0,0,1,2,0
IGGDsLbFfqlqueE40hspdg,"Restaurants, Chinese",43.6495095,-79.4216393,SoSo Food Club,77,4.0,0,0,2,0,1,0,0,1,0,0,1,0,0,2,0,1,0,1,3,2,2,2,2,2,2,0,2,3,1,0
J-_Tb20y1PhzTbP0IlmMHg,"Hair Salons, Beauty & Spas",43.6445283,-79.4181022,Dat Salon,103,4.5,0,0,0,0,2,0,1,0,0,0,0,0,0,2,0,0,0,0,3,0,0,2,0,0,0,0,1,3,10,0
J89YRJa_3hgwdgj_njdfuQ,"Beauty & Spas, Hair Salons",43.7092378,-79.3988511,Mazz Salon,12,3.5,0,0,0,0,2,0,2,0,0,0,0,0,0,2,0,0,0,0,0,0,0,3,0,0,0,0,0,0,1,0
Jmay78aOzmyWHkpviqUEGA,"American (New), Canadian (New), Restaurants",43.6678849,-79.4280907,Actinolite Restaurant,79,4.0,0,0,2,0,2,0,0,1,0,0,0,0,0,1,0,1,2,2,1,1,2,4,2,0,1,0,0,1,5,0
LpGzgTGDr12P_xUaCQ-Tjg,"Shopping, Bike Rentals, Sporting Goods, Active Life, Bikes, Local Services, Bike Repair/Maintenance",43.6786812,-79.2984885,Cycle Solutions,21,4.5,0,0,0,0,2,0,0,0,0,0,0,0,0,2,0,0,0,0,0,0,0,2,0,0,0,0,0,0,1,0
Lzr34VkDJQ6l8oWq9MptAA,"Restaurants, Japanese, Sushi Bars",43.6624233,-79.3839627,Sushi Sky Japanese Restaurant,153,3.0,0,0,1,0,2,0,0,1,0,0,0,0,0,2,0,2,2,1,1,2,2,2,2,0,2,0,0,1,23,0
MLohiaazlZrH8RsO3BLLNQ,"Optometrists, Shopping, Health & Medical, Eyewear & Opticians",43.6685657,-79.3931175,"Michael Rotholz, OD",5,4.5,0,0,0,0,0,0,2,0,0,0,0,0,0,0,0,0,0,0,0,0,0,3,0,0,0,0,0,0,0,0
MwxMuG5hvEL0sGzgGVlAXw,"Grocery, Food",43.6398874,-79.4177915,Metro,48,3.0,0,0,0,0,2,0,0,1,0,0,0,0,0,0,0,0,0,0,0,0,0,2,0,0,2,0,2,0,18,0
NLfVr7IGNIu5c4TooFbF4Q,"Specialty Schools, Special Education, Education, Educational Services, Adult Education, Driving Schools",43.6887264,-79.3919129,Honours Driving School,5,4.0,0,0,0,0,0,0,0,0,0,0,0,0,0,0,0,0,0,0,0,0,0,0,0,0,0,0,0,0,0,0
NOXhx8sx9Ta6ouf2aqCpPQ,"Nail Salons, Beauty & Spas",43.6672049,-79.4875255,Nice One Nails,10,2.0,0,0,0,0,2,0,2,0,0,0,0,0,0,0,0,0,0,0,0,0,0,1,0,0,0,0,0,0,3,0
Pd61kr7Tfoh0lLq7Kz8PuQ,"Caribbean, Vegan, Restaurants",43.6882675,-79.4924573,V's Caribbean Restaurant,35,4.5,0,0,0,0,2,0,0,0,0,0,0,0,0,2,0,2,1,1,0,1,2,2,1,0,2,0,0,0,5,0
QnHbzG_oP_llujHJZZ9Q9A,"Gastropubs, Food, Nightlife, Irish, Comfort Food, Beer, Wine & Spirits, Bars, Restaurants",43.6969461304,-79.3960864001,Fionn MacCool's Irish Pub,16,3.0,0,0,2,0,2,0,0,1,0,0,0,0,0,1,0,2,1,2,3,2,2,2,2,0,1,0,0,3,2,0
R2BKGMHjxSDWyFVJ44tONQ,"Italian, French, Breakfast & Brunch, Restaurants",43.6670117,-79.3812744,RIstorante Marzitelli,4,5.0,0,0,0,0,0,0,0,0,0,0,0,0,0,0,0,0,0,0,0,0,0,0,0,0,0,0,0,0,0,0
R7mMAQSf-JfAA-CP13ZAQw,"Donuts, Food",43.6726942,-79.3196548,Glory Hole Doughnuts,18,4.5,0,0,0,0,0,0,0,0,0,0,0,0,0,0,0,0,0,0,0,0,0,0,0,0,0,0,0,0,0,0
SucJwTrxbA0ko8V0HddGzg,"Thai, Restaurants",43.6462214,-79.448585,Thai Chef Cuisine,35,3.5,0,0,2,0,2,0,0,1,0,0,0,0,0,2,0,2,2,1,1,2,2,2,2,2,2,0,0,1,2,0
TuJVTcMHZTf7tP6hBS3gRw,"Food, Coffee & Tea",43.6392011,-79.4255473,Louie Craft Coffee,29,4.5,0,0,0,0,2,0,0,0,0,0,0,0,0,0,0,0,0,1,3,0,0,1,0,0,2,0,0,3,6,0
V01onLi7ezGFSeoaosfw1g,"Comfort Food, Slovakian, Restaurants",43.6021635,-79.5457598,V's Schnitzel House,18,3.5,0,0,2,0,2,0,0,0,0,0,0,0,0,2,0,2,2,1,1,1,2,2,1,2,2,0,0,1,1,0
X_zrvDphrzH4ATBioPvALg,"Home Services, Plumbing, Shopping, Heating & Air Conditioning/HVAC, Home & Garden",43.6527552,-79.4299375,Maia Plumbing Supplies,5,4.0,0,0,0,0,0,0,0,0,0,0,0,0,0,0,0,0,0,0,0,0,0,0,0,0,0,0,2,0,1,0
Xy7FtuzSt62vrVv-u7HJqA,"Pilates, Fitness & Instruction, Sporting Goods, Trainers, Active Life, Shopping",43.7060902,-79.3985366,Merrithew,7,4.5,0,0,0,0,2,0,1,0,0,0,0,0,0,1,0,0,0,0,0,0,0,0,0,0,0,0,0,0,0,0
a0YR6X16Dw_7AbXPC6vO5g,"Cardio Classes, Gyms, Weight Loss Centers, Health & Medical, Fitness & Instruction, Active Life, Trainers",43.6484022348,-79.4861892442,Orangetheory Fitness Bloor West,6,3.5,1,0,0,0,2,0,1,0,0,0,0,0,0,1,0,0,0,0,0,0,0,0,0,0,0,0,0,0,1,0
awRW2hZfE1JFAzAiyNcEVw,"Food, Grocery",43.7155387,-79.3930704,Summerhill Market,8,3.0,0,0,0,0,0,0,0,0,0,0,0,0,0,0,0,0,0,0,0,0,0,4,0,0,2,0,0,0,1,0
bTJy-T4httZJ022YmPv1Tw,"Shopping, Antiques",43.6808923,-79.4306543,Buy and Sell,4,3.5,0,0,0,0,0,0,1,0,0,0,0,0,0,0,0,0,0,0,0,0,0,1,0,0,0,0,0,0,0,0
crq531WqwS9WQ_BpZ4xtow,"Fitness & Instruction, Martial Arts, Active Life",43.6476012343,-79.3725914335,Elite Martial Arts,7,5.0,0,0,0,0,2,0,1,0,0,0,0,0,0,1,0,0,0,0,0,0,0,0,0,0,0,0,0,0,0,0
dSt1ohSzTEbwosyfdUmwOA,"Baby Gear & Furniture, Shopping, Toy Stores",43.6391784399,-79.4151253828,Love Me Do Baby & Maternity,15,4.5,0,0,0,0,2,0,0,0,0,0,0,0,0,0,0,0,0,0,0,0,0,2,0,0,0,0,0,0,1,0
dgybAlayjG0v8qpHV21WAg,"Active Life, Fitness/Exercise Equipment, Fitness & Instruction, Sporting Goods, Gyms, Shopping",43.7652582,-79.4720847,Fitness Avenue,11,2.5,0,0,0,0,0,0,0,0,0,0,0,0,0,0,0,0,0,0,0,2,0,1,0,0,0,0,0,0,3,0
dpMEFHdYmTePlbZ7RdpXMA,"Tabletop Games, Shopping, Video Game Stores, Books, Mags, Music & Video, Hobby Shops",43.7846582,-79.2528052,Board Game Bliss,7,5.0,0,0,0,0,2,0,0,0,0,0,1,0,0,0,0,0,0,0,0,0,0,0,0,0,0,0,1,0,1,0
f4fPYpby7By1VbcELnmpIQ,"Beauty & Spas, Eyelash Service, Hair Removal, Waxing",43.641635,-79.4729443,Cherry Lash Lounge Toronto,10,5.0,0,0,0,0,2,0,2,0,0,0,0,0,0,0,0,0,0,0,3,0,0,1,0,0,0,0,2,3,0,0
fobkeIEzbJtej-udG4UoRg,"Restaurants, Tapas Bars",43.6497573,-79.3596379,Madrina Bar y Tapas,78,4.0,0,0,0,0,0,2,0,0,0,0,0,0,0,0,0,2,0,2,0,0,2,2,2,2,0,0,0,0,3,0
hzRntP2TXWd3-wAfIvE6Jw,"Arcades, Escape Games, Active Life, Arts & Entertainment",43.7534897,-79.4646133,Escape Games Canada,119,4.5,0,0,0,0,1,0,2,0,0,0,1,0,0,1,0,0,0,0,0,0,0,0,0,0,0,0,1,0,10,0
i3jZgPgXPtXbZIjv7obagQ,"Chinese, Restaurants",43.6486362,-79.3817439,Szechuan Express,12,2.5,0,0,0,0,0,0,0,0,0,0,0,0,0,1,0,2,3,1,0,1,1,2,1,0,2,0,0,0,6,0
i6hWP3si97eKQl_JyK8L3w,"Hotels, Event Planning & Services, Hotels & Travel",43.6499459,-79.385479,Hilton Toronto,144,3.5,0,0,0,0,0,2,0,0,0,0,1,0,0,0,0,0,0,0,3,0,0,3,0,0,0,0,0,3,19,0
ibNxVcSE7peefvDUGEFvzQ,"Bars, Pubs, Nightlife, Food, Cideries, Breakfast & Brunch, Restaurants",43.6507396534,-79.4505900824,Cider House,39,3.5,0,0,2,0,2,0,1,1,0,0,0,0,1,0,1,1,3,1,3,0,1,2,2,0,2,1,2,3,3,0
k-FRdiAKx8a82XLSThpVgQ,"Massage, Day Spas, Hair Loss Centers, Hair Salons, Beauty & Spas, Skin Care, Health & Medical, Medical Spas",43.6737913,-79.395781,Odjibik Hair Repair,14,4.0,0,0,0,0,2,0,2,0,0,0,0,0,0,1,0,0,0,0,0,0,0,2,0,0,0,0,1,0,0,0
kL7u1A1lIsefy_NGYZN9vg,"Sandwiches, Restaurants, Breakfast & Brunch",43.6527954,-79.3788429,La Prep,8,4.0,0,0,0,0,1,0,0,1,0,0,0,0,0,2,0,2,2,2,1,1,1,2,1,0,2,0,0,1,3,0
kjZ7Mk1fvjgFCQxHpEn4hw,"Sushi Bars, Restaurants",43.656086,-79.39307,Kuni Sushi Ya,96,2.5,0,0,1,0,2,0,0,1,0,0,0,0,0,2,0,2,2,2,1,2,2,2,2,0,2,0,0,1,7,2
mDSmQYZm93Mump5ILiQ4cQ,"Fashion, Arts & Crafts, Shopping, Women's Clothing",43.6654196,-79.3850218,Axiom Ladies Boutique,3,5.0,0,0,0,0,2,0,0,0,0,0,0,0,0,0,0,0,0,0,0,0,0,1,0,0,0,0,0,0,0,0
n6gjIFyDUfQWthBmH6WXRw,"Bridal, Shopping",43.6773717,-79.3539701,Vogue Sposa Bridal Boutique,11,3.5,0,0,0,0,0,0,2,0,0,0,0,0,0,0,0,0,0,0,0,0,0,3,0,0,0,0,0,0,1,0
oY-qFP5C-t0KUknxELTzQA,"Coffee & Tea, Food",43.6437317,-79.4217339,El Almacen Yerba Mate Café,80,4.0,0,0,0,0,2,0,0,0,0,0,0,0,0,0,0,0,0,2,3,0,0,1,0,0,2,0,0,3,31,0
p0oPR5mjAf12n5__vidhSw,"Nail Salons, Beauty & Spas, Hair Removal, Waxing, Eyelash Service",43.6436358,-79.4031185,GIOIA Beauty Bar & Spa,14,2.5,0,0,0,0,2,0,1,0,0,0,0,0,0,0,0,0,0,0,0,0,0,2,0,0,0,0,2,0,4,0
pQqZ1bsWfc03sfKZkWR5zQ,"Colleges & Universities, Education, Elementary Schools, Middle Schools & High Schools",43.6693937,-79.4104497,Royal St George's College,3,3.5,0,0,0,0,0,0,0,0,0,0,0,0,0,0,0,0,0,0,3,0,0,0,0,0,0,0,0,3,0,0
q0tMKr-hzS4UT0RArdZfzQ,"Coffee & Tea, Food",43.6691754,-79.3527567,Rooster Coffee House,144,4.5,0,0,0,0,2,0,0,1,0,0,0,0,0,2,0,0,0,2,3,0,0,2,0,0,2,0,0,3,28,0
qBFIPUEXBCI4nE3dsa7rlQ,"Pet Stores, Pet Services, Pets, Pet Groomers",43.666145,-79.3182237,Canine Clips,19,4.5,0,0,0,0,0,0,0,0,0,0,0,0,0,0,0,0,0,0,0,0,0,0,0,0,0,0,0,0,3,0
qQOysPSAXDMs1rLy6KOiMw,"Fitness & Instruction, Active Life, Climbing, Education",43.6657479,-79.3425119,The Rock Oasis,41,3.5,0,0,0,0,2,0,0,0,0,0,0,0,0,2,0,0,0,0,0,0,0,0,0,0,0,0,0,0,3,0
ruYdwx_Iw25ca5W1db3fMg,"Beauty & Spas, Nail Salons",43.6542114,-79.4522923,Glamour Nail Salon,4,3.5,0,0,0,0,0,0,2,0,0,0,0,0,0,0,0,0,0,0,0,0,0,0,0,0,0,0,0,0,0,0
sKT1nsEdyl3Y4JRPGFAFzg,"Yoga, Fitness & Instruction, Pilates, Active Life",43.6461256,-79.4196726,MISFITSTUDIO,6,4.0,0,0,0,0,0,0,2,0,0,0,0,0,0,1,0,0,0,0,0,0,0,0,0,0,0,0,0,0,1,0
sQRbbL_-MQ-MTjdD9VuGbA,"Dry Cleaning & Laundry, Local Services, Laundry Services, Dry Cleaning",43.6370241,-79.3959725,Golden Thread Dry Cleaners,3,2.5,0,0,0,0,0,0,0,0,0,0,0,0,0,0,0,0,0,0,0,0,0,3,0,0,0,0,0,0,0,0
t6Dpmj8DwyvzfGpmlocaZw,"Restaurants, Mediterranean, Specialty Food, Tex-Mex, Fast Food, Salad, Food, Juice Bars & Smoothies, Vegetarian",43.6449907389,-79.3858645856,Freshii,3,2.5,0,0,0,0,0,0,0,0,0,0,0,0,0,2,0,0,0,0,3,0,2,2,1,0,2,0,0,3,2,0
vJN_0jB2GRFrk5mMadkcBQ,"Health & Medical, Dentists, Cosmetic Dentists, General Dentistry",43.646007,-79.4000702,Opencare,3,1.5,0,0,0,0,0,0,0,0,0,0,0,0,0,0,0,0,0,0,0,0,0,0,0,0,0,0,0,0,0,0
w737ZnuyX-k0_0J_t0vkmQ,"Restaurants, Buffets",43.6687916161,-79.3910880741,The Courtyard Cafe,7,2.5,0,0,0,0,0,0,0,0,0,0,0,0,0,2,0,2,2,1,0,1,2,3,2,0,1,0,0,0,0,0
zVG5fus_y1z7gAwDUQ-Wfg,"Desserts, Event Planning & Services, Bakeries, Specialty Food, Food, Chocolatiers & Shops, Caterers",43.6792189,-79.4397096,Cakes Cove,10,3.5,0,0,0,0,2,0,0,0,0,0,0,0,0,0,0,0,0,0,0,2,0,2,0,0,2,0,2,0,1,0
