business_id,categories,latitude,longitude,name,review_count,stars,AcceptsInsurance,AgesAllowed,Alcohol,BYOB,BikeParking,BusinessAcceptsCreditCards,ByAppointmentOnly,Caters,CoatCheck,Corkage,DogsAllowed,DriveThru,GoodForDancing,GoodForKids,HappyHour,HasTV,NoiseLevel,OutdoorSeating,RestaurantsAttire,RestaurantsDelivery,RestaurantsGoodForGroups,RestaurantsPriceRange2,RestaurantsReservations,RestaurantsTableService,RestaurantsTakeOut,Smoking,WheelchairAccessible,WiFi,tips_counter_bz,total_compliments_bz
-OLU6r79cKnyPGLi-dvqDw,"Local Services, Bike Rentals, Bike Repair/Maintenance, Sporting Goods, Active Life, Shopping, Bikes",43.6661187,-79.3178731,Velotique,22,4.0,0,0,0,0,2,0,1,0,0,0,2,0,0,2,0,0,0,0,0,0,0,2,0,0,0,0,2,0,3,0
-bJ6Y5QmO8Uvc383xjC-OA,"Lounges, Music Venues, Restaurants, Pubs, Bars, Dive Bars, Comfort Food, Event Planning & Services, Venues & Event Spaces, Barbeque, Sandwiches, Gluten-Free, Arts & Entertainment, Cocktail Bars, Nightlife",43.6540394837,-79.4136736854,The Monarch Tavern,35,4.0,0,0,2,0,2,0,0,2,0,0,0,0,0,1,0,2,2,1,3,1,2,2,2,0,1,0,0,3,5,0
-wVY4n2kHXz38kT7Uy0BOQ,"Bagels, Food, Donuts, Coffee & Tea",43.6477040939,-79.3705069274,Tim Hortons,5,4.0,0,0,0,0,2,0,0,2,0,0,0,0,0,0,0,0,0,2,3,0,0,1,0,0,2,0,0,3,3,0
0a9uFl_rB7vAN__D4KPnNQ,"Food, Coffee & Tea",43.647452,-79.40387,Starbucks,16,3.5,0,0,0,0,2,2,0,0,0,0,0,0,0,0,0,0,0,1,3,0,0,2,0,0,2,0,0,3,10,0
3OLyQAlAYAC0Amnr5aO81Q,"Specialty Food, Food, Chocolatiers & Shops, Ice Cream & Frozen Yogurt, Desserts",43.6097787,-79.560642,Laura Secord,3,3.0,0,0,0,0,0,0,0,0,0,0,0,0,0,0,0,0,0,0,0,0,0,0,0,0,0,0,0,0,0,0
6mdBAB5Dg12cRuciSQqqmA,"Optometrists, Health & Medical, Shopping, Eyewear & Opticians",43.707221,-79.3991697,Optika,9,3.5,2,0,0,0,2,0,0,0,0,0,0,0,0,0,0,0,0,0,0,0,0,2,0,0,0,0,0,0,1,0
APTMjoe2_EM4lVxWTNeYBQ,"Halal, Burgers, Persian/Iranian, Sandwiches, Pizza, Restaurants",43.7748786,-79.4132928,Cottage,9,4.0,0,0,0,0,2,0,0,2,0,0,1,0,0,1,0,2,0,2,3,2,2,2,2,0,2,0,2,3,1,0
BJtD7LzhDth8suYoWqE8fA,"Home Services, Appliances & Repair, Mobile Home Repair, Local Services",43.7903086,-79.4529699,Max Appliance Repair,3,1.0,0,0,0,0,0,0,0,0,0,0,0,0,0,0,0,0,0,0,0,0,0,0,0,0,0,0,0,0,0,0
BN-NFzcTzQL0a-GIe8LLZg,"Mobile Phones, Shopping, Electronics, Local Services, Electronics Repair",43.6703172,-79.3903462,PhoneBox,3,3.5,0,0,0,0,0,0,0,0,0,0,0,0,0,0,0,0,0,0,0,0,0,1,0,0,0,0,0,0,0,0
BXgfD10M9MDESEUom_D-bw,"Laundromat, Dry Cleaning & Laundry, Laundry Services, Local Services",43.6685416987,-79.3700388819,New World Coin Laundry,4,3.0,0,0,0,0,2,0,0,0,0,0,0,0,0,0,0,0,0,0,3,0,0,2,0,0,0,0,0,3,0,0
C-FbjdXGX7PtL3kBb7ytiA,"Massage Therapy, Massage, Health & Medical, Nutritionists, Chiropractors, Acupuncture, Beauty & Spas",43.6420929,-79.3983832,The Health Loft,7,5.0,0,0,0,0,0,0,2,0,0,0,0,0,0,0,0,0,0,0,0,0,0,2,0,0,0,0,0,0,0,0
CfYZJ81nL6-6fFqS8OMR9Q,"Nightlife, Caribbean, Restaurants, Chinese, Bars, Lounges",43.8012516,-79.2004466,Tropical Nights Restaurant & Lounge,25,3.0,0,0,2,0,2,0,0,2,1,0,0,0,2,2,2,2,4,2,1,2,2,2,2,2,2,2,0,1,3,0
EuGjOxz-yFTfBXJwZxuP8Q,"Desserts, Specialty Food, Food, Modern European, Bakeries, Restaurants, Coffee & Tea",43.6325328,-79.5521779,Sarajevo Grill & Meat,7,4.5,0,0,0,0,2,0,0,1,0,0,0,0,0,1,0,2,1,1,1,1,1,2,1,1,2,0,0,1,0,0
H-5aXxnerjwkKK9SSiQksA,"Fashion, Shopping, Women's Clothing, Accessories",43.6416329,-79.4469803,Coal Miner's Daughter,4,4.0,0,0,0,0,2,0,0,0,0,0,2,0,0,0,0,0,0,0,0,0,0,3,0,0,0,0,2,0,1,0
HHvO4MgBFabsmlInou6viQ,"Restaurants, French",43.6500784,-79.4351396,Le Baratin,92,4.5,0,0,2,0,2,0,0,1,0,0,1,0,0,2,0,1,2,1,3,1,2,2,2,2,2,0,1,3,5,0
Hq7XQ_DiIwrAmTvlhtXBjA,"Day Spas, Shopping, Beauty & Spas",43.6497133,-79.4832916,Eva Angelina Spa,8,2.0,0,0,0,0,0,0,2,0,0,0,0,0,0,0,0,0,0,0,0,0,0,2,0,0,0,0,0,0,0,0
J0r3pU8KHfLKBe7jIIK0Rw,"Gyms, Active Life, Sports Clubs, Fitness & Instruction, Beauty & Spas, Day Spas",43.6715255,-79.3946025,Equinox Yorkville,23,2.5,0,0,0,0,0,0,1,0,0,0,0,0,0,1,0,0,0,0,0,0,0,3,0,0,0,0,0,0,1,0
JWESGRCfnmfROiCF-P6aNA,"Juice Bars & Smoothies, Mediterranean, Canadian (New), Food, American (New), Ice Cream & Frozen Yogurt, Restaurants",43.6435428,-79.3761819,Feta and Olives,19,3.0,0,0,0,0,2,0,0,2,0,0,1,0,0,2,0,1,2,2,3,2,1,1,1,1,2,0,1,3,1,0
JXPbwc0LkEJxQstYgb84Zw,"Restaurants, Filipino, Street Vendors, Food",43.649244373,-79.4209552556,Tocino Boys,8,4.5,0,0,0,0,2,0,0,0,0,0,0,0,0,0,0,0,0,0,0,0,0,1,0,0,1,0,0,0,1,0
KJn6MkHUXtpMKloNT8_iVw,"Restaurants, Mexican",43.6772594,-79.3983216,La Libre,7,2.5,0,0,0,0,0,0,0,0,0,0,0,0,0,2,0,0,0,2,0,0,2,0,2,0,2,0,0,0,3,0
LEdi-b-D2Vr-k7vkCWfWbw,"Beauty & Spas, Day Spas, Skin Care, Medical Spas, Health & Medical",43.7032986792,-79.3879600614,Midtown Med Spa,3,3.5,0,0,0,0,0,0,0,0,0,0,0,0,0,0,0,0,0,0,0,0,0,0,0,0,0,0,0,0,0,0
LW_klG0djIpgsro0JdAqtg,"Home Services, Plumbing, Heating & Air Conditioning/HVAC, Water Purification Services, Water Heater Installation/Repair",43.7742959,-79.3260475,Reliance Home Comfort,42,1.5,0,0,0,0,0,0,2,0,0,0,0,0,0,0,0,0,0,0,0,0,0,0,0,0,0,0,0,0,2,0
M541HCnBea844bejABQXAw,"Restaurants, Gluten-Free, Food, Specialty Food, Bagels",43.7464094,-79.5272798,O'Doughs,3,5.0,0,0,0,0,0,0,0,0,0,0,0,0,0,0,0,0,0,0,0,0,0,0,0,0,0,0,0,0,0,0
MPhhbu9HfDK0OjdtdFN1BA,"Food, Pizza, Italian, Restaurants, Chicken Wings",43.6679839,-79.3698118,Pizza Pizza,4,2.0,0,0,0,0,0,0,0,0,0,0,0,0,0,2,0,0,0,0,0,2,1,1,1,0,2,0,0,0,1,0
PBVBYlrkgP6uqYnx7GRbsw,"Department Stores, Tires, Fashion, Automotive, Shopping",43.6704326,-79.471975,Canadian Tire,20,2.5,0,0,0,0,2,0,0,0,0,0,0,0,0,0,0,0,0,0,0,0,0,2,0,0,0,0,0,0,6,0
PDdrS2b9TcE5jVDCFWtxLQ,"Lawyers, Professional Services, Immigration Law",43.7068303,-79.3991294,Bellissimo Law Group,7,3.0,0,0,0,0,0,0,2,0,0,0,0,0,0,0,0,0,0,0,0,0,0,0,0,0,0,0,0,0,0,0
PRkTf9F0XQ8AD1sZI0irsw,"Coffee & Tea, Food",43.7107417,-79.3606806,Starbucks,5,3.0,0,0,0,0,2,0,0,1,0,0,0,0,0,0,0,0,0,2,3,1,1,2,1,0,2,0,0,3,3,0
PhfhhEcD8NKf4W6Oeh2zXw,"Real Estate, Real Estate Services, Real Estate Agents, Home Services",43.6702168,-79.4131944,Alex Beauregard - Freeman Real Estate,3,4.5,0,0,0,0,0,0,0,0,0,0,0,0,0,0,0,0,0,0,0,0,0,0,0,0,0,0,0,0,0,0
ShmZE_Z_RhWu0500k6M2LA,"Bars, Cocktail Bars, Restaurants, Nightlife, Tapas/Small Plates",43.6693425065,-79.3356175923,Yard Sale Bar,3,4.5,0,0,0,0,0,0,0,0,0,0,0,0,0,0,0,0,0,2,0,0,0,0,0,0,0,0,0,0,1,0
VBO1TKsAoCEwkwyGnQNV3w,"Accessories, Shoe Stores, Fashion, Women's Clothing, Shopping, Men's Clothing",43.6693904,-79.3910869,Holt Renfrew Men,4,2.0,0,0,0,0,2,0,0,0,0,0,0,0,0,0,0,0,0,0,0,0,0,4,0,0,0,0,0,0,1,0
VJuNA1mqEvjXUCB5rO3rvw,"Food, Desserts, Specialty Food, Bakeries, Chocolatiers & Shops",43.6483154,-79.3714179,Aren't We Sweet,8,3.5,0,0,0,0,0,0,0,0,0,0,0,0,0,0,0,0,0,0,0,1,0,2,0,0,0,0,0,0,3,0
VNLPeJ3DJqzZv1uuMEK1tg,"Eyewear & Opticians, Optometrists, Shopping, Health & Medical",43.6490523,-79.394189,Ollie Quinn,13,4.5,2,0,0,0,2,0,1,0,0,0,2,0,0,0,0,0,0,0,0,0,0,2,0,0,0,0,2,0,1,0
VRTGuPtIyjqrO_YvTQG20w,"Waxing, Nail Salons, Beauty & Spas, Hair Salons, Hair Removal",43.6636929,-79.4177244,Joanne Co Beauty Institute,3,4.5,0,0,0,0,0,0,1,0,0,0,0,0,0,2,0,0,0,0,0,0,0,2,0,0,0,0,0,0,0,0
WoLGuuAdU1W-0eMgKVm8Dw,"Accessories, Fashion, Shopping, Hats",43.649699,-79.3913141,Brimz,7,4.5,0,0,0,0,2,0,1,0,0,0,0,0,0,0,0,0,0,0,0,0,0,3,0,0,0,0,0,0,0,0
XVuxeNIiX7eVTBb9cBirzw,"Skin Care, Hair Salons, Beauty & Spas, Day Spas, Hair Removal",43.63736,-79.4245351,L Studio Salon and Spa,6,4.0,0,0,0,0,2,0,1,0,0,0,0,0,0,2,0,0,0,0,0,0,0,2,0,0,0,0,2,0,2,0
Xsgzfhrh3SdFStTcJeInIQ,"Pets, Pet Groomers, Pet Stores, Pet Services",43.6392628,-79.4266526,Pet Valu,12,4.5,0,0,0,0,0,0,0,0,0,0,0,0,0,0,0,0,0,0,0,0,0,0,0,0,0,0,0,0,1,0
YJLMczqUMejz1jAmVGokqQ,"Restaurants, Cafes, Food",43.7231161,-79.3759458,M Wing Cafeteria at Sunnybrook,7,1.5,0,0,0,0,0,0,0,0,0,0,0,0,0,2,0,2,0,0,0,1,2,2,1,0,2,0,0,0,2,0
Yo8v4m-OpfLYAu1nJYdYrA,"Active Life, Fishing",43.7145785,-79.2388461,We Pound-em Fishing,3,5.0,0,0,0,0,0,0,0,0,0,0,0,0,0,0,0,0,0,0,0,0,0,0,0,0,0,0,0,0,0,0
ZWcGe0iiuLUlQIu_zxQlPw,"Hot Dogs, Restaurants, Burgers, Poutineries",43.6646973,-79.3684366,Fancy Franks,6,3.0,0,0,0,0,0,0,0,2,0,0,0,1,0,0,0,1,2,1,0,2,1,2,1,1,2,0,2,0,0,0
aDpIVPZ5sg0uJ951Untwvw,"Bubble Tea, Food",43.6409562,-79.4021719,Bean + Pearl,7,2.5,0,0,0,0,0,0,0,0,0,0,0,0,0,0,0,0,0,0,0,0,0,0,0,0,0,0,0,0,1,0
egtrlwsnIWSqCXIWbnCuzw,"Local Services, Electronics Repair, IT Services & Computer Repair, Mobile Phones, Mobile Phone Repair, Shopping",43.6673921,-79.3853566,Gadgets Plus,7,2.0,0,0,0,0,1,0,0,0,0,0,0,0,0,0,0,0,0,0,0,0,0,1,0,0,0,0,0,0,0,0
g29Wq8-qWAQok49AQO2WqQ,"Indian, Restaurants",43.6508421,-79.477041,Bukhara Grill,61,4.0,0,0,1,0,2,0,0,2,0,0,0,0,0,2,0,2,1,1,1,2,2,2,2,0,2,0,0,1,7,0
gAxeeJKwJtxp3uH9zUQ2aQ,"Hobby Shops, Sandwiches, Cafes, Books, Mags, Music & Video, Restaurants, Video Game Stores, Tabletop Games, Shopping, Arts & Entertainment",43.6517185,-79.4079115,A-Game Cafe,91,4.5,0,0,1,0,2,0,0,1,0,0,0,0,0,2,1,2,2,1,3,1,2,1,2,2,1,0,1,3,6,0
hOR6LwraC8EroaPRppC3sA,"Venues & Event Spaces, Bars, Event Planning & Services, Nightlife, Cocktail Bars",43.6475294,-79.3880142,Storys Building,3,4.5,0,0,0,0,0,0,0,0,0,0,0,0,0,0,0,0,0,0,0,0,0,0,0,0,0,0,0,0,2,0
hrk8cTITGnWbK7NIQL6Aew,"Performing Arts, Arts & Entertainment",43.6472536,-79.3875276,Royal Alexandra Theatre,30,3.5,0,0,0,0,0,0,0,0,0,0,1,0,0,2,0,0,0,0,0,0,0,0,0,0,0,0,0,0,8,0
hyPsCwJC20PZdPfdzkKOnA,"Piercing, Beauty & Spas, Tattoo",43.694882,-79.4547389,Madd Art Tattoo,3,4.5,0,0,0,0,0,0,1,0,0,0,0,0,0,0,0,0,0,0,0,0,0,2,0,0,0,0,0,0,0,0
ipI4ro9llBJKZ_R_KFOeyg,"Barbers, Beauty & Spas",43.6517558,-79.3682897,Gents Barbershop,17,4.0,0,0,0,0,2,0,1,0,0,0,0,0,0,0,0,0,0,0,0,0,0,1,0,0,0,0,0,0,1,0
jx-ezGcjZN7T6lwmqxJ2aQ,Public Services & Government,43.6551489,-79.412203,Service Canada,8,3.5,0,0,0,0,0,0,0,0,0,0,0,0,0,0,0,0,0,0,0,0,0,0,0,0,0,0,0,0,2,0
kYli-nDMENotoxZonriBLA,"Restaurants, Japanese",43.6405181122,-79.3908636901,Mi-Ne Sushi,151,3.5,0,0,1,0,2,0,0,2,0,0,0,0,0,2,0,2,2,2,1,2,1,2,2,2,2,0,0,1,24,0
mVtZ-I3L3L_mW2fSHAcSfw,"Restaurants, Bubble Tea, Cafes, Food",43.6633786,-79.3840906,Xing Fu Tang,26,3.5,0,0,0,0,0,0,0,0,0,0,0,0,0,0,0,0,0,0,0,0,0,0,0,0,0,0,0,0,1,0
nd8gEcA81CCq-CIigvO5YQ,"Eyewear & Opticians, Shopping",43.7009192,-79.4252573,Hakim Optical Factory Outlet,4,2.0,0,0,0,0,0,0,0,0,0,0,0,0,0,0,0,0,0,0,0,0,0,2,0,0,0,0,0,0,0,0
njibVlsPhZ9HKTAz0C3QgA,"Active Life, Playgrounds, Indoor Playcentre",43.6139717,-79.5375999,Hooray for Play,3,3.5,0,0,0,0,0,0,0,0,0,0,0,0,0,2,0,0,0,0,0,0,0,0,0,0,0,0,0,0,0,0
ooaCcPbXgGAW_S0rzK4PNA,"Pet Stores, Pets",43.650559,-79.4152008,The Dog Bowl,9,5.0,0,0,0,0,0,0,0,0,0,0,0,0,0,0,0,0,0,0,0,0,0,0,0,0,0,0,0,0,1,1
pLnggr1DcY4Ms2Hg_MhC4g,"Printing Services, Real Estate Agents, Home Services, Local Services, Real Estate, Real Estate Services",43.653226,-79.3831843,Shah Flyers,3,1.0,0,0,0,0,0,0,0,0,0,0,0,0,0,0,0,0,0,0,0,0,0,0,0,0,0,0,0,0,0,0
qYTnYKAsguytBOg81qNWsQ,"Hair Salons, Beauty & Spas",43.7699265,-79.4128855,Hair Excitement,9,2.5,0,0,0,0,2,0,1,0,0,0,0,0,0,1,0,0,0,0,0,0,0,2,0,0,0,0,0,0,4,0
qr7vNlqoCYSTZ_iNOdXbFQ,"Churches, Religious Organizations",43.6189264,-79.5373516,Church On The Queensway,3,3.5,0,0,0,0,0,0,0,0,0,0,0,0,0,0,0,0,0,0,0,0,0,0,0,0,0,0,0,0,1,0
rOS2NDgj1y1gvXOKmFeKLA,"Active Life, Dog Parks, Parks",43.7767663348,-79.4626434892,G Ross Lord Park,3,4.5,0,0,0,0,2,0,0,0,0,0,0,0,0,2,0,0,0,0,0,0,0,0,0,0,0,0,0,0,1,0
rgaaEnv3KHpBQENeXQm5KA,"Beauty & Spas, Hair Salons",43.7106851,-79.3988454,Epoca Hair Group,5,3.0,0,0,0,0,0,0,1,0,0,0,0,0,0,1,0,0,0,0,3,0,0,2,0,0,0,0,0,3,0,0
u2Ro_DI21IsUPBOsdbWDdw,"Performing Arts, Festivals, Arts & Entertainment, Cinema",43.6631461,-79.4108135,Fringe Festival,3,4.5,0,0,0,0,0,0,0,0,0,0,0,0,0,2,0,0,0,0,3,0,0,0,0,0,0,0,0,3,0,0
uEU7I1ngBMlWukilxBfSrw,"Movers, Home Services",43.6533191517,-79.3830984693,ASR Movers,8,1.0,0,0,0,0,0,0,0,0,0,0,0,0,0,0,0,0,0,0,0,0,0,0,0,0,0,0,0,0,1,0
vUczj8SVTJ8bKIjZ7yKsvQ,"Restaurants, Diners",43.736015,-79.4423156,Heaven's Grill,15,3.5,0,0,0,0,2,0,0,2,0,0,0,0,0,2,0,2,2,1,0,1,2,1,1,2,2,0,0,0,1,0
yKbypRtZWcXKzlXNd2GNLQ,"Ice Cream & Frozen Yogurt, Food",43.666124,-79.407306,Sweet Fantasies,10,4.0,0,0,0,0,2,0,0,0,0,0,0,0,0,0,0,0,0,0,1,0,0,1,0,0,2,0,0,1,3,0
ye1gbuPLx4eJSSzpPOUMfQ,"Specialty Food, Food, Grocery, Health Markets, Butcher, Meat Shops",43.6656464,-79.4093336,Rowe Farms,7,4.5,0,0,0,0,2,0,0,0,0,0,0,0,0,0,0,0,0,0,0,0,0,3,0,0,2,0,0,0,0,0
yjlrIZ5FtsiYFIn3xiaNIw,"Sushi Bars, Japanese, Restaurants",43.7136804,-79.4001255,Sushi Shop,19,3.5,0,0,0,0,2,0,0,0,0,0,0,0,0,2,0,2,1,1,1,2,1,2,1,0,2,0,0,1,0,0
zbFQI_E8JNEH7H956idWVA,"Shopping, High Fidelity Audio Equipment",43.6476813,-79.3921455,Mass Fidelity,3,1.5,0,0,0,0,0,0,0,0,0,0,0,0,0,0,0,0,0,0,0,0,0,0,0,0,0,0,0,0,0,0
