business_id,categories,latitude,longitude,name,review_count,stars,AcceptsInsurance,AgesAllowed,Alcohol,BYOB,BikeParking,BusinessAcceptsCreditCards,ByAppointmentOnly,Caters,CoatCheck,Corkage,DogsAllowed,DriveThru,GoodForDancing,GoodForKids,HappyHour,HasTV,NoiseLevel,OutdoorSeating,RestaurantsAttire,RestaurantsDelivery,RestaurantsGoodForGroups,RestaurantsPriceRange2,RestaurantsReservations,RestaurantsTableService,RestaurantsTakeOut,Smoking,WheelchairAccessible,WiFi,tips_counter_bz,total_compliments_bz
-8iIgtOaGx64pD8Uqj5DOQ,"Laser Hair Removal, Eyebrow Services, Eyelash Service, Waxing, Hair Removal, Makeup Artists, Beauty & Spas",43.6722758,-79.3872816,Be Fabulous Lash & Laser Clinic,28,4.0,0,0,0,0,2,0,2,0,0,0,0,0,0,0,0,0,0,0,0,0,0,2,0,0,0,0,0,0,3,0
-n27mJ_jQWGCuIukTvg9Mg,"Coffee & Tea, Shopping, Arts & Entertainment, Restaurants, Food, Pubs, Vinyl Records, Bars, Books, Mags, Music & Video, Nightlife, Art Galleries, Cafes, Arcades",43.6553501508,-79.4567192927,Cabin Fever,30,4.5,0,0,2,0,2,0,0,1,0,0,0,0,1,1,0,1,2,1,1,0,2,1,1,0,0,0,1,1,6,0
08pAr_9dHktBglYp3RygiA,"Hair Salons, Cosmetics & Beauty Supply, Hair Stylists, Shopping, Beauty & Spas",43.67053,-79.29706,Beauty Supply Outlet,3,3.0,0,0,0,0,2,0,1,0,0,0,0,0,0,2,0,0,0,0,0,0,0,0,0,0,0,0,0,0,0,0
1SZl9GgyGZZalzI54eqcCg,"Restaurants, Cafes",43.7033873,-79.3634588,Green Canoe Cafe,7,4.0,0,0,0,0,0,2,0,0,0,0,0,0,0,0,0,0,0,0,0,0,0,0,0,0,0,0,0,0,1,0
1Z9rGyR3Ld2mtnOTE4pNcg,"Restaurants, Italian, Pizza",43.6782843,-79.4424619,Big Slice Restaurant,59,3.0,0,0,2,0,2,0,0,2,0,0,1,0,0,2,0,2,3,2,3,2,2,2,2,2,2,0,2,3,6,0
1fZuXWkUfdwT76oKGOhhUw,"Food, Sandwiches, Restaurants, Fish & Chips, Salad",43.6540667,-79.3800815,Fast Fresh Foods,19,3.5,0,0,0,0,2,0,0,2,0,0,0,0,0,2,0,2,3,1,1,1,2,1,1,0,2,0,0,1,6,0
1nQMj-F3Oz3IeP9h10CNIA,"Pubs, Local Flavor, Bars, Nightlife, Restaurants",43.664492,-79.3771555,The Blake House,129,4.0,0,0,2,0,2,0,0,0,0,0,0,0,1,1,2,2,2,2,3,1,2,2,2,0,2,0,0,3,23,1
2tttleIzCZT0R46h9TZXwA,"Medical Centers, Health & Medical",43.7081764,-79.38957,MCI The Doctor's Office,35,2.5,0,0,0,0,0,0,1,0,0,0,0,0,0,0,0,0,0,0,0,0,0,0,0,0,0,0,0,0,3,0
3HwoIoJcV7yDi3RV7T-oDQ,"Beauty & Spas, Hair Salons",43.6778667,-79.3512481,Urban Curls Hair Studio,11,2.5,0,0,0,0,2,0,2,0,0,0,0,0,0,2,0,0,0,0,3,0,0,3,0,0,0,0,1,3,0,0
3LZncGFhdvDF7ACkCGt7Aw,"Laundry Services, Dry Cleaning & Laundry, Local Services",43.685457,-79.3132296,A.P. 1 Hour Cleaners,4,3.0,0,0,0,0,0,0,0,0,0,0,0,0,0,0,0,0,0,0,0,0,0,0,0,0,0,0,0,0,2,0
3OnwepHvI4ZRJHKDH66wxw,"Arts & Entertainment, Shopping, Art Galleries, Event Planning & Services, Venues & Event Spaces",43.6497377,-79.3610438,Arta Gallery,5,4.0,0,0,0,0,2,0,2,0,0,0,0,0,0,1,0,0,0,0,0,0,0,4,0,0,0,0,0,0,1,0
5CezAX7JSxoF37sX1xTpFA,"Specialty Food, Herbs & Spices, Food",43.645553,-79.4114018,The Spice Trader,18,4.5,0,0,0,0,2,0,0,0,0,0,0,0,0,0,0,0,0,0,0,0,0,2,0,0,2,0,0,0,3,0
5WFCJrMFnewv2ocK5L6DAg,"Food, Restaurants, Fast Food, Specialty Food",43.7787787,-79.3447208,New York Fries,4,4.0,0,0,0,0,0,0,0,0,0,0,0,0,0,2,0,2,0,1,1,1,1,1,1,0,2,0,0,1,2,0
66dfuglKdH5YyTbM-w3fCg,"Bars, Nightlife",43.6451234,-79.3980696,Early Mercy,3,2.0,0,0,0,0,0,0,0,0,0,0,0,0,0,0,0,0,0,0,0,0,0,0,0,0,0,0,0,0,0,0
8HdiVkuvU_uRsJug52g7Wg,"Bars, Nightlife, Pubs",43.6425314,-79.3753732,Firkin on Harbour,56,3.0,0,0,2,0,2,0,0,0,1,0,0,0,1,0,2,2,3,2,3,0,2,2,2,0,0,2,2,3,7,0
8lcfDntn6O8iFCFU2h0zXA,"Check Cashing/Pay-day Loans, Financial Services",43.650567,-79.3842429,GoDay,3,2.5,0,0,0,0,0,0,0,0,0,0,0,0,0,0,0,0,0,0,0,0,0,0,0,0,0,0,0,0,0,0
8wUlW8b5yAoZifQWf-jABw,"Parks, Active Life",43.648123,-79.375241,Berczy Park,14,4.5,0,0,0,0,2,0,0,0,0,0,2,0,0,2,0,0,0,0,0,0,0,0,0,0,0,0,0,0,4,0
AcCZJpxiPqyzKFjlwlwd0Q,"Nightlife, Restaurants, American (New), Canadian (New), Bars, Breakfast & Brunch, Food",43.6449889,-79.4162281,The County General,212,3.5,0,0,2,0,2,0,0,1,0,0,0,0,0,1,0,2,2,1,1,1,1,2,1,0,2,0,0,1,39,0
ArjZcx94qb7a7xUqhaGqEQ,"Health & Medical, Hospitals, Doctors, Medical Centers",43.6614534,-79.3839957,Maple Leaf Medical Clinic,3,4.5,2,0,0,0,0,0,2,0,0,0,0,0,0,0,0,0,0,0,0,0,0,0,0,0,0,0,0,0,0,0
Av-sahQQtFCaFPHzn7k1Fg,"Coffee & Tea, Restaurants, Food, Bakeries, Cafes",43.5933338,-79.5373742,Lale Bakery & Caffe,4,5.0,0,0,0,0,0,0,0,0,0,0,0,0,0,0,0,0,0,0,0,0,0,0,0,0,0,0,0,0,0,0
B4Y4y5ocRC187mYTAC0wsQ,"Japanese, Restaurants, Tapas/Small Plates, Sushi Bars",43.7875114,-79.380901,Kaga By Ginza,27,4.0,0,0,2,0,1,0,0,1,0,0,0,0,0,2,0,1,0,1,1,2,2,3,2,2,2,0,2,1,8,0
B70iTJjcPkuYn8ouUewWgw,"Restaurants, Italian",43.6450021311,-79.400309337,Gusto 101,956,4.0,0,0,2,0,2,0,1,2,0,0,0,0,0,1,2,1,3,2,1,2,2,2,2,0,2,0,0,1,94,1
EauXNnPQgtSHTCfKVoueVg,"Food, Ice Cream & Frozen Yogurt",43.6452814,-79.4127336,La Diperie,42,4.0,0,0,0,0,2,0,0,0,0,0,0,0,0,0,0,0,0,0,3,0,0,1,0,0,2,0,0,3,8,0
FM0h7JHdthhnc50vgGWzpA,"Cocktail Bars, Bars, Comfort Food, Wine Bars, Nightlife, Restaurants",43.6589928,-79.3480738,I'll Be Seeing You,49,5.0,0,0,2,0,2,0,0,2,1,0,0,0,1,1,2,2,2,1,3,1,2,2,2,2,2,2,2,3,5,0
FxvwrDevz_pJEwYU7T3h1g,"Makeup Artists, Beauty & Spas, Blow Dry/Out Services, Hair Salons, Waxing, Hair Removal",43.6511104,-79.4750905,Blo Blow Dry Bar,36,3.0,0,0,0,0,2,0,1,0,0,0,0,0,0,2,0,0,0,0,0,0,0,2,0,0,0,0,0,0,6,0
G12kABl0tfK4ylgj8XF06w,"Restaurants, Cafes, Cocktail Bars, Nightlife, Breakfast & Brunch, Bars, Coffee & Tea, Food",43.6570499,-79.4055143,Voodoo Child,133,4.0,0,0,2,0,2,0,1,1,0,0,0,0,0,1,0,1,2,2,3,1,1,2,1,0,2,0,0,3,16,0
HTZFw4QDKhD8KRbnb5ZuJA,"Restaurants, Chicken Shop, Fast Food, Chicken Wings, Seafood, Halal",43.7605263,-79.2180631,Chicken Kitchen,10,4.5,0,0,0,0,2,0,1,2,0,0,2,0,0,0,0,2,0,1,3,2,0,0,1,1,2,0,2,3,0,0
IA654oIe3e0HeOqQTolLsg,"Car Dealers, Used Car Dealers, Automotive",43.7686159,-79.4733767,Malibu Motors,3,3.5,0,0,0,0,0,0,0,0,0,0,0,0,0,0,0,0,0,0,3,0,0,0,0,0,0,0,0,3,0,0
JCqB36SVDjTDsXp-4gBn9Q,"Sandwiches, Restaurants, Food, Bakeries",43.6488466757,-79.3718121075,Carousel Bakery,211,3.5,0,0,0,0,2,0,0,1,0,0,0,0,0,2,0,2,3,2,1,1,2,1,1,1,2,0,0,1,37,1
JSfkBfs5qYX9n_sveOI2yQ,"Movers, Home Services",43.6533335809,-79.3840118416,Great Toronto Movers,11,4.5,0,0,0,0,0,0,2,0,0,0,0,0,0,0,0,0,0,0,0,0,0,0,0,0,0,0,0,0,1,0
JgABahalY1X5qAR5JGxpRA,"Cafes, Restaurants, Food, Desserts, Bakeries",43.6436385622,-79.422601083,Roselle West,7,4.5,0,0,0,0,2,0,0,1,0,0,0,0,0,0,0,0,0,0,0,1,0,0,0,0,2,0,2,0,2,0
LG7-BUvDLoOZCHDjyiBQFQ,"Salad, Restaurants, Juice Bars & Smoothies, Food, Barbeque, Sandwiches",43.7483430601,-79.3472059413,Dirty Grill,7,4.0,0,0,0,0,0,0,0,0,0,0,0,0,0,0,0,2,0,2,3,0,1,0,1,1,2,0,2,3,2,0
NHUjoSooayrrm7RLIC90-w,Health & Medical,43.653226,-79.3831843,pharmapassport,3,2.0,0,0,0,0,0,0,0,0,0,0,0,0,0,0,0,0,0,0,0,0,0,0,0,0,0,0,0,0,0,0
Njc2gHb5Z_ufkA_ow7hKqw,"Food, Breweries, Canadian (New), Restaurants, American (Traditional)",43.7060916,-79.3614322,Amsterdam Barrel House,45,3.5,0,0,0,0,0,0,0,0,0,0,0,0,0,2,0,2,0,2,0,0,2,0,2,0,0,0,0,0,5,0
P39yhVb1mR3akLeuSmH97g,"Restaurants, Korean",43.7792257255,-79.4173240849,Cheers Chicken & Beers,51,3.5,0,0,1,0,2,0,0,2,0,0,0,0,0,1,0,2,3,1,1,1,2,2,2,2,2,0,0,1,7,0
PEEL5RknyenMUOAcGEGQhg,"Desserts, Food, Coffee & Tea",43.6497994,-79.3755236,Lavazza Espression Cafe,14,3.0,0,0,0,0,2,0,0,1,0,0,0,0,0,0,0,0,0,1,3,0,0,2,0,0,2,0,0,3,0,0
RxPBu_lMhdQjrTHFTEy3_w,"Food, Convenience Stores",43.6561663,-79.3902426,Hasty Market,4,2.0,0,0,0,0,1,0,0,0,0,0,0,0,0,0,0,0,0,0,0,0,0,2,0,0,1,0,0,0,0,0
Tk3vY4P-yxWS-GPcRjo50Q,Shopping,43.672465799,-79.395929575,As You Like It,12,3.5,0,0,0,0,0,0,0,0,0,0,0,0,0,0,0,0,0,0,0,0,0,3,0,0,0,0,0,0,0,0
Ut4my3Bft_62o_LlLN5OsQ,"Bridal, Shopping, Fashion, Women's Clothing",43.655162,-79.41419,Felichia Bridal,64,3.0,0,0,0,0,1,0,2,0,0,0,0,0,0,0,0,0,0,0,0,0,0,2,0,0,0,0,0,0,2,0
W-E5K_6puyCdGRM8Ig6vhQ,"Shopping, Bridal, Jewelry",43.6784127,-79.3902936,Studio1098,7,4.0,0,0,0,0,2,0,1,0,0,0,0,0,0,0,0,0,0,0,0,0,0,3,0,0,0,0,0,0,0,0
WpK-mZ7w-304c78MOEYH6A,"Restaurants, Asian Fusion, Tapas/Small Plates, Latin American",43.6490027,-79.5285543,Mai Bistro,82,4.5,0,0,2,0,2,0,0,2,0,0,1,0,0,2,0,1,2,2,1,1,2,2,2,2,2,0,2,1,10,0
XLc5WIzafCocqsycQhvEPw,"Nightlife, Restaurants, French, Gastropubs, Bars",43.6622969,-79.3351969,Goods & Provisions,95,4.0,0,0,2,0,2,0,0,1,0,0,0,0,0,1,2,2,2,1,1,1,1,2,1,0,1,0,0,1,11,0
Y8f4np27ia5dwWzT7q7xAA,"Auto Repair, Automotive",43.6584499,-79.4247215,Harbord Auto Center,10,4.0,0,0,0,0,0,0,0,0,0,0,0,0,0,0,0,0,0,0,0,0,0,0,0,0,0,0,0,0,0,0
YBjf_iNNdM0gK5AkLUIDWQ,"Shopping, Fashion, Shoe Stores, Accessories",43.7277619759,-79.2905281484,DSW Designer Shoe Warehouse,4,2.5,0,0,0,0,0,0,0,0,0,0,0,0,0,0,0,0,0,0,0,0,0,3,0,0,0,0,0,0,3,0
YBu_CkSOgOevJqJsDahGkg,"Walk-in Clinics, Doctors, Medical Centers, Health & Medical",43.6559643,-79.4525483,The Doctor's Office -Trillium Practice Management,10,2.5,0,0,0,0,0,0,1,0,0,0,0,0,0,0,0,0,0,0,0,0,0,0,0,0,0,0,0,0,2,0
YvrylyuWgbP90RgMqZQVnQ,"Italian, Sandwiches, Restaurants, Pizza",43.6452767607,-79.3897039038,Jz's Pizza,96,4.0,0,0,2,0,2,0,0,2,0,0,0,0,0,2,2,2,2,2,3,1,2,2,2,2,2,0,2,3,10,0
c-xX-gBihfVyPW0w-zbNBw,"Shopping, Shopping Centers",43.8088434992,-79.2689745383,Woodside Square,14,3.0,0,0,0,0,2,0,0,0,0,0,0,0,0,0,0,0,0,0,0,0,0,2,0,0,0,0,0,0,2,0
c6RvbTeOxwNbMU4fjO4_Xw,"Furniture Stores, Shopping, Home & Garden",43.7006173,-79.3973906,Structube,6,1.5,0,0,0,0,0,0,0,0,0,0,0,0,0,0,0,0,0,0,0,0,0,0,0,0,0,0,0,0,0,0
dHDly8l7xbbk6jRz-CYRZw,"Hair Salons, Beauty & Spas, Blow Dry/Out Services, Hair Extensions",43.705619,-79.40321,Hair By Flora,9,1.5,0,0,0,0,2,0,2,0,0,0,0,0,0,2,0,0,0,0,0,0,0,2,0,0,0,0,0,0,0,0
dht_FLsWVuO6TJeuLqY97g,"Burgers, Restaurants, Fast Food, American (Traditional)",43.665634,-79.461398,A&W,6,3.0,0,0,0,0,2,0,0,0,0,0,0,1,0,2,0,2,2,1,1,1,2,2,1,1,2,0,0,1,3,0
doWNG5JjoskOcZ_MXePvBw,"Plumbing, Heating & Air Conditioning/HVAC, Contractors, Home Services, Waterproofing",43.6599421,-79.5637321,Anta Plumbing,4,3.0,0,0,0,0,0,0,2,0,0,0,0,0,0,0,0,0,0,0,0,0,0,0,0,0,0,0,0,0,0,0
hbCb2z5xmLndisfU03_cCg,"Juice Bars & Smoothies, Fruits & Veggies, Food, Specialty Food",43.653224,-79.3803279,Freshly Squeezed,22,2.0,0,0,0,0,2,0,0,0,0,0,0,0,0,0,0,0,0,0,1,0,0,2,0,0,0,0,0,1,1,0
igo--IP_NBWIO_yGtBJ0Eg,"Restaurants, Japanese, Pubs, Tapas/Small Plates, Tapas Bars, Korean, Bars, Nightlife",43.764552,-79.4100088,Ogadang,18,4.0,0,0,2,0,1,0,0,0,0,0,1,0,0,0,0,0,0,1,0,0,0,0,2,0,0,0,0,0,2,0
j9BZuqgGYb5PfA2ll_rc1Q,"Eyebrow Services, Waxing, Hair Removal, Beauty & Spas, Skin Care, Nail Salons, Threading Services",43.7683839,-79.3711929,Nuvo Nails,16,3.0,0,0,0,0,2,0,1,0,0,0,0,0,0,0,0,0,0,0,0,0,0,1,0,0,0,0,2,0,4,0
jxjxVbQGMAcewMSUAeQfOQ,"Shopping, Women's Clothing, Men's Clothing, Accessories, Fashion, Bridal",43.6488233,-79.4204366,LoversLand,12,4.5,0,0,0,0,2,0,2,0,0,0,2,0,0,0,0,0,0,0,0,0,0,3,0,0,0,0,1,0,0,0
k3fn9JFiNLNy2q5p0cE1kg,"Italian, Restaurants",43.6503158,-79.3759018,Carisma,170,4.0,0,0,2,0,2,0,0,2,0,0,0,0,0,1,1,2,2,1,3,1,2,3,2,0,2,0,0,3,13,0
lF6lM95eVxNf_ZaR0JTK9g,"Fashion, Leather Goods, Shopping, Adult",43.751313,-79.2628222,Best Vibes,3,1.5,0,0,0,0,0,0,0,0,0,0,0,0,0,0,0,0,0,0,0,0,0,3,0,0,0,0,0,0,0,0
o6tXKd-u18X5702u0wP6Dw,"Shopping, Eyewear & Opticians",43.6516225,-79.382267,Hakim Optical Factory Outlet,16,2.0,0,0,0,0,2,0,0,0,0,0,0,0,0,0,0,0,0,0,0,0,0,2,0,0,0,0,0,0,1,0
oN7zVYLZQWGWdCMSObFaWA,"Guest Houses, Hotels & Travel",43.657203,-79.4048077,Kaisar's Guest House,4,4.0,0,0,0,0,0,0,0,0,0,0,0,0,0,0,0,0,0,0,0,0,0,0,0,0,0,0,0,0,0,0
pLpTK8uQXI-isJxafXRWew,"Tea Rooms, Desserts, Bubble Tea, Food",43.6499721647,-79.3832232803,Labothery  at Richmond-Adelaide  Center,11,3.0,0,0,0,0,0,0,0,0,0,0,0,0,0,0,0,0,0,0,0,0,0,0,0,0,0,0,0,0,1,0
q2f__ca_iK4ApUrsnBoifA,"Health & Medical, Optometrists, Eyewear & Opticians, Shopping",43.7108703,-79.3988399,Novus Optical,5,5.0,0,0,0,0,0,0,1,0,0,0,0,0,0,0,0,0,0,0,0,0,0,3,0,0,0,0,0,0,2,0
qexpgmIWTlN-WKVa7JX9tQ,"Jewelry, Comic Books, Shopping, Toy Stores, Books, Mags, Music & Video, Hobby Shops, Bookstores",43.6397548,-79.4415012,West End Comics,3,4.5,0,0,0,0,2,0,0,0,0,0,0,0,0,0,0,0,0,0,0,0,0,2,0,0,0,0,0,0,1,0
rmgcPAb6ZWKWQt58YZc5tw,"Pilates, Fitness & Instruction, Active Life, Yoga",43.66362,-79.3407822,The Flying Yogi,10,4.0,0,0,0,0,0,0,2,0,0,0,0,0,0,2,0,0,0,0,0,0,0,0,0,0,0,0,2,0,0,0
sKaQBE9yxThq52PtmUI9Sw,"Optometrists, Health & Medical, Shopping, Eyewear & Opticians",43.665423,-79.466485,The Junction Optometrists,3,2.0,0,0,0,0,0,0,2,0,0,0,0,0,0,0,0,0,0,0,0,0,0,0,0,0,0,0,0,0,0,0
sgvhMnFffkQ6WBSAdtd7Bg,"Beer, Wine & Spirits, Food, Pubs, Bars, Food Delivery Services, Chicken Wings, Restaurants, Sports Bars, Karaoke, Nightlife, Fast Food",43.6436358,-79.4031185,Wild Wing,21,2.0,0,0,2,0,2,0,0,2,0,0,0,1,0,2,0,2,2,2,3,2,2,2,2,0,2,0,0,3,1,0
t4l8waJXz7Rj2KLIT06RVA,"Coffee Roasteries, Cafes, Restaurants, Food",43.6695816,-79.3885728,Pilot Coffee Roasters,6,2.5,0,0,0,0,0,0,0,0,0,0,0,0,0,0,0,0,0,0,0,0,0,0,0,0,0,0,0,0,0,0
tqyXPBc11DbHx4BRZXeLZA,"Education, Active Life, Fitness & Instruction, Yoga, Day Spas, Massage, Health & Medical, Acupuncture, Specialty Schools, Massage Therapy, Beauty & Spas",43.6777025,-79.3522619,Modo Yoga,28,4.0,1,0,0,0,2,0,1,0,0,0,0,0,0,1,0,0,0,0,0,0,0,2,0,0,0,0,0,0,5,0
vuM9J-wnlfvhuE3HUTSR6w,"Food, Cafes, Restaurants, Coffee & Tea",43.6557260185,-79.3922613189,Jimmy's Coffee,20,4.5,0,0,0,0,1,0,1,1,0,0,0,0,0,2,0,2,2,1,3,1,1,1,1,1,2,0,2,3,2,0
w2kveUXDzXqK1HCsKRKyRg,"Florists, Home Services, Shopping, Event Planning & Services, Flowers & Gifts, Wedding Planning, Landscaping, Holiday Decorations, Home & Garden, Home Decor",43.6740229,-79.3967949,Grower's Flower Market & Gifts,6,4.5,0,0,0,0,2,0,1,0,0,0,0,0,0,0,0,0,0,0,0,2,0,1,0,0,0,0,0,0,2,0
wSxU4mNbFtI_BOBKznyxVQ,"Jewelry Repair, Local Services, Jewelry, Bridal, Shopping",43.704685,-79.38848,Penwarden Fine Jewellery,7,5.0,0,0,0,0,2,0,1,0,0,0,0,0,0,0,0,0,0,0,0,0,0,3,0,0,0,0,2,0,0,0
wvpeEJHhNpy7Bk_sKGvLcw,"Food, Bakeries",43.7524773,-79.2544468,Blue Sky Bakery,3,4.5,0,0,0,0,0,0,0,0,0,0,0,0,0,0,0,0,0,0,0,1,0,1,0,0,2,0,0,0,1,0
xeKWjoT8x4_S9LsimmsgmQ,"Endodontists, Orthodontists, Health & Medical, Dentists, General Dentistry",43.6709974,-79.3849884,Midtown Dental Centre,16,2.0,2,0,0,0,0,0,2,0,0,0,0,0,0,0,0,0,0,0,0,0,0,0,0,0,0,0,0,0,0,0
xl-BIKCRGpOGXJRaM0jh2w,"Food, Grocery, Farmers Market",43.6542149,-79.4003352,Kensington Fruit Market,6,4.5,0,0,0,0,2,0,0,0,0,0,0,0,0,0,0,0,0,0,0,0,0,1,0,0,1,0,0,0,1,0
xx5GB7MRv3sJ79zCe0WAwg,"Massage, Reflexology, Beauty & Spas, Massage Therapy, Acupuncture, Health & Medical",43.8114855,-79.3332891,CMY Harmony Wellness Center,3,1.5,2,0,0,0,1,0,2,0,0,0,0,0,0,0,0,0,0,0,0,0,0,2,0,0,0,0,2,0,0,0
