business_id,categories,latitude,longitude,name,review_count,stars,AcceptsInsurance,AgesAllowed,Alcohol,BYOB,BikeParking,BusinessAcceptsCreditCards,ByAppointmentOnly,Caters,CoatCheck,Corkage,DogsAllowed,DriveThru,GoodForDancing,GoodForKids,HappyHour,HasTV,NoiseLevel,OutdoorSeating,RestaurantsAttire,RestaurantsDelivery,RestaurantsGoodForGroups,RestaurantsPriceRange2,RestaurantsReservations,RestaurantsTableService,RestaurantsTakeOut,Smoking,WheelchairAccessible,WiFi,tips_counter_bz,total_compliments_bz
-H5Qoimm5siEJ4RSU4FyHQ,"Greek, Restaurants, Fast Food, Food Court, Mediterranean",43.669220753,-79.3388803303,Le Greeka,4,3.0,0,0,0,0,2,0,0,2,0,0,0,1,0,2,0,2,2,1,1,1,2,1,1,1,2,0,0,1,1,0
-hFVxvZZbozVbY03XiNDPw,"Health Markets, Coffee & Tea, Fast Food, Gluten-Free, Juice Bars & Smoothies, Specialty Food, Salad, Restaurants, Food",43.6483962,-79.3823242,iQ,15,4.0,0,0,0,0,2,0,0,2,0,0,1,0,0,2,0,1,0,2,3,1,2,2,1,1,2,0,2,3,2,0
-yyLLT-q3ulEjf5ntemUGA,"Fashion, Shopping, Department Stores",43.6708393,-79.3857697,The Bay,45,2.5,0,0,0,0,2,0,0,0,0,0,0,0,0,0,0,0,0,0,0,0,0,3,0,0,0,0,0,0,8,0
14Dl61cUYP6ttjK5TRJ6cA,"Salad, Fast Food, Sandwiches, Restaurants, American (Traditional)",43.6751077,-79.4069061,Subway,4,4.0,0,0,0,0,1,0,0,2,0,0,0,1,0,2,0,2,1,1,1,1,1,1,1,1,2,0,1,1,0,0
2Cief6VYoFUpWKK-qXwlpA,"Bakeries, Patisserie/Cake Shop, Food",43.7958722,-79.4222843,Patisserie Gateau,4,1.5,0,0,0,0,0,0,0,0,0,0,0,0,0,0,0,0,0,0,0,0,0,0,0,0,0,0,0,0,2,0
3HQPK2X7Pcqte_vscDy3Ng,"Eyebrow Services, Beauty & Spas, Threading Services, Waxing, Hair Removal",43.7159101,-79.4004716,Fuzz Wax Bar,13,3.0,0,0,0,0,0,0,1,0,0,0,0,0,0,0,0,0,0,0,0,0,0,2,0,0,0,0,2,0,2,0
4-CK2oJ59VxeTkkoPMICsQ,"Discount Store, Shopping",43.6653497,-79.4106041,Dollarama,21,3.5,0,0,0,0,2,0,0,0,0,0,0,0,0,0,0,0,0,0,0,0,0,1,0,0,0,0,0,0,2,0
4_LtZqnq_9ZkiT0JCZo99w,"Sports Clubs, Fitness & Instruction, Health & Medical, Martial Arts, Active Life, Amateur Sports Teams",43.758807,-79.5425181,Lanna MMA,3,3.5,0,0,0,0,0,0,1,0,0,0,0,0,0,2,0,0,0,0,0,0,0,0,0,0,0,0,0,0,0,0
5UgSHCX-V0iXagxUZ9LEXg,"Japanese, Pubs, Chicken Shop, Asian Fusion, Poke, Bars, Nightlife, Korean, Seafood, Food, Restaurants, Canadian (New)",43.6646035,-79.4129342,Her Chef,39,4.5,0,0,1,0,2,0,0,2,0,0,2,0,0,0,1,2,0,1,3,2,0,0,2,2,2,0,2,3,0,0
6xowh_GdOsRrz9QWN6nMxA,"Patisserie/Cake Shop, Desserts, Japanese, Cafes, Food, Restaurants",43.6549231,-79.3867949,Uncle Tetsu's Japanese Angel Cafe,173,3.5,0,0,0,0,2,0,0,1,0,0,0,0,0,2,0,1,2,1,3,1,2,2,1,2,2,0,0,3,29,0
7kVFRn-mYM36OBOrD_vyNw,"Public Services & Government, Libraries",43.6674103,-79.3744442,Toronto Public Library - St. James Town Branch,3,4.0,0,0,0,0,0,0,0,0,0,0,0,0,0,0,0,0,0,0,3,0,0,0,0,0,0,0,0,3,1,0
89hpgsa4tvL7178T1mSv1A,"Handyman, Plumbing, Home Services",43.6719723,-79.290967,Plumber.Ca,14,1.0,0,0,0,0,0,0,1,0,0,0,0,0,0,0,0,0,0,0,0,0,0,0,0,0,0,0,0,0,0,0
A-2rj2poYBBjtenXSzKsyg,"International, Caribbean, Nightlife, Lounges, Bars, Restaurants",43.8239635722,-79.2481405288,Spade Bar & Lounge,5,3.5,0,0,2,0,0,0,0,0,2,0,0,0,2,2,0,2,4,0,0,1,2,2,0,0,0,0,0,0,1,0
AED5R0yXVzJvWAGEqWBG4A,"Desserts, Food, Bakeries, Coffee & Tea, Japanese, Cafes, Restaurants",43.6507066,-79.3687971,NEO COFFEE BAR,170,4.0,0,0,0,0,2,0,1,1,0,0,1,0,0,1,0,1,2,1,3,2,2,2,1,1,2,0,2,3,19,0
BlrvqjGanZvjlNsnIyvAXQ,"Pizza, Restaurants, Italian",43.654881,-79.420858,Regina Pizzeria & Trattoria,57,4.0,0,0,2,0,2,0,0,2,0,0,0,0,0,2,0,2,2,2,3,2,2,2,2,0,2,0,0,3,8,0
Cbvx1IxPniwo_Ybk4CdIBQ,"Food, Restaurants, Tea Rooms, Chinese",43.6744781,-79.3886914,Tao Tea Leaf,12,4.5,0,0,0,0,0,0,0,1,0,0,0,0,0,0,0,0,1,1,3,2,2,2,2,0,2,0,0,3,6,0
D42mATIRcXGytmwycgaXew,"Sewing & Alterations, Local Services",43.669921,-79.389119,Stitch it Clothing Alterations,13,1.0,0,0,0,0,0,0,0,0,0,0,0,0,0,0,0,0,0,0,0,0,0,0,0,0,0,0,0,0,1,0
D9LMDxJTbMIP5drSgWp1SQ,"Chicken Wings, Restaurants, Italian, Pizza",43.6618689,-79.3830445,Pizza Pizza,14,2.5,0,0,0,0,0,0,0,2,0,0,0,0,0,2,0,2,2,1,1,2,1,2,1,0,2,0,0,1,2,0
ERnG-1q3igX3VSgm5uLZ6A,"Restaurants, Pizza, Italian, Food",43.678,-79.443872,Pizza e Pazzi,77,4.0,0,0,2,1,2,0,0,2,0,1,0,0,0,2,1,1,2,1,3,2,2,2,2,2,2,0,2,3,13,0
EzC51yOetmrju2DPP72iRA,"Ramen, Japanese, Restaurants",43.773542641,-79.413795883,Hakata Shoryuken,244,3.5,0,0,1,0,2,0,1,1,0,0,1,0,0,2,2,1,2,1,1,1,2,2,1,2,2,0,0,1,30,0
F2-3LtOzGAkUqeCky2xGrA,"Bubble Tea, Food",43.8086400827,-79.2694935112,Presotea,3,3.0,0,0,0,0,0,0,0,0,0,0,0,0,0,0,0,0,0,0,0,0,0,0,0,0,0,0,0,0,0,0
F6d4UcWRu2JpJX7NPBVS4w,"Fruits & Veggies, Bakeries, Meat Shops, Specialty Food, Butcher, Food, Grocery",43.6492348,-79.4244323,Unboxed Market,7,4.5,0,0,0,0,0,0,0,0,0,0,0,0,0,0,0,0,0,0,0,0,0,0,0,0,0,0,0,0,0,0
F_oPMHJrH42R67xp5eKtQA,"Korean, Restaurants",43.6646255,-79.4140829,Yummy Korean Food Restaurant,235,4.0,0,0,1,0,2,0,0,2,0,0,0,0,0,2,1,1,2,1,1,2,2,1,1,0,2,0,0,1,28,0
Gh5zgKz5I5aE0qbpP1T9QA,"Coffee & Tea, Cafes, Breakfast & Brunch, Restaurants, Food",43.6670383,-79.3446777,Mad Dog Cafe,39,4.0,0,0,0,0,2,0,1,1,0,0,0,0,0,2,0,2,3,2,3,1,2,2,1,0,2,0,0,3,10,0
Gzt3H_y_kuoIJkV-2EY-RA,"Ramen, Restaurants, Japanese",43.6655273,-79.4088632,Hokkaido Ramen Santouka,23,4.0,0,0,0,0,0,2,0,0,0,0,0,0,0,2,0,2,0,1,0,1,0,0,1,0,0,0,0,0,1,0
JVAynaPPlqGiLE7E18BPSw,"Veterinarians, Pets",43.6942877,-79.342774,Donlands Animal Hospital,4,4.5,0,0,0,0,0,0,0,0,0,0,0,0,0,0,0,0,0,0,0,0,0,0,0,0,0,0,0,0,0,0
JXSWuEmgwFDbRgniPpeoxw,"Arts & Entertainment, Venues & Event Spaces, Stadiums & Arenas, Event Planning & Services",43.6920228,-79.578359,The Toronto Congress Centre,13,4.0,0,0,0,0,0,0,0,0,0,0,0,0,0,2,0,0,0,0,2,0,0,0,0,0,0,0,2,2,3,0
K-qgJN8hQQ2hiqPregNo1g,"Shoe Stores, Fashion, Shopping",43.6716541296,-79.3946025521,Jean-Paul Fortin,3,3.5,0,0,0,0,0,0,0,0,0,0,0,0,0,0,0,0,0,0,0,0,0,0,0,0,0,0,0,0,0,0
KtSEqZbGV1WHgOgtSMEZFQ,"Event Planning & Services, Restaurants, Italian, Pizza, Caterers",43.6858784,-79.393189,Capocaccia Trattoria,63,3.5,0,0,2,0,2,0,0,2,0,0,0,0,0,1,2,1,2,2,3,2,2,2,2,0,2,0,0,3,10,0
LeU2bXqL4bWlky4z4PPysw,"Middle Eastern, Restaurants",43.7445582,-79.2973001,Ibrahim B.B.Q. Shawarma,95,3.0,0,0,0,0,1,0,0,1,0,0,0,0,0,2,0,1,3,2,1,1,1,1,1,0,2,0,0,1,16,0
MmVAvlvN8TGN8K3ouFJb2w,"Shopping, Cannabis Dispensaries",43.671002264,-79.3881997839,Ameri Cannabis,5,2.0,0,0,0,0,0,0,0,0,0,0,0,0,0,0,0,0,0,0,0,0,0,0,0,0,0,0,0,0,0,0
NPvkRgy3A0Elgx8IaMWIPQ,"Fruits & Veggies, Specialty Food, Restaurants, Meat Shops, Salad, Food, Grocery, Pizza",43.610077,-79.547519,Farm Boy,33,4.5,0,0,0,0,2,0,0,2,0,0,0,0,0,0,0,0,0,0,0,0,0,2,0,0,2,0,2,0,6,1
OyGVzgBL6W7SJOE046pecA,"Greek, Restaurants",43.70494,-79.3886077,Greece Restaurant,23,3.5,0,0,1,0,2,0,0,1,0,0,0,0,0,2,0,2,2,1,1,1,2,2,2,0,2,0,0,1,4,0
PWRZMFSaVxBpWg0iSYh-nw,"Dry Cleaning & Laundry, Local Services, Laundromat, Laundry Services",43.6644077,-79.416275,24 Hour Coin Laundromat,5,3.0,0,0,0,0,2,0,0,0,0,0,0,0,0,0,0,0,0,0,3,0,0,2,0,0,0,0,0,3,2,0
Q2ZNaN3p8s_-XXjBWyY2qA,"Restaurants, Event Planning & Services, Steakhouses, Party & Event Planning, Seafood, Salad, Nightlife, Bars, Lounges",43.6500521788,-79.3857424105,Ruth's Chris Steak House,215,3.5,0,0,2,0,2,0,0,2,0,0,0,0,0,1,0,2,2,1,3,1,2,4,2,0,2,0,0,3,22,1
QHH56JTPGjG3R20OJf0EFQ,"Food, Restaurants, Bakeries, Cafes, Coffee & Tea",43.6524067,-79.4064392,Tim Hortons,11,3.5,0,0,0,0,2,0,0,2,0,0,0,0,0,2,0,2,3,1,3,1,2,1,1,0,2,0,0,3,8,0
QfYBeKOvgwlGv6yE9fpuaA,"Home Services, Heating & Air Conditioning/HVAC",43.7748131,-79.3288414,Ontario Consumers Home Services,8,1.5,0,0,0,0,0,0,1,0,0,0,0,0,0,0,0,0,0,0,0,0,0,0,0,0,0,0,0,0,0,0
RXt1jxxcu9uTNQxJrS6P9g,"Electronics, Shopping, Hobby Shops",43.7730334,-79.5301824,Radioworld,5,3.0,0,0,0,0,0,0,0,0,0,0,0,0,0,0,0,0,0,0,0,0,0,0,0,0,0,0,0,0,1,0
RbD3u_hDd3SkGwB4kOl1SA,"Test Preparation, Education, Educational Services, Tutoring Centers",43.7078631,-79.394156,Ivy Global,3,4.0,0,0,0,0,0,0,1,0,0,0,0,0,0,0,0,0,0,0,3,0,0,0,0,0,0,0,0,3,0,0
TRwFcUyOFA0USoQNpXWmGw,"Active Life, Parks",43.6510553,-79.322113,Tommy Thompson Park,7,4.5,0,0,0,0,2,0,0,0,0,0,0,0,0,2,0,0,0,0,0,0,0,0,0,0,0,0,0,0,2,0
TbNP3jmApLatYPyLcHLUjw,"Snow Removal, Home Services, Contractors, Landscaping, Local Services",43.7199513,-79.4661452,Aden Earthworks,4,4.0,0,0,0,0,0,0,1,0,0,0,0,0,0,0,0,0,0,0,0,0,0,0,0,0,0,0,0,0,0,0
U9Q4aCgIqvW_NOgXL4hOXg,"Food, Specialty Food, Bakeries",43.6251352,-79.5413544,North Shore Pie,4,4.0,0,0,0,0,0,0,0,0,0,0,0,0,0,0,0,0,0,0,0,0,0,0,0,0,0,0,0,0,1,0
USwPHb8aePMuFtD2uDAnpA,"Home & Garden, Shopping, Home Decor, Furniture Stores, Home Services, Interior Design, Wholesale Stores",43.6781282,-79.4862074,Modern Sensibility,8,2.5,0,0,0,0,0,0,0,0,0,0,0,0,0,0,0,0,0,0,0,0,0,2,0,0,0,0,0,0,0,0
VTs4f6LnUMHD4ysOezHSUQ,"Fast Food, Restaurants",43.6473799,-79.4037654,Smoke's Poutinerie,79,3.0,0,0,0,0,1,0,0,2,0,0,0,0,0,2,0,2,2,1,1,1,1,1,1,0,2,0,0,1,7,0
VpaJu7vB47maYl_vFY83HA,"Shopping, Shopping Centers",43.6566407526,-79.3807268143,10 Dundas East,7,3.5,0,0,0,0,2,0,0,0,0,0,0,0,0,0,0,0,0,0,0,0,0,2,0,0,0,0,0,0,2,0
_RNIwE0kF3FkICCiEi6MTA,"Hotels & Travel, Team Building Activities, Haunted Houses, Arts & Entertainment, Historical Tours, Event Planning & Services, Performing Arts, Active Life, Escape Games, Tours",43.7735228,-79.5173637,Secret City Adventures,4,5.0,0,0,0,0,1,0,2,0,0,0,1,0,0,1,0,0,0,0,1,0,0,0,0,0,0,0,2,1,0,0
aTPPgfGzmemaKZdpkymt8A,"Parks, Skating Rinks, Active Life",43.6691133175,-79.3284130096,Greenwood Park,10,3.0,0,0,0,0,0,0,0,0,0,0,0,0,0,2,0,0,0,0,0,0,0,0,0,0,0,0,0,0,0,0
abOlYWSnocmnFyjZpJhj5A,"Food, Coffee & Tea",43.7074022,-79.3971467,Second Cup,9,4.0,0,0,0,0,2,0,0,0,0,0,0,0,0,0,0,0,0,2,3,0,0,1,0,0,2,0,0,3,3,0
bRAV_9uXDkcuJ06KRImjTw,"Car Rental, Hotels & Travel",43.7173454,-79.5222902,Routes Car & Truck Rentals,3,1.0,0,0,0,0,0,0,0,0,0,0,0,0,0,0,0,0,0,0,0,0,0,0,0,0,0,0,0,0,0,0
bgWl9oEVCnZrz0Gqz68DkQ,"Local Services, Dry Cleaning & Laundry, Laundry Services",43.6392230588,-79.4144671708,Green Cleaners,5,3.0,0,0,0,0,0,0,0,0,0,0,0,0,0,0,0,0,0,0,1,0,0,2,0,0,0,0,0,1,0,0
dJBUz34x6FixXgq7S4fFLw,"Chinese, Restaurants, Seafood",43.8064407,-79.2894648,Wai Yu Lau Restaurant,4,1.5,0,0,0,0,0,0,0,0,0,0,0,0,0,0,0,0,0,0,0,0,0,0,2,0,2,0,0,0,0,0
eu2oFI7qg99MXFoyhjoVDA,"Jewelry, Shopping",43.7157578,-79.4005473,All That Sparkles,3,2.0,0,0,0,0,2,0,1,0,0,0,2,0,0,0,0,0,0,0,0,0,0,0,0,0,0,0,2,0,0,0
fEQYb3QkYUVAJ6l9F8qeMA,"Restaurants, Russian, Specialty Food, Bakeries, Ethnic Food, Food, Halal",43.7342252,-79.2852982,Puff Samosa,6,4.5,0,0,0,0,2,0,0,2,0,0,1,0,0,0,0,1,0,1,3,2,0,0,2,1,2,0,2,3,0,0
ffWkln-XUcOyh_K9SK5oBQ,"Pakistani, Indian, Middle Eastern, Vegetarian, Restaurants",43.6727981,-79.4139675,Annapurna Vegetarian Restaurant,31,3.5,0,0,0,0,2,2,1,2,0,0,0,0,0,2,1,1,1,1,1,1,2,1,2,0,2,0,0,1,4,0
hGAbF8omI9vkr219GYxqSQ,"Restaurants, Chicken Shop, Portuguese",43.670046,-79.3017266,Nando's,4,5.0,0,0,0,0,0,0,0,0,0,0,0,0,0,0,0,2,0,0,0,0,0,0,0,0,0,0,0,0,1,0
hUW8u4WTdrE1Ve32KdsZgA,"Gyms, Trainers, Fitness & Instruction, Active Life, Sports Clubs",43.6505792,-79.3765365,GoodLife Fitness,7,4.0,0,0,0,0,0,0,1,0,0,0,0,0,0,1,0,0,0,0,0,0,0,0,0,0,0,0,0,0,2,0
ikgNy-Woa0H6iJW9bY4SUw,"Event Planning & Services, Coffee & Tea, Food, Caterers, Restaurants, Cafes",43.6533051374,-79.3748112491,B Espresso Bar,24,4.0,0,0,0,0,0,0,0,0,0,0,0,0,0,1,0,2,0,1,3,1,1,2,1,0,2,0,0,3,6,1
jIMuSdcZspFK6bXsf7XwsQ,"Fast Food, Greek, Restaurants",43.6887967,-79.3483618,Folia Grill,51,4.0,0,0,1,0,2,2,0,0,0,0,0,0,0,2,0,2,2,1,1,1,1,1,1,0,2,0,0,1,11,0
jYIqQ9rovccjFtJhiEWVnQ,"Chicken Shop, Korean, Restaurants",43.6661927,-79.4071984,Mymy Chicken,73,3.0,0,0,2,0,0,0,0,0,0,0,0,0,0,1,0,2,3,1,3,2,2,2,1,0,2,0,2,3,3,0
jrKzHiTsMCxnXPZaDhW66Q,"Beauty & Spas, Hair Salons, Blow Dry/Out Services, Cosmetics & Beauty Supply, Shopping, Barbers",43.691574,-79.287785,Twin Image Hairdressing,22,4.5,0,0,0,0,2,0,2,0,0,0,0,0,0,2,0,0,0,0,3,0,0,2,0,0,0,0,1,3,1,0
k2LR9fe66WBRNg0GWDkadw,"Active Life, Specialty Schools, Community Centers, Education, Venues & Event Spaces, Event Planning & Services, Fitness & Instruction, Public Services & Government, Martial Arts",43.726528,-79.334996,Japanese Canadian Cultural Centre,12,4.0,0,0,0,0,2,0,1,0,0,0,0,0,0,2,0,0,0,0,0,0,0,0,0,0,0,0,0,0,3,0
llVbm3IKLrUzMyvw-nQt0g,"Shopping, Cosmetics & Beauty Supply, Skin Care, Waxing, Beauty & Spas, Day Spas, Hair Removal",43.7125287,-79.3998954,Pure + Simple,55,4.5,0,0,0,0,2,0,2,0,0,0,0,0,0,0,0,0,0,0,1,0,0,3,0,0,0,0,0,1,2,0
mBOIef7a4hONEbSi_ai8Bw,"Breakfast & Brunch, American (New), Canadian (New), Tapas/Small Plates, Restaurants",43.6440793,-79.405753,Beast Restaurant,402,4.0,0,0,2,0,2,0,0,1,0,0,0,0,0,1,2,2,2,2,1,1,1,2,2,0,2,0,0,1,42,0
nDRSgG0kGS05KCHdvuSXgQ,"Auto Repair, Automotive",43.6580433,-79.4018325,Peter's Garage,4,5.0,0,0,0,0,0,0,0,0,0,0,0,0,0,0,0,0,0,0,0,0,0,0,0,0,0,0,0,0,2,0
oplFT9jQZNwrl8GhS8MMhQ,"Home Cleaning, Home Services",43.6486369,-79.506344,Noir Etoile,7,1.0,0,0,0,0,0,0,0,0,0,0,0,0,0,0,0,0,0,0,0,0,0,0,0,0,0,0,0,0,0,0
pEKGniAlRKuIoU6aSESvVQ,"Shopping, Flea Markets",43.7229100952,-79.5976739377,Clearance Warehouse,5,2.5,0,0,0,0,1,0,0,0,0,0,0,0,0,0,0,0,0,0,0,0,0,2,0,0,0,0,0,0,3,1
qeuAuYlgqozlknYxECfdYw,"Shopping, Furniture Stores, Home & Garden, Lighting Fixtures & Equipment, Home Services, Home Decor, Rugs",43.6512802,-79.3674177,Urban Barn,10,3.0,0,0,0,0,0,0,0,0,0,0,0,0,0,0,0,0,0,0,0,0,0,2,0,0,0,0,0,0,1,0
sqn5jdCYgGLWxTYBbrhHpQ,"Sandwiches, Restaurants, Mexican",43.7237097,-79.4937863,Amigos Latin Flavour,18,4.5,0,0,0,0,0,0,0,0,0,0,0,0,0,0,0,0,0,1,0,2,2,1,1,0,2,0,0,0,3,0
tGBeFfwXCUZOsb0YWiMWIA,"Korean, Restaurants, Japanese",43.6543883,-79.3993286,Ka Chi Korean Restaurant,132,3.5,0,0,1,0,2,0,0,2,0,0,0,0,0,2,0,2,2,1,3,2,2,1,2,2,2,0,1,3,22,0
tm-0kaz3A2DN6HdRcPwBzw,"Cuban, Restaurants",43.6469601,-79.4240138,Julie's Cuban Restaurant,73,3.5,0,0,2,0,2,2,0,2,0,0,0,0,0,2,2,1,2,2,3,1,2,2,2,2,2,0,1,3,11,0
twirfhS-LvbQjAoZjoxWOQ,"Japanese, Korean, Restaurants",43.6876633216,-79.4390708916,Sushi Karu,12,5.0,0,0,0,0,2,0,0,2,0,0,0,0,0,2,0,1,1,1,1,1,2,2,2,1,2,0,0,1,3,0
uANuB3YVqjRWychfyhXJvA,"Sushi Bars, Japanese, Restaurants",43.6655822,-79.4095666,Japan Sushi,46,3.5,0,0,1,0,2,0,0,0,0,0,0,0,0,2,0,2,1,2,1,1,2,2,2,0,2,0,0,1,8,0
v2x1uqva7tq5I-iWQpdNBA,"Health & Medical, Optometrists",43.8151507,-79.2952327,Dr. Alvina Lo & Associates,3,4.5,0,0,0,0,0,0,2,0,0,0,0,0,0,0,0,0,0,0,0,0,0,0,0,0,0,0,0,0,1,0
xDmVyd_xl0Hsf3hFmYwrHg,"Barbeque, Restaurants, Sandwiches, Food, Desserts",43.6841063,-79.3004064,Beach Hill Smokehouse,89,4.5,0,0,1,0,2,0,0,2,0,0,1,0,0,2,1,1,2,1,3,1,2,2,1,1,2,0,2,3,7,1
xrjVhgl1BjYvyDq9qEfxCw,"Cosmetic Dentists, General Dentistry, Dentists, Dental Hygienists, Health & Medical",43.665639,-79.4662941,Junctionwest Dental,3,5.0,2,0,0,0,0,0,2,0,0,0,0,0,0,0,0,0,0,0,0,0,0,0,0,0,0,0,0,0,0,0
yY7h_AHgD0M53HdhopWjPQ,"Chocolatiers & Shops, Coffee & Tea, Food, Specialty Food",43.665417,-79.352234,Soul Chocolate,21,4.0,0,0,0,0,2,0,0,2,0,0,1,0,0,0,0,0,0,2,3,0,0,1,0,0,2,0,0,3,3,0
