business_id,categories,latitude,longitude,name,review_count,stars,AcceptsInsurance,AgesAllowed,Alcohol,BYOB,BikeParking,BusinessAcceptsCreditCards,ByAppointmentOnly,Caters,CoatCheck,Corkage,DogsAllowed,DriveThru,GoodForDancing,GoodForKids,HappyHour,HasTV,NoiseLevel,OutdoorSeating,RestaurantsAttire,RestaurantsDelivery,RestaurantsGoodForGroups,RestaurantsPriceRange2,RestaurantsReservations,RestaurantsTableService,RestaurantsTakeOut,Smoking,WheelchairAccessible,WiFi,tips_counter_bz,total_compliments_bz
-7HayPp0cVhteJQcPCYQIg,"Nail Salons, Skin Care, Massage, Beauty & Spas, Day Spas, Hair Salons",43.660542,-79.384061,La Main D'or,7,2.5,0,0,0,0,0,0,2,0,0,0,0,0,0,2,0,0,0,0,0,0,0,2,0,0,0,0,0,0,0,0
02IQoyPvwi42tkTe4k-fyg,"Women's Clothing, Fashion, Shopping, Department Stores, Home & Garden, Men's Clothing, Home Decor, Accessories",43.6694504,-79.3922208,Winners,31,3.5,0,0,0,0,2,0,0,0,0,0,1,0,0,0,0,0,0,0,0,0,0,2,0,0,0,0,0,0,1,0
13nKUHH-uEUXVZylgxchPA,"Event Planning & Services, Floral Designers, Flowers & Gifts, Florists, Shopping",43.7358832,-79.6023923,Tidy's Flowers,5,3.0,0,0,0,0,2,0,0,0,0,0,0,0,0,0,0,0,0,0,0,2,0,2,0,0,0,0,2,0,0,0
27PHYvc8ofyt5QmwhlpguQ,"Home Services, Home Cleaning",43.6696648,-79.3802567,Rosie,5,5.0,0,0,0,0,0,0,2,0,0,0,0,0,0,0,0,0,0,0,0,0,0,0,0,0,0,0,0,0,0,0
3dY5ljdznVZPZun37v2PWQ,"Food, Coffee & Tea",43.668171,-79.3889187,Starbucks,13,3.5,0,0,0,0,2,0,0,0,0,0,0,0,0,0,0,0,0,2,3,0,0,1,0,0,2,0,0,3,3,0
5K0QECU_k09N5Wh151RIKQ,"Doulas, Health & Medical, Special Education, Professional Services, Doctors, Education, Fertility, Active Life, Educational Services, Business Consulting, Fitness & Instruction, Yoga",43.6595255,-79.340923,Bebo Mia,3,5.0,1,0,0,0,0,0,2,0,0,0,0,0,0,0,0,0,0,0,0,0,0,0,0,0,0,0,0,0,0,0
5bpWSf93wxqe35DqeWmx6g,"Women's Clothing, Men's Clothing, Accessories, Fashion, Shopping",43.7760855,-79.343942,Jean Machine,3,1.0,0,0,0,0,0,0,0,0,0,0,0,0,0,0,0,0,0,0,0,0,0,0,0,0,0,0,0,0,2,0
6Ms7Ub54U4ai2ReI40Kf7w,"Medical Supplies, Pharmacy, Health & Medical, Drugstores, Shopping",43.6433605,-79.4474712,Guardian Pharmacy,7,2.0,0,0,0,0,2,0,0,0,0,0,0,0,0,0,0,0,0,0,0,0,0,2,0,0,0,0,0,0,1,0
6fn7wDZ2FzteSKnJ-u2R6g,"Mattresses, Home & Garden, Shopping, Furniture Stores",43.6791334,-79.3425512,Sleep Country,3,2.5,0,0,0,0,2,0,0,0,0,0,0,0,0,0,0,0,0,0,0,0,0,3,0,0,0,0,0,0,1,0
Ax1DHVBCpaBpViUvSwDdSg,"Food, Specialty Food, Ethnic Food, Chinese, Restaurants",43.656176,-79.4538607,China Island,37,3.5,0,0,0,0,2,0,0,1,0,0,0,0,0,2,0,2,2,1,1,1,2,1,1,0,2,0,0,1,3,0
C6vH0qzmcerMkiJy3VO9qA,"Restaurants, Seafood, Greek, Mediterranean, Vegetarian",43.6500769,-79.3848314,Estiatorio VOLOS,307,4.0,0,0,2,0,2,0,0,1,0,0,1,0,0,1,0,2,2,1,3,2,2,3,2,0,2,0,2,3,37,0
CaJBcoMR1oBcvKdSNvpMWQ,"Watches, Shopping, Local Services, Watch Repair, Jewelry",43.6706611,-79.3912971,Sun Time Luxury,6,4.5,0,0,0,0,2,0,1,0,0,0,2,0,0,0,0,0,0,0,0,0,0,2,0,0,0,0,2,0,0,0
CvIcDNGBMQDRfA1zpGmQfg,"Food, Restaurants, Cafes, Coffee & Tea, Donuts, Sandwiches",43.685660765,-79.6206445471,Tim Hortons,13,3.0,0,0,0,0,1,0,0,1,0,0,0,0,0,2,0,2,0,1,3,1,2,1,1,1,2,0,0,3,1,0
D-Tx1tStmjLQhEvmyMzXmQ,"General Dentistry, Dentists, Cosmetic Dentists, Health & Medical",43.6458657,-79.3905394,Mercer Street Dentistry,3,5.0,0,0,0,0,0,0,0,0,0,0,0,0,0,0,0,0,0,0,0,0,0,0,0,0,0,0,0,0,0,0
DFFiZZyCjciD_j1wgM3N0w,"Eyewear & Opticians, Shopping",43.657563,-79.4034356,College Street Optical,5,4.5,0,0,0,0,2,0,1,0,0,0,2,0,0,0,0,0,0,0,0,0,0,2,0,0,0,0,2,0,1,0
DtJEfQtw-D-ILTnWktrCtw,"Restaurants, Fast Food, Ice Cream & Frozen Yogurt, Food",43.7395802,-79.2369911,DQ Grill & Chill Restaurant,9,3.5,0,0,0,0,0,0,0,0,0,0,0,0,0,2,0,0,0,0,0,1,1,1,1,1,2,0,0,0,1,0
ECb4na1SMh_UpEu_cD1UzA,"Mattresses, Shopping, Furniture Stores, Home & Garden",43.7052162,-79.4068736,Sleep Country,4,3.0,0,0,0,0,0,0,0,0,0,0,0,0,0,0,0,0,0,0,0,0,0,4,0,0,0,0,0,0,0,0
Ixl5RYGCBrNGhvKz4YM97w,"Automotive, Car Dealers",43.6864888,-79.3094247,Toronto Kia,15,4.5,0,0,0,0,0,0,0,0,0,0,0,0,0,0,0,0,0,0,0,0,0,0,0,0,0,0,0,0,2,0
J4xpQg6s-pbmFG8ioOppmg,"Greek, Vegetarian, Vegan, Restaurants",43.6573310996,-79.3808853999,Vegan Bear,8,3.0,0,0,0,1,2,0,0,2,0,1,0,0,0,0,1,2,0,2,1,2,0,0,1,1,2,0,2,1,0,0
KpFc2FXm7OXLhoKgKDNz2g,"Food, Bakeries",43.6608780848,-79.3424910009,Brick Street Bread,38,3.5,0,0,0,0,2,0,0,0,0,0,0,0,0,0,0,0,0,0,0,1,0,2,0,0,2,0,0,0,10,0
MJVGVQxoe-0FJTzolkrWIQ,"General Dentistry, Health & Medical, Pediatric Dentists, Dentists, Endodontists, Cosmetic Dentists",43.6678335,-79.3884077,Sunny Dental Clinic,4,4.0,2,0,0,0,0,0,2,0,0,0,0,0,0,0,0,0,0,0,0,0,0,0,0,0,0,0,0,0,1,0
N-11FCEppz5NVYZVM2G5yA,"Pet Stores, Pet Services, Pets, Pet Sitting, Dog Walkers",43.6621588,-79.3510338,Fit Dogs,5,3.5,0,0,0,0,0,0,0,0,0,0,0,0,0,0,0,0,0,0,0,0,0,0,0,0,0,0,0,0,1,0
N97-DBkCFBy69maCMkUG1A,"Restaurants, Chinese",43.6537471,-79.3954627,Ten Mile Aroma,33,2.5,0,0,1,0,1,0,0,1,0,0,0,0,0,1,0,2,3,1,1,2,2,1,1,0,2,0,0,1,3,0
Nl8XPi8kHBWLEKta88FRyg,"Beauty & Spas, Hair Removal, Massage, Skin Care, Laser Hair Removal, Day Spas",43.647611904,-79.5294395462,The Root Of Skincare,4,2.0,1,0,0,0,2,0,2,0,0,0,0,0,0,0,0,0,0,0,0,0,0,0,0,0,0,0,1,0,0,0
NvHr-z61naBQZnhtILhRDA,"Stadiums & Arenas, Event Planning & Services, Arts & Entertainment, Venues & Event Spaces",43.6349629,-79.4126855,Enercare Centre,28,3.5,0,0,0,0,0,0,0,0,0,0,0,0,0,2,0,0,0,0,0,0,0,0,0,0,0,0,0,0,18,0
ORyR5StmKX5HjvFEV1oBXQ,"Restaurants, American (Traditional), Seafood",43.7187157,-79.4563123,Red Lobster,48,2.5,0,0,2,0,2,0,0,1,0,0,0,0,0,2,0,2,2,1,1,1,2,2,2,2,2,0,0,1,12,1
QhAmKLX_0AgQe5HLxode9Q,"International, Asian Fusion, Japanese, Sushi Bars, Restaurants",43.7370031,-79.2447063,Nakamori,92,4.0,0,0,2,0,1,0,0,2,0,0,1,0,0,2,1,1,1,1,3,2,2,3,2,2,2,0,1,3,17,0
QjhrYO6LD5mrU0WI7jxZ-g,"Food, Japanese, Coffee & Tea, Desserts, Restaurants",43.65494148,-79.4002381825,Little Pebbles,120,4.5,0,0,0,0,2,0,0,2,0,0,1,0,0,0,0,0,0,1,3,0,0,1,0,0,2,0,2,3,7,0
QxngAo1AnfcihXqdk3IA-g,"Chinese, Restaurants",43.6534837,-79.3954754,Dundas Spring Garden,29,2.5,0,0,0,0,2,0,0,0,0,0,0,0,0,2,0,2,1,1,0,2,2,2,2,0,2,0,0,0,0,0
SkFr3szJf-3crQhi8_BxNw,"Specialty Schools, Driving Schools, Tutoring Centers, Education",43.689741637,-79.348568,Learn Safe Driving Academy,4,1.0,0,0,0,0,0,0,0,0,0,0,0,0,0,0,0,0,0,0,0,0,0,0,0,0,0,0,0,0,0,0
TGuRNZByAQYhejFfAAbD1A,"Restaurants, Thai",43.6656661,-79.4704944,The Friendly Thai,51,3.0,0,0,2,0,2,0,0,2,0,0,0,0,0,2,0,2,2,1,1,2,2,2,2,0,2,0,2,1,13,0
TP2jk6mcl81BQ95nk91SpQ,"Beauty & Spas, Nail Salons",43.7052388,-79.3752859,Kim's Nail Salon Bayview,6,4.5,0,0,0,0,2,0,1,0,0,0,0,0,0,0,0,0,0,0,0,0,0,1,0,0,0,0,0,0,2,0
WN3NSIJQHfxtjf1kV7snVA,"Asian Fusion, Food, Japanese, Restaurants, Specialty Food, Korean",43.6638034,-79.4162716,Kevin's Taiyaki,68,4.5,0,0,0,0,2,0,0,1,0,0,0,0,0,2,0,2,2,1,1,1,2,1,1,0,2,0,0,1,15,0
ZP1PaxoKWotiTB7rK6Xyeg,"Hair Removal, Waxing, Makeup Artists, Nail Salons, Nail Technicians, Eyelash Service, Beauty & Spas",43.6625246,-79.3339735,BSIDE Beauty,15,4.5,0,0,0,0,2,0,1,0,0,0,0,0,0,0,0,0,0,0,3,0,0,3,0,0,0,0,1,3,2,0
_H0s4QOCRgDRb6edy8MwJw,"Beauty & Spas, Eyebrow Services, Eyelash Service, Hair Extensions, Hair Salons, Specialty Schools, Education, Cosmetology Schools",43.647805,-79.389603,Lash Therapeutics,50,4.5,0,0,0,0,1,0,1,0,0,0,0,0,0,1,0,0,0,0,3,0,0,2,0,0,0,0,1,3,5,0
aPlGRDxKaA6JkE5mY66g0w,"Hotels & Travel, Venues & Event Spaces, Hotels, Event Planning & Services",43.6410667887,-79.3762057229,"The Westin Harbour Castle, Toronto",226,3.0,0,0,0,0,0,0,0,0,0,0,2,0,0,0,0,0,0,0,2,0,0,3,0,0,0,0,2,2,18,0
aRut7oOB3wIuVQXLCrvEzQ,"Restaurants, Italian, Bars, Nightlife, Lounges",43.6555671,-79.4134946,Riva,5,2.5,0,0,2,0,0,0,0,0,0,0,0,0,0,1,0,0,0,2,0,0,2,2,0,0,0,0,0,0,2,0
bGuxRBRKv7i1BKKfGbjxEw,"Asian Fusion, Sushi Bars, Restaurants, Japanese",43.6503044,-79.3804595,Katana on Bay,92,3.5,0,0,2,0,1,0,0,2,0,0,1,0,0,1,2,2,2,2,3,2,2,3,2,2,2,0,1,3,8,0
blf2jlxAE2dfWAOf42NIFw,"Hostels, Hotels & Travel, Travel Services",43.6506762689,-79.3749772498,HI Toronto Hostel,36,4.0,0,0,0,0,0,0,0,0,0,0,0,0,0,0,0,0,0,0,3,0,0,0,0,0,0,0,0,3,4,0
bxwZrJ58a0NoNI4chLbyAw,"Venues & Event Spaces, Hotels & Travel, Event Planning & Services, Hotels",43.6924303,-79.5728991,Holiday Inn Toronto-Airport East,20,2.5,0,0,0,0,0,0,0,0,0,0,0,0,0,0,0,0,0,0,3,0,0,2,0,0,0,0,0,3,2,0
fXYI--HjP8hCfwKfLZfTtg,"Cafes, Desserts, Coffee & Tea, Food, Restaurants",43.6496155,-79.3854472,Starbucks,3,2.0,0,0,0,0,1,0,0,0,0,0,0,0,0,2,0,2,0,1,3,1,2,1,1,0,2,0,0,3,2,0
gbQ2tfrjCPbZAqZYCzZiYA,"Medical Centers, Health & Medical",43.6716822,-79.3768696,Travelmed Vaccine Centre,4,4.0,0,0,0,0,0,0,0,0,0,0,0,0,0,0,0,0,0,0,0,0,0,0,0,0,0,0,0,0,0,0
hjZ4cVn3PZk_1hqfoxMXXg,"Delicatessen, Bakeries, Cafes, Food, Delis, Restaurants",43.6336851,-79.5318437,Oven Fresh,5,3.0,0,0,0,0,0,0,0,0,0,0,0,0,0,2,0,2,0,1,0,0,2,1,1,0,2,0,0,0,2,0
iMEMdmtlnl6jIwkxMYsviA,"Hair Removal, Beauty & Spas, Day Spas, Skin Care",43.6797357127,-79.3449120554,Electrolysis Derma Care Clinic,3,2.5,0,0,0,0,0,0,0,0,0,0,0,0,0,0,0,0,0,0,0,0,0,0,0,0,0,0,0,0,0,0
jpMIRLz6xACFEuSM0IL8MA,"Pets, Pet Services, Pet Groomers",43.7029769,-79.380763,Dog & Groom,5,2.0,0,0,0,0,0,0,0,0,0,0,0,0,0,0,0,0,0,0,0,0,0,0,0,0,0,0,0,0,0,0
jvybpWs4gZzr_i2eujvQ8Q,"Bubble Tea, Coffee & Tea, Juice Bars & Smoothies, Food",43.6607009,-79.3835539,Real Fruit Bubble Tea,7,2.5,0,0,0,0,0,0,0,0,0,0,0,0,0,0,0,0,0,0,0,0,0,0,0,0,2,0,0,0,1,0
k4PFaATcPO0tvTetNbdm8Q,"Italian, Caterers, Event Planning & Services, Restaurants",43.655018,-79.413732,Trattoria Giancarlo,33,3.5,0,0,2,0,2,0,0,0,0,0,0,0,0,1,0,2,2,2,1,1,2,3,2,0,1,0,0,1,5,0
kdex-hgPayrFZIv5eEIpnQ,"Food, Shopping, Breweries, Beer, Wine & Spirits, Hobby Shops",43.7560444,-79.4739679,Toronto Brewing,7,3.0,0,0,0,0,2,0,0,0,0,0,0,0,0,0,0,0,0,0,0,0,0,3,0,0,0,0,0,0,0,0
naIpNYbkw1RwzUjwIl7v5g,"Event Planning & Services, Hotels & Travel, Hotels",43.6684707,-79.3853152,The Anndore House,17,4.5,0,0,0,0,0,0,0,0,0,0,0,0,0,0,0,0,0,0,3,0,0,0,0,0,0,0,0,3,0,0
nfSbDfCZ05G9wb_LjBP4sg,"Brewpubs, Restaurants, Sports Bars, Pubs, Burgers, Breweries, Nightlife, American (Traditional), Food, Bars",43.6451762,-79.5201429,The Bull Pub and Grill,5,4.5,0,0,2,0,2,0,1,1,1,0,0,0,0,0,2,2,0,2,3,1,0,0,2,2,2,2,2,3,0,0
nzQBswS7FakCfYezHAFBOw,"Financial Services, Professional Services, Accountants",43.653406,-79.44831,FreshBooks,3,3.5,0,0,0,0,0,0,0,0,0,0,0,0,0,0,0,0,0,0,0,0,0,0,0,0,0,0,0,0,0,0
pPhuVbly0ZjyrhIhFazANA,"Restaurants, Sushi Bars",43.6894573,-79.3950643,Sushi Garden,38,3.5,0,0,1,1,2,0,0,2,0,1,0,0,0,2,0,2,2,1,1,2,2,2,2,2,2,0,2,1,2,0
pkj2M6vhaDe8Lma5CQ76_A,"Beauty & Spas, Nail Salons",43.7187157,-79.4563123,Star Nail Spa,4,2.0,0,0,0,0,2,0,1,0,0,0,0,0,0,0,0,0,0,0,0,0,0,2,0,0,0,0,0,0,0,0
sHEmHd6VZYYuJZwqsVbBlg,"Coffee & Tea, Food",43.6526349,-79.4314068,The Common,46,4.0,0,0,0,0,2,0,0,0,0,0,0,0,0,0,0,0,0,2,3,0,0,1,0,0,2,0,0,3,11,0
sRirP65Q7BSg3Lj9FdkKWQ,"Pakistani, Indian, Restaurants",43.6475091,-79.4030906,Gandhi Cuisine,255,4.0,0,0,0,0,2,0,0,1,0,0,0,0,0,2,0,2,2,1,1,1,1,2,1,1,2,0,0,1,41,0
sc9GaupuocNSScOm0J88aA,"Restaurants, Falafel, Mediterranean, Kosher, Event Planning & Services, Middle Eastern, Caterers",43.7181347,-79.4291471,Dr. Laffa,47,3.5,0,0,0,0,1,0,0,2,0,0,0,0,0,2,0,1,2,1,3,2,1,2,2,1,2,0,2,3,1,1
v9A6FJDPr7C2JK9VoRtrhQ,"Food, Grocery",43.6374418,-79.4705573,Sunshine Foods,4,4.0,0,0,0,0,2,0,0,0,0,0,0,0,0,0,0,0,0,0,0,0,0,3,0,0,1,0,0,0,2,0
xEgxJruUrdPCWMi0gyXRRg,"Local Services, Web Design, Printing Services, Screen Printing, Graphic Design, Professional Services",43.657802,-79.401095,Got Merch,3,2.5,0,0,0,0,0,0,0,0,0,0,0,0,0,0,0,0,0,0,0,0,0,0,0,0,0,0,0,0,0,0
yDxUrN7XmpP-zrf9iwq1uA,"Gas Stations, Automotive, Auto Repair",43.6548522,-79.4186813,Crawford Service Station Olco,6,3.5,0,0,0,0,0,0,0,0,0,0,0,0,0,0,0,0,0,0,0,0,0,0,0,0,0,0,0,0,0,0
zuCgnSkJa3aFB5s1-8ew4g,"Korean, Restaurants, Mexican, Salad",43.6537184,-79.3909035,Fiesta Burrito,23,4.0,0,0,0,0,2,0,0,0,0,0,0,0,0,2,0,2,3,2,1,1,2,2,1,1,2,0,0,1,0,0
