business_id,categories,latitude,longitude,name,review_count,stars,AcceptsInsurance,AgesAllowed,Alcohol,BYOB,BikeParking,BusinessAcceptsCreditCards,ByAppointmentOnly,Caters,CoatCheck,Corkage,DogsAllowed,DriveThru,GoodForDancing,GoodForKids,HappyHour,HasTV,NoiseLevel,OutdoorSeating,RestaurantsAttire,RestaurantsDelivery,RestaurantsGoodForGroups,RestaurantsPriceRange2,RestaurantsReservations,RestaurantsTableService,RestaurantsTakeOut,Smoking,WheelchairAccessible,WiFi,tips_counter_bz,total_compliments_bz
-ZddT0jA98TAD2gUReBTqg,"Local Services, Shipping Centers, Shopping, Couriers & Delivery Services, Printing Services",43.6711675,-79.2941773,The UPS Store,4,3.0,0,0,0,0,0,0,0,0,0,0,0,0,0,0,0,0,0,0,0,0,0,0,0,0,0,0,0,0,0,0
-tNRoUbkNEGKr2920PE_Vw,"Vegetarian, Beer Bar, Restaurants, Bars, Nightlife, Vegan",43.6633580757,-79.4185703357,Fubar,4,4.0,0,0,0,0,2,0,0,1,1,0,0,0,1,2,0,2,1,1,0,1,2,2,1,1,0,1,0,0,0,0
-tqX7UVxeGmec6tnakV6vQ,"Food, Coffee & Tea",43.6535009,-79.3822705,Timothys Coffees of the World,3,4.0,0,0,0,0,0,0,0,0,0,0,0,0,0,0,0,0,0,0,3,0,0,0,0,0,0,0,0,3,1,1
147BvO6Fm58E-kYoXTZfPw,"Restaurants, Food Court, Mexican, Fast Food, Tex-Mex",43.64309,-79.3830719,z-teca Gourmet Burritos,12,2.5,0,0,0,0,1,0,0,2,0,0,1,0,0,1,0,1,4,1,1,1,1,1,1,1,2,0,2,1,2,0
2NmiKn4bOV3FoTR17zRJyQ,"Radio Stations, Mass Media",43.6700104,-79.437755,Indie Love,3,5.0,0,0,0,0,0,0,0,0,0,0,0,0,0,0,0,0,0,0,0,0,0,0,0,0,0,0,0,0,0,0
2iYGfGTI2Bm56rUaJfpZug,"Food, Coffee & Tea",43.668546,-79.307956,Starbucks,9,3.0,0,0,0,0,2,0,0,0,0,0,0,0,0,0,0,0,0,2,3,0,0,2,0,0,2,0,0,3,2,0
30wDzvm4cBSenntSB39FxA,"Shopping, Books, Mags, Music & Video, Bookstores",43.6696593,-79.3027344,Book City,4,4.5,0,0,0,0,2,0,0,0,0,0,2,0,0,0,0,0,0,0,0,0,0,2,0,0,0,0,2,0,1,0
3Pg08fWG5eAPjCK_XExdYw,Public Services & Government,43.6558628293,-79.4108852372,Service Ontario,5,2.5,0,0,0,0,0,0,0,0,0,0,0,0,0,0,0,0,0,0,0,0,0,0,0,0,0,0,0,0,1,0
3Q2Ks5Je6AI_3fZpQ-vRBg,"Restaurants, Italian, Nightlife, Tapas/Small Plates, Bars",43.6550385,-79.4135198,Salumi Bar,6,5.0,0,0,2,0,1,0,0,1,0,0,1,0,0,0,2,2,0,0,3,1,0,0,1,2,2,0,0,3,0,0
3SXsV4DOqGv441JUrIRqNg,"Festivals, Arts & Entertainment",43.6285241677,-79.4134089455,Aurora Winter Festival,7,2.5,0,0,0,0,0,0,0,0,0,0,0,0,0,0,0,0,0,0,0,0,0,0,0,0,0,0,0,0,0,0
3qTSOuJ-ZyU1L7o62KHSIg,"Italian, Restaurants, Hot Dogs, Tapas/Small Plates",43.6633353362,-79.3304189287,Gio Rana's Really Really Nice Restaurant,191,4.0,0,0,2,0,2,0,0,1,0,0,0,0,0,1,0,2,3,1,1,1,2,3,2,0,1,0,0,1,21,0
47wBHgBwQ8_70sjmXow_1g,"Food, Restaurants, Bars, Pubs, Canadian (New), Nightlife, Gastropubs",43.6623256,-79.4045706,Her Father's Cider Bar & Kitchen,151,4.5,0,0,2,1,2,0,0,1,1,0,1,0,1,1,1,1,2,2,3,1,2,2,2,2,1,1,2,3,6,0
67hgX03yotM6MUiKI99rhQ,"Pizza, Sandwiches, Seafood, Burgers, Pubs, Canadian (New), Restaurants, Nightlife, Sports Bars, Bars",43.6019054,-79.498597,Maple Leaf House,6,3.5,0,0,2,0,0,0,0,0,0,0,0,0,0,2,0,2,2,2,0,1,2,2,1,0,0,0,0,0,2,0
6ViS4WNi6h3uj3aptqx8Zw,"Pest Control, Local Services, Wildlife Control",43.7562684,-79.4099743,SOS Wildlife Control,5,5.0,0,0,0,0,0,0,0,0,0,0,0,0,0,0,0,0,0,0,0,0,0,0,0,0,0,0,0,0,0,0
72hKsoTMzqZzTXseOYZP9w,"Beauty & Spas, Hair Salons",43.6721504,-79.3909293,Salon Dew,6,4.0,0,0,0,0,0,0,2,0,0,0,0,0,0,2,0,0,0,0,0,0,0,3,0,0,0,0,0,0,1,0
8-vqn5UeqY3gDXzg9-sHSg,"Restaurants, Thai",43.6773378,-79.352841,Basil Express Restaurant,20,2.5,0,0,2,0,1,0,0,2,0,0,0,0,0,2,0,2,1,1,3,2,2,2,2,0,2,0,0,3,2,0
95IHcpOv6Z8myrjgXEw1Iw,"Car Rental, Hotels & Travel",43.6828352368,-79.6114980302,Dollar Car Rental,11,2.0,0,0,0,0,0,0,0,0,0,0,0,0,0,0,0,0,0,0,0,0,0,0,0,0,0,0,0,0,0,0
AK0P-WcPvZzlztn43GTaUQ,"Arts & Entertainment, Supernatural Readings, Lawyers, Criminal Defense Law, Professional Services",43.7504713,-79.4640453,Dominion Pardons and Waivers Rehabilitation du Canada,3,2.5,0,0,0,0,0,0,0,0,0,0,0,0,0,0,0,0,0,0,0,0,0,0,0,0,0,0,0,0,0,0
AukoPaM-bJuII1ayRMEQ8Q,"Desserts, Coffee & Tea, Bubble Tea, Bakeries, Food",43.6413898,-79.3801637,The Krys Milktea Bar,3,4.0,0,0,0,0,0,0,0,2,0,0,0,0,0,0,0,0,0,0,1,1,0,0,0,0,2,0,2,1,1,0
CZo5aeQpv55NKf0VG9wWEA,"American (Traditional), Nightlife, Sports Bars, Bars, Restaurants, Chicken Wings",43.6526911,-79.3753637,Wild Wing,25,3.0,0,0,2,0,2,0,0,2,0,0,0,0,0,2,0,2,2,1,3,2,2,2,2,0,2,0,0,3,4,0
Cy9LmQrY9rWwaNTSqxQn6A,"Fashion, Shopping, Shoe Stores",43.6494979,-79.3916954,groovy,14,3.5,0,0,0,0,2,0,0,0,0,0,0,0,0,0,0,0,0,0,0,0,0,2,0,0,0,0,0,0,1,0
D9t6KfUQifQR9OQ0Yt5X7A,"Beer Bar, Nightlife, Bars",43.6654063,-79.3857067,Bar Volo,4,4.0,0,0,0,0,0,0,0,0,0,0,0,0,0,0,0,0,0,0,0,0,0,0,0,0,0,0,0,0,0,0
DFU3IUc-Y8OXm6hN9x2e9A,"Nurseries & Gardening, Home & Garden, Flowers & Gifts, Shopping, Florists",43.6435324,-79.4226515,Poppies,22,3.5,0,0,0,0,2,0,0,0,0,0,0,0,0,0,0,0,0,0,0,2,0,2,0,0,0,0,0,0,3,0
F4UlA5qd7cygK-rFPaLEVA,"Car Rental, Hotels & Travel",43.6542705,-79.3738182,Discount Car and Truck Rentals,15,2.0,0,0,0,0,0,0,0,0,0,0,0,0,0,0,0,0,0,0,0,0,0,0,0,0,0,0,0,0,1,0
FVgaLPmq88zX0mT5NJPFgw,"Pubs, Bars, Karaoke, Nightlife, Fast Food, Restaurants",43.6669665,-79.3690648,Alice's Place,4,3.5,0,0,2,0,2,0,0,0,0,0,0,0,0,0,0,2,2,2,0,0,2,2,2,0,0,0,0,0,0,0
FXY-z4jvLpXxFGakx0Ic6Q,"Real Estate Services, Home Services, Photographers, Real Estate, Real Estate Photography, Event Photography, Session Photography, Event Planning & Services",43.752466186,-79.5416164398,Banga Studios,3,3.5,0,0,0,0,0,0,0,0,0,0,0,0,0,0,0,0,0,0,0,0,0,0,0,0,0,0,0,0,0,0
GWiaYZBGPlNaACQYfQNaOQ,"Automotive, Auto Repair",43.6652871,-79.3211558,Salims Auto Repair,3,4.0,0,0,0,0,0,0,0,0,0,0,0,0,0,0,0,0,0,0,0,0,0,0,0,0,0,0,0,0,0,0
Gi7LvHnVguT-LOonsVio-g,"Bubble Tea, Food",43.7574225,-79.4102441,Xing Fu Tang,5,4.0,0,0,0,0,0,0,0,0,0,0,0,0,0,0,0,0,0,0,0,0,0,0,0,0,0,0,0,0,1,0
Gi9R3spwQc30vEYu6yhxdQ,"Shopping, Education, Cooking Schools, Specialty Schools, Home & Garden, Kitchen Supplies, Kitchen & Bath",43.7023888,-79.397728,Peppermills,9,3.5,0,0,0,0,2,0,0,0,0,0,0,0,0,0,0,0,0,0,0,0,0,3,0,0,0,0,0,0,0,0
H29uI-_FVlo3zuH5hFC-yA,"Greek, Food Court, Restaurants",43.7810883295,-79.4163576141,Mr Souvlaki,5,4.0,0,0,0,0,0,0,0,0,0,0,0,0,0,2,0,0,0,0,3,1,2,2,1,0,2,0,0,3,1,0
HE6lR5ZYaKqM9ckkjXPeWw,"Shopping, Sporting Goods, Skate Shops, Outdoor Gear, Active Life, Ski & Snowboard Shops",43.7805303328,-79.4755920767,ProSkaters Place,4,2.0,0,0,0,0,2,0,1,0,0,0,2,0,0,0,0,0,0,0,0,0,0,0,0,0,0,0,2,0,0,0
I6suYpV7mM39v_M65NkmUA,"Dentists, Cosmetic Dentists, Health & Medical, Oral Surgeons, Endodontists, General Dentistry",43.6613899,-79.4288825,Dentists on Bloor,15,4.5,2,0,0,0,0,0,2,0,0,0,0,0,0,0,0,0,0,0,3,0,0,0,0,0,0,0,0,3,0,0
I_xtqRpEhjLBziHPYTuAqg,"Florists, Flowers & Gifts, Event Planning & Services, Floral Designers, Shopping",43.6692941,-79.3041371,Beachwood Flower Shop,8,4.5,0,0,0,0,2,0,0,0,0,0,0,0,0,0,0,0,0,0,0,2,0,2,0,0,0,0,0,0,1,0
JLuQsIGZRWwLR1S9JC3odw,"Hair Salons, Beauty & Spas",43.6568595,-79.3999762,Toronto Hair Care,8,4.0,0,0,0,0,2,0,1,0,0,0,0,0,0,0,0,0,0,0,0,0,0,2,0,0,0,0,0,0,3,0
JroGFi35zSGcrp5O6OKl9A,"Libraries, Public Services & Government",43.7039665,-79.3880448,Toronto Public Library - Mount Pleasant,3,2.0,0,0,0,0,0,0,0,0,0,0,0,0,0,0,0,0,0,0,3,0,0,0,0,0,0,0,0,3,2,0
LemVIa45IbABMtgnveAOWw,"Nightlife, Bars",43.6553614,-79.4188481,Crawford,7,2.5,0,0,0,0,2,0,0,0,0,0,0,0,0,0,0,2,3,1,0,0,2,2,0,0,0,0,0,0,4,0
LmFZ3o_GDV82P3SNnTDiPg,"Fitness & Instruction, Active Life, Gyms",43.746775,-79.292513,Band of Barbells,9,5.0,0,0,0,0,2,0,2,0,0,0,0,0,0,0,0,0,0,0,0,0,0,0,0,0,0,0,2,0,1,0
PBlxBsjd01FHR3P4tFfZQg,"Nightlife, Bars",43.6591034464,-79.3479657363,Hi-Lo Bar,21,4.0,0,0,2,0,2,0,0,0,1,0,0,0,1,0,2,2,3,1,1,0,2,1,1,0,0,1,0,1,3,0
PQLb7kF0vQlrtXpuS2JJww,"Pizza, Nightlife, Restaurants, Bars",43.6407692721,-79.4343257291,Superpoint Express Parkdale,7,3.5,0,0,0,0,0,0,0,0,0,0,0,0,0,0,0,0,0,0,0,0,0,0,0,0,0,0,0,0,0,0
R5Ez0Pu_pwLhv5yW68lbLA,"Beauty & Spas, Skin Care, Nail Salons, Waxing, Hair Removal",43.6977268,-79.3892343,Merton Nails,6,3.5,0,0,0,0,1,0,0,0,0,0,0,0,0,0,0,0,0,0,0,0,0,1,0,0,0,0,0,0,0,0
VB_4QRTgOCSC6qn368SccQ,"Automotive, Car Rental, Hotels & Travel",43.6581462237,-79.3856885606,Enterprise Rent-A-Car,16,3.0,0,0,0,0,0,0,0,0,0,0,0,0,0,0,0,0,0,0,0,0,0,0,0,0,0,0,0,0,1,0
VvSmE1NnTjnaTPHT0WrCaQ,"Chinese, Vegetarian, Restaurants, Event Planning & Services, Caterers",43.6542071,-79.4020543,King's Café,137,4.0,0,0,0,0,2,0,0,2,0,0,0,0,0,2,0,2,1,1,1,1,2,2,2,2,2,0,0,1,10,2
WW2qsASM0rjR3l17fnTsBA,"Beauty & Spas, Hair Removal, Skin Care, Waxing",43.6721504,-79.3909293,Slick Wax Bar,17,4.5,0,0,0,0,2,0,2,0,0,0,0,0,0,0,0,0,0,0,3,0,0,2,0,0,0,0,1,3,1,0
XkrSpvUe3JFb6pxGcwgO2w,"Diners, Breakfast & Brunch, Restaurants",43.6729798,-79.3195236,New Town Family Restaurant,12,4.0,0,0,2,0,0,0,0,0,0,0,0,0,0,2,0,2,2,1,0,1,2,1,0,2,2,0,0,0,0,0
Y5ADR4UCC2_ZMHbQsLJEPw,"Restaurants, Fish & Chips, Bars, Sports Bars, Shopping, Wigs, Burgers, Nightlife, Chicken Wings, Beer Bar",43.6391683,-79.4254667,Shoeless Joe's Sports Grill - 1189 King,47,3.0,0,0,2,0,2,2,0,1,0,0,1,0,0,2,0,2,3,2,3,2,2,2,2,2,2,0,2,3,3,0
YcEFxkRQVJdj3UI3DjhA5w,"Coffee & Tea, Desserts, Food",43.6467318,-79.3839517,Starbucks,16,4.0,0,0,0,0,2,0,0,2,0,0,0,0,0,0,0,0,0,2,3,0,0,1,0,0,2,0,0,3,46,0
ZGbCpNVsNkqpaTRpx3iPmg,"Car Dealers, Automotive",43.6582178,-79.3368376,Downtown Subaru,13,3.0,0,0,0,0,0,0,0,0,0,0,0,0,0,0,0,0,0,0,0,0,0,0,0,0,0,0,0,0,1,0
ZPm0sW2v9sjbwzhm-_ssnQ,"Restaurants, Cafes, Coffee & Tea, Food",43.7110157,-79.3990332,Starbucks,7,2.5,0,0,0,0,2,0,0,0,0,0,0,0,0,2,0,1,0,2,3,1,1,2,1,0,2,0,0,3,3,0
Zr3ztn_ulr3bFi1lbfDl1g,"Dry Cleaning, Local Services, Laundry Services, Dry Cleaning & Laundry",43.6361403,-79.4027601,Mr & Mrs Drycleaners,19,2.5,0,0,0,0,2,0,0,0,0,0,0,0,0,0,0,0,0,0,1,0,0,2,0,0,0,0,0,1,3,0
awKCpe3lO6zVMDYiRFyiRw,"Sporting Goods, Shopping, Bikes",43.6533618,-79.450537,Mojo Cycles,9,5.0,0,0,0,0,0,0,0,0,0,0,0,0,0,0,0,0,0,0,0,0,0,2,0,0,0,0,2,0,1,0
cUuDnTAya4rx5tuh7HbGyw,"Restaurants, Asian Fusion, Food Court, Chinese",43.6504202641,-79.3800179125,Mean Bao,3,2.5,0,0,0,0,0,0,0,0,0,0,0,0,0,0,0,0,0,0,0,0,0,0,0,0,0,0,0,0,0,0
cdA3MPcoVPYLrZzhR0_rmQ,"Seafood Markets, Food, Specialty Food",43.6695711906,-79.3015909195,Beach Fish House,17,4.5,0,0,0,0,2,0,0,0,0,0,0,0,0,0,0,0,0,0,0,0,0,2,0,0,2,0,0,0,2,0
dIT1C_9egbxu7bSk2WTrWA,"Middle Eastern, Restaurants, Falafel, Halal, Mediterranean, Greek, Syrian",43.6133237,-79.489239,Mooring Eats,8,4.5,0,0,0,0,2,0,0,2,0,0,0,0,0,0,1,2,0,2,3,2,0,0,1,1,2,0,1,3,0,0
f3q77mDLXS-uc0lFHnDlnQ,"Men's Clothing, Accessories, Fashion, Shopping",43.6502653483,-79.3764729049,Spier & Mackay,12,4.0,0,0,0,0,2,0,0,0,0,0,0,0,0,0,0,0,0,0,0,0,0,2,0,0,0,0,1,0,0,0
fLU6c-mPPslpDNSkEgHIZw,"Patisserie/Cake Shop, Food, Coffee & Tea",43.7602644,-79.4109593,1675 Patisserie,21,4.0,0,0,0,0,1,0,0,2,0,0,1,0,0,0,0,0,1,2,3,0,0,2,0,0,2,0,2,3,1,0
fjGKL6cQJl5ynwesu1LkAQ,"Makeup Artists, Beauty & Spas, Hair Salons",43.6641630156,-79.3424679683,Textur Studio,18,4.5,0,0,0,0,2,0,1,0,0,0,0,0,0,2,0,0,0,0,0,0,0,2,0,0,0,0,0,0,0,0
gU91tpq-gtMMwMfvGBlpYA,"Bagels, Food",43.7060902,-79.3985366,The Great Canadian Bagel,7,2.5,0,0,0,0,0,0,0,0,0,0,0,0,0,0,0,0,0,0,0,0,0,1,0,0,0,0,0,0,0,0
gcMVGb1pw0lTkgjTZ9CKsQ,"Fast Food, Restaurants",43.6651725,-79.4103714,Popeyes Louisiana Kitchen,21,2.0,0,0,0,0,0,0,0,0,0,0,0,0,0,2,0,2,2,1,0,2,2,0,1,0,2,0,0,0,2,0
hr86GarswrDgD9SpLtD9hQ,"Food, Coffee & Tea",43.6483468,-79.3778374,The Croissant Tree,12,4.0,0,0,0,0,0,0,0,0,0,0,0,0,0,0,0,0,0,1,3,0,0,1,0,0,2,0,0,3,1,0
kKNauD7d3HOvumRV7JIAfg,"Restaurants, Event Planning & Services, Caterers, Poutineries, Sandwiches",43.6962242,-79.328696,Knuckle Sandwich,99,4.0,0,0,1,0,2,0,0,2,0,0,0,0,0,2,0,2,2,2,3,1,2,2,1,2,2,0,2,3,12,0
kqcFd60_YQyE4gNx9-HuCg,"Cosmetics & Beauty Supply, Shopping, Beauty & Spas, Home & Garden, Kitchen Supplies, Kitchen & Bath",43.7690687,-79.38548,Belle De Provence,4,4.0,0,0,0,0,2,0,1,0,0,0,0,0,0,0,0,0,0,0,1,0,0,3,0,0,0,0,2,1,0,0
mt5kFJr1rOqIajMguELR9Q,"Imported Food, Chinese, Food, Ethnic Food, Vietnamese, Specialty Food, Restaurants",43.6432219,-79.4242064,Saigon Flower Restaurant,36,2.5,0,0,2,0,2,0,0,1,0,0,0,0,0,2,0,2,1,1,1,2,2,2,1,0,2,0,0,1,5,0
pMaOpte9NXZXSS8wolXxGw,"Italian, Chicken Wings, Pizza, Restaurants",43.6853887,-79.3129744,Pizza Pizza,3,3.5,0,0,0,0,0,0,0,0,0,0,0,0,0,0,0,0,0,1,0,0,0,0,0,0,2,0,0,0,0,0
p_KC8_d_MQnfJwgzm6Azdw,"Hotels & Travel, Airports",43.631540306,-79.395275116,Billy Bishop Toronto City Airport,186,4.0,0,0,0,0,0,0,1,0,0,0,0,0,0,0,0,0,0,0,3,0,0,0,0,0,0,0,0,3,51,1
qJm-Z5GJ3FRAogs_xNQHug,"Veterinarians, Pets",43.667392,-79.310771,Kew Beach Veterinary Hospital,12,4.0,0,0,0,0,0,0,0,0,0,0,0,0,0,0,0,0,0,0,0,0,0,0,0,0,0,0,0,0,0,0
qihUmpXFwuRaNb-UC5_BNA,"Coffee & Tea, Food",43.6384598916,-79.5380038396,Starbucks,10,3.5,0,0,0,0,2,0,0,1,0,0,0,0,0,0,0,0,0,2,3,0,0,2,0,0,2,0,0,3,2,0
rSgJUGwCvxP4ydg0zdiKCA,"Arts & Crafts, Shopping, Art Supplies, Jewelry",43.6715785,-79.3258494,Beadworks,3,3.0,0,0,0,0,2,0,1,0,0,0,0,0,0,0,0,0,0,0,0,0,0,2,0,0,0,0,2,0,0,0
rmfbHrbb17CV_wlbLsJmYQ,"Restaurants, Korean, Hot Dogs",43.7766266,-79.4141259,Chung Chun Rice Hotdog,19,4.0,0,0,0,1,0,0,0,0,0,0,0,0,0,0,0,0,0,1,3,2,1,0,1,1,2,0,0,3,0,0
shu8xuk3Rq1X5H6sqavRMg,"Automotive, Tires, Auto Repair, Towing",43.644673,-79.394604,Central Towing Services,3,2.5,0,0,0,0,0,0,0,0,0,0,0,0,0,0,0,0,0,0,0,0,0,0,0,0,0,0,0,0,0,0
tiQQqJ5ymf_XWzyF9ywArw,"Restaurants, Diners, Breakfast & Brunch, Canadian (New)",43.7091651,-79.3985653,Mars Uptown,69,3.5,0,0,0,0,2,0,0,1,0,0,0,0,0,2,0,2,2,1,1,1,2,2,1,2,2,0,0,1,14,0
u4wlIcfIHA8fhnszID8NqQ,"Restaurants, Fast Food, Pizza",43.6635483,-79.3675041,241 Pizza,10,3.0,0,0,0,0,0,0,0,2,0,0,0,0,0,2,0,2,2,1,1,2,1,2,1,0,2,0,0,1,0,0
ulwAYJ47-6JPzfLVSySOAQ,"Physical Therapy, Health & Medical, Beauty & Spas, Massage, Acupuncture",43.6524242,-79.3683352,Trilogy Physiotherapy,4,5.0,2,0,0,0,2,0,2,0,0,0,0,0,0,0,0,0,0,0,0,0,0,2,0,0,0,0,2,0,0,0
wP6__WwjrJn_i1PdLLehtw,"Restaurants, Italian, Chicken Wings, Pizza",43.7132519,-79.3670947,Domino's Pizza,5,4.0,0,0,0,0,1,0,1,1,0,0,0,0,0,2,0,2,3,1,1,2,2,2,1,0,2,0,0,1,0,0
whF3fiWey-GJLzmX3yoC5w,"Cinema, Arts & Entertainment",43.6492034,-79.3727345,Imagine Cinemas Market Square,61,4.5,0,0,0,0,0,0,0,0,0,0,0,0,0,2,0,0,0,0,0,0,0,0,0,0,0,0,0,0,10,0
wvlRrwP_9omklEI1KLJLdQ,"Waxing, Beauty & Spas, Hair Removal, Nail Salons",43.7205398,-79.4556531,Simplicity Nail,19,3.5,0,0,0,0,1,0,1,0,0,0,0,0,0,0,0,0,0,0,3,0,0,1,0,0,0,0,1,3,0,0
x0MaTw6He1w_1nddeSJU2Q,"Cocktail Bars, Nightlife, Canadian (New), Restaurants, Bars, Wine Bars",43.6429974,-79.383788,The Roof at SOCO,9,4.5,0,0,2,0,2,0,1,1,2,0,1,0,0,0,1,2,0,2,3,1,0,0,2,2,2,1,2,3,2,0
xtF1bKOn1pWpeWrzxfeKIA,"Food, Convenience Stores",43.6659574,-79.3805325,Wellesley Convenience Store,3,2.0,0,0,0,0,0,0,0,0,0,0,0,0,0,0,0,0,0,0,0,0,0,0,0,0,0,0,0,0,0,0
yfMY_eqBuPrNQU1leOsqXQ,"Coffee & Tea, Food",43.63962,-79.537538,Starbucks,11,3.0,0,0,0,0,2,0,0,0,0,0,0,0,0,0,0,0,0,2,3,0,0,2,0,0,2,0,0,3,3,0
ynUn4IwB_DNvdSrI98Qo_Q,"Tax Services, Financial Services, Accountants, Professional Services",43.7619001,-79.2250606,AR Rahman Tax & Accounting,3,1.0,0,0,0,0,0,0,0,0,0,0,0,0,0,0,0,0,0,0,0,0,0,0,0,0,0,0,0,0,1,0
zF7hIBbQnbMRC9ewL9onHw,"Beauty & Spas, Barbers",43.6018211135,-79.4999982868,The Black Collar Barber Shop,5,5.0,0,0,0,0,0,0,0,0,0,0,0,0,0,0,0,0,0,0,0,0,0,0,0,0,0,0,0,0,0,0
zjFKwcCpwGbHMFtvXgbsCw,"Bakeries, Food",43.6661945,-79.4111799,Bakery On the Go,8,3.0,0,0,0,0,1,0,0,1,0,0,0,0,0,0,0,0,0,0,0,1,0,1,0,0,1,0,0,0,2,0
