business_id,categories,latitude,longitude,name,review_count,stars,AcceptsInsurance,AgesAllowed,Alcohol,BYOB,BikeParking,BusinessAcceptsCreditCards,ByAppointmentOnly,Caters,CoatCheck,Corkage,DogsAllowed,DriveThru,GoodForDancing,GoodForKids,HappyHour,HasTV,NoiseLevel,OutdoorSeating,RestaurantsAttire,RestaurantsDelivery,RestaurantsGoodForGroups,RestaurantsPriceRange2,RestaurantsReservations,RestaurantsTableService,RestaurantsTakeOut,Smoking,WheelchairAccessible,WiFi,tips_counter_bz,total_compliments_bz
-X7Rp9FW_IOzWGSjw5JZZw,"Women's Clothing, Fashion, Shopping, Men's Clothing, Accessories",43.7251083,-79.4528087,Club Monaco Yorkdale - Women's,6,3.5,0,0,0,0,0,0,0,0,0,0,0,0,0,0,0,0,0,0,0,0,0,0,0,0,0,0,0,0,0,0
-XytzGAV9NQqSKSgD7YOtw,"Barbers, Cosmetics & Beauty Supply, Hair Extensions, Shopping, Beauty & Spas, Hair Salons",43.6148248272,-79.5595644829,Soho Salon,21,4.0,0,0,0,0,2,0,1,0,0,0,0,0,0,2,0,0,0,0,3,0,0,2,0,0,0,0,2,3,2,0
07wWRvpm6hBozTGaEBFhTw,"Printing Services, Local Services",43.7220141,-79.2846261,Lamin-8 Services,3,4.5,0,0,0,0,0,0,0,0,0,0,0,0,0,0,0,0,0,0,0,0,0,0,0,0,0,0,0,0,0,0
0C2rCyby1NpNVyhTVURH2A,"Sports Clubs, Arts & Entertainment, Professional Sports Teams, Active Life",43.6435205,-79.3790818,Toronto Raptors Basketball Club,21,3.5,0,0,0,0,0,0,0,0,0,0,0,0,0,2,0,0,0,0,0,0,0,0,0,0,0,0,0,0,8,1
12yF9Vz4vH5DXcSeiUt6zw,"Nail Salons, Beauty & Spas",43.7034762,-79.4145483,LTS Nails,10,4.5,0,0,0,0,0,0,1,0,0,0,0,0,0,0,0,0,0,0,0,0,0,1,0,0,0,0,2,0,0,0
19VNsxhnPZ11zc0KBauonQ,"Drugstores, Food, Shopping, Grocery",43.6893928,-79.3941999,Shoppers Drug Mart,5,1.5,0,0,0,0,2,0,0,0,0,0,0,0,0,0,0,0,0,0,0,0,0,2,0,0,0,0,0,0,4,0
1dAKYE4NOY9XqnDqgRRgIw,"Casinos, Arts & Entertainment, Pool Halls, Bars, Nightlife, Lounges, Restaurants, Canadian (New)",43.6544261,-79.4232131,VIP Billiard Club,28,3.5,0,0,2,0,2,0,0,0,1,0,0,0,0,0,0,2,2,1,3,1,2,2,1,0,0,2,0,3,2,0
2YffQXVwDSiMbK-Y__S4wg,"Optometrists, Laser Eye Surgery/Lasik, Professional Services, Health & Medical, Eyewear & Opticians, Shopping",43.670386,-79.3908119,"Shalu Pal, OD",5,4.0,0,0,0,0,2,0,1,0,0,0,0,0,0,0,0,0,0,0,0,0,0,3,0,0,0,0,0,0,0,0
3FttcL5LvIbQK3ABwTfmew,"Preschools, Education",43.6490226,-79.3915508,Blue Butterfly Montessori,4,4.0,0,0,0,0,0,0,0,0,0,0,0,0,0,0,0,0,0,0,0,0,0,0,0,0,0,0,0,0,0,0
3QRdvd5F6rnKzLLb1mIg6Q,"Restaurants, Burgers",43.6656556,-79.3806099,Hero Certified Burgers - Church & Wellesley,46,2.5,0,0,0,0,2,0,0,2,0,0,1,1,0,2,0,1,2,1,1,2,1,2,1,0,2,0,2,1,9,0
3VG1kauULRxmq8N_g4s-FQ,"Chicken Shop, Fast Food, Restaurants, American (Traditional), Food, Food Delivery Services, Chicken Wings",43.6562242,-79.435584,KFC,3,1.0,0,0,0,0,0,0,0,0,0,0,0,0,0,2,0,0,0,0,0,0,0,0,0,0,2,0,0,0,1,0
3jNJMmPNWl6SQD_98fz-bQ,"Fast Food, Sandwiches, Restaurants",43.7791879,-79.4169434,Subway,8,2.0,0,0,0,0,2,0,0,0,0,0,0,0,0,2,0,0,1,1,1,2,1,2,1,0,2,0,0,1,0,0
3yeZF65kJoEff6RHOy3oYg,"Cosmetics & Beauty Supply, Shopping, Eyelash Service, Eyebrow Services, Makeup Artists, Beauty & Spas",43.6500354,-79.4799989,The Lash Pro Studio & Store,10,5.0,0,0,0,0,1,0,2,0,0,0,0,0,0,0,0,0,0,0,3,0,0,2,0,0,0,0,1,3,0,0
4QktIILkKkzW94ugdIUIBA,"Beauty & Spas, Chiropractors, Massage, Health & Medical",43.66348,-79.4675466,Pacific Health Centre,5,4.0,2,0,0,0,2,0,0,0,0,0,0,0,0,0,0,0,0,0,0,0,0,3,0,0,0,0,0,0,1,0
6_dWaM5kEoKs_31hpX3Zcg,"Shades & Blinds, Home Services",43.7066007773,-79.4249725342,Condo Blinds,3,3.5,0,0,0,0,0,0,1,0,0,0,0,0,0,0,0,0,0,0,0,0,0,0,0,0,0,0,0,0,1,0
6k4B0BQtNgG1KdhnMOL6Og,"Shopping, Arts & Entertainment, Nightlife, Bars, Art Galleries",43.6627125,-79.403803,Charlie's Gallery,4,2.0,0,0,2,0,2,0,1,0,0,0,0,0,0,2,0,2,2,1,0,0,2,2,0,0,0,0,0,0,0,0
7Fk52W2HkAGXW90-RCSJog,"Custom Cakes, Ice Cream & Frozen Yogurt, Food",43.6650266,-79.3808232,Baskin Robbins,12,4.0,0,0,0,0,2,0,0,2,0,0,0,0,0,0,0,0,0,0,1,0,0,2,0,0,2,0,0,1,5,0
B_yElf6LGDCed45TFfA_4Q,"Car Wash, Tutoring Centers, Education, Auto Detailing, Automotive",43.6674542,-79.3130759,Beaches Coin-Op Car Wash,6,2.5,0,0,0,0,0,0,0,0,0,0,0,0,0,0,0,0,0,0,0,0,0,0,0,0,0,0,0,0,1,0
D9r7Ct5KMMsUppCyvvguwA,"Canadian (New), Food, Restaurants",43.6572682,-79.3814178,Happy Bowl,8,2.0,0,0,2,0,0,0,0,2,0,0,0,0,0,2,0,2,2,1,3,2,2,2,1,0,2,0,0,3,0,0
DL4nisMQWS7WUUeFkzD97w,"Beauty & Spas, Hair Salons",43.6772994,-79.3541187,Melonhead Children's Hair Care,4,3.0,0,0,0,0,2,0,1,0,0,0,0,0,0,2,0,0,0,0,0,0,0,2,0,0,0,0,0,0,0,0
Emv-MNKPN8NHVDJBy1WPzw,"Health & Medical, Traditional Chinese Medicine",43.6740447,-79.4101215,The TCM Clinic,5,3.5,0,0,0,0,0,0,2,0,0,0,0,0,0,0,0,0,0,0,0,0,0,0,0,0,0,0,0,0,0,0
F3KRf0DDq7TPEaoADJIAxg,"Kitchen & Bath, Home & Garden, Home Decor, Shopping",43.6687082,-79.3923766,William Ashley China,3,3.5,0,0,0,0,0,0,0,0,0,0,0,0,0,0,0,0,0,0,0,0,0,4,0,0,0,0,0,0,3,0
FZHF_6LBrFsrjHXmxAzwSA,"Sports Wear, Fashion, Shopping, Sporting Goods",43.7692924,-79.3886264,Lolë Atelier Bayview,3,3.5,0,0,0,0,0,0,0,0,0,0,0,0,0,0,0,0,0,0,0,0,0,3,0,0,0,0,0,0,0,0
FnQ-_pGdw11za0LQ_aORxQ,"Desserts, Chocolatiers & Shops, Specialty Food, Food, Restaurants, Cafes",43.8142848,-79.2945678,0109 Dessert & Chocolate,213,3.5,0,0,0,0,2,0,0,1,0,0,0,0,0,2,0,1,2,1,3,1,2,2,2,2,2,0,0,3,34,1
G1NckihorsLxGV0PISHWnw,"Beauty & Spas, Hair Removal, Threading Services, Waxing",43.6467401,-79.4055439,Fuzz Wax Bar,67,3.5,0,0,0,0,2,0,1,0,0,0,0,0,0,0,0,0,0,0,0,0,0,2,0,0,0,0,0,0,5,0
GIsXsscu-zXZ17WI5_NFyg,"Pet Services, Veterinarians, Pets",43.6800038,-79.4169136,Village Gate Animal Hospital,13,4.5,0,0,0,0,0,0,0,0,0,0,0,0,0,0,0,0,0,0,0,0,0,0,0,0,0,0,0,0,0,0
ILpYdWLHFXC3dvW9cXPzcg,"Event Planning & Services, Tabletop Games, Shopping, Restaurants, Cafes, Party & Event Planning, Bars, Nightlife",43.5997979,-79.5088569,Funny Bones Games Lounge & Café,3,5.0,0,0,0,0,0,0,0,0,0,0,0,0,0,0,0,2,0,0,0,0,0,0,1,0,0,0,0,0,0,0
J71vY4KgLxv06FGvcJvt2A,"Pizza, Restaurants",43.6519931,-79.4067119,Village Pizza,21,4.5,0,0,0,0,0,0,0,0,0,0,0,0,0,1,0,2,0,1,0,2,1,2,1,0,2,0,0,0,4,0
JmZj7wzAJ7_4ksjG9WXdqw,"Hotels, Event Planning & Services, Hotels & Travel, Karaoke, Lounges, Nightlife, Restaurants, Bars",43.6426812337,-79.4268306345,Gladstone Hotel,194,3.5,0,0,2,0,2,0,0,0,0,0,0,0,2,0,0,2,2,1,3,0,2,2,2,0,0,0,0,3,38,0
Kx8iXfsVRVQOSntU4lPqFg,"Electronics, Videos & Video Game Rental, Shopping, Books, Mags, Music & Video, Professional Services, Internet Service Providers, Home Services",43.6713955682,-79.3802353167,Rogers Plus,182,1.5,0,0,0,0,2,0,2,0,0,0,0,0,0,0,0,0,0,0,0,0,0,2,0,0,0,0,0,0,8,0
L6R2Op88NkoG1EGxlVvdRQ,"Bakeries, Food, Cafes, Restaurants, Coffee & Tea",43.7690784933,-79.3854800239,Bread & Roses Bakery Cafe,26,3.0,0,0,0,0,2,0,0,1,0,0,0,0,0,2,0,2,2,1,3,1,1,2,1,1,2,0,0,3,8,0
LtbF0qDeCpQ95sMW_IEn0g,"Beauty & Spas, Nail Salons",43.7679817,-79.3879983,CoCo Nail Bar,25,4.0,0,0,0,0,2,0,1,0,0,0,0,0,0,0,0,0,0,0,0,0,0,2,0,0,0,0,0,0,3,0
NIJPon-IoGuf_oMvErgh9g,"Banks & Credit Unions, Financial Services",43.6496155,-79.3846555,National Bank of Canada,3,2.5,0,0,0,0,0,0,0,0,0,0,0,0,0,0,0,0,0,0,0,0,0,0,0,0,0,0,0,0,1,0
NuaCgdcjnqnnAUcNhDTkcg,"Baby Gear & Furniture, Hotels & Travel, Travel Services, Shopping",43.6424002428,-79.3748346463,Travelbug Baby Equipment Rentals,4,5.0,0,0,0,0,1,0,0,0,0,0,0,0,0,0,0,0,0,0,0,0,0,2,0,0,0,0,0,0,0,0
Nxg73OigmRQQq0d1pKtkUQ,"Vietnamese, Restaurants",43.6517002,-79.3979873,Xe Lua Restaurant,177,3.0,0,0,1,0,2,0,0,1,0,0,1,0,0,2,1,2,2,1,1,1,2,1,1,2,2,0,0,1,28,0
O1HRTVujjxYZNFUVmEUvEw,"Nightlife, Sports Bars, Bars, American (Traditional), Restaurants",43.65633,-79.4531002,Toronto Style Bar,5,2.0,0,0,1,0,2,0,0,1,1,0,0,0,2,1,2,2,2,2,3,1,2,2,1,2,2,0,0,3,1,0
O9Ukz3F4BW_MbvLnaQYxRg,"Nightlife, Lounges, Bars, Dance Clubs, Tapas/Small Plates, Canadian (New), Restaurants",43.6564466972,-79.4029140472,Supermarket Restaurant and Bar,79,3.5,0,0,2,0,2,0,0,2,2,0,0,0,0,1,2,2,3,2,3,1,2,2,2,0,2,2,0,3,14,0
OMGxUPFMeI0Gk0Rkm1rCDA,"Bakeries, Food, Restaurants, Sandwiches, Desserts, Patisserie/Cake Shop, Coffee & Tea, Cafes, Salad",43.6814034,-79.4259092,Les Moulins La Fayette,6,3.5,0,0,0,0,2,0,0,2,0,0,1,0,0,0,0,1,0,0,3,2,0,0,2,0,2,0,2,3,0,0
OiGE6LfCYJn2bJRBIebnoQ,"Bars, Restaurants, Lounges, Nightlife, Cocktail Bars, Tapas Bars",43.6441352,-79.401074,Goldie,13,3.0,0,0,2,1,2,0,0,2,2,2,0,0,0,1,0,2,0,1,3,1,2,2,2,2,1,2,2,3,2,0
OzhQsMgVIBBYWJtaVIGScg,"Vegan, Gluten-Free, Restaurants, Pizza",43.6541957,-79.3910112,Pizzaiolo,15,3.0,0,0,1,0,2,0,0,2,0,0,0,0,0,2,0,2,0,1,1,2,2,1,1,0,2,0,0,1,2,0
PxNlfFHLRVGKqpN7-vXBTQ,"Coffee & Tea, Cafes, Restaurants, Food",43.6788798,-79.3463577,Starbucks,15,3.5,0,0,0,0,2,0,0,0,0,0,0,0,0,2,0,0,0,2,3,0,0,2,0,0,2,0,0,3,4,0
QpBTAeC4zJzxyUbNwBuoVA,"Medical Centers, Health & Medical",43.665482,-79.4034042,Flow Shiatsu & RMT Clinic,4,1.0,0,0,0,0,0,0,2,0,0,0,0,0,0,0,0,0,0,0,0,0,0,0,0,0,0,0,0,0,0,0
Qph2RWhxG-nu5ZkSAgKT0g,"Delis, Sandwiches, Restaurants",43.6799983,-79.3446684,Tim Hortons,4,4.0,0,0,0,0,2,0,0,2,0,0,0,0,0,2,0,2,2,2,3,1,1,1,1,0,2,0,0,3,1,0
R54dPe0cUgi3oD0JLMHeWg,"Waxing, Hair Removal, Skin Care, Beauty & Spas, Nail Salons",43.6457358,-79.3932151,Q Spa,28,3.5,0,0,0,0,2,0,1,0,0,0,0,0,0,0,0,0,0,0,0,0,0,2,0,0,0,0,0,0,2,0
R7TceWbJPbEebee5n6h0Aw,"Shopping, Drugstores",43.6624676,-79.4443532,Universal Pharmacy,3,2.5,0,0,0,0,0,0,0,0,0,0,0,0,0,0,0,0,0,0,0,0,0,2,0,0,0,0,0,0,1,0
SoH49qD1ImyUAt9snBvOAQ,"Local Services, Shoe Repair",43.6459076,-79.3878224,It's a Shoe Repair,11,3.0,0,0,0,0,0,0,0,0,0,0,0,0,0,0,0,0,0,0,0,0,0,0,0,0,0,0,0,0,1,0
UOHwhOqB4cIKZ79xpJxTJw,"Sushi Bars, Restaurants",43.6804398007,-79.43079561,Sushi Kizoku,22,4.0,0,0,2,0,2,0,0,2,0,0,0,0,0,0,0,2,0,2,3,2,2,2,2,2,2,0,0,3,1,0
VjZa3bt9Pl7rWSHvwk7MYw,"Professional Services, Immigration Law, Lawyers",43.6524984,-79.3643743,Matthew Jeffery Barrister and Solicitor,3,5.0,0,0,0,0,0,0,0,0,0,0,0,0,0,0,0,0,0,0,0,0,0,0,0,0,0,0,0,0,0,0
W5cvjb76aCjTiugPDs0Vqw,"Coffee & Tea, Food",43.6379939,-79.4306427,The Abbott,33,4.0,0,0,0,0,2,0,0,0,0,0,0,0,0,0,0,0,0,2,3,0,0,1,0,0,2,0,0,3,4,0
WRJOwG8VCuG2wxw5wwPIZQ,"Chicken Shop, Portuguese, Barbeque, Restaurants",43.6684563314,-79.4865791872,Paulo Sardinha BBQ Chicken,3,3.5,0,0,0,0,0,0,0,0,0,0,0,0,0,0,0,0,0,0,0,0,0,0,0,0,2,0,0,0,0,0
XFfAFpom9XmWu3cR_PAXog,"Home Services, Real Estate, Apartments, Property Management, Real Estate Agents",43.6692104,-79.3895973,Realstar Management Partnership,7,1.0,0,0,0,0,0,0,0,0,0,0,0,0,0,0,0,0,0,0,0,0,0,0,0,0,0,0,0,0,0,0
XZV6pSuJkfsyoT9eJc3dWw,"Chicken Shop, Fast Food, Restaurants, Chicken Wings, Sandwiches",43.75908,-79.227248,Church's Chicken,12,3.0,0,0,0,0,0,2,0,0,0,0,0,0,0,2,0,2,0,0,3,2,2,1,2,0,2,0,0,3,7,1
XxIKCVdn0SUI_bKyWEM1TQ,"Burgers, Restaurants",43.734295,-79.343649,South St. Burger,13,3.5,0,0,0,0,2,0,0,1,0,0,0,1,0,2,0,2,2,1,1,1,2,2,1,1,2,0,0,1,3,0
YkdEIDQkn7osX5xW584WMw,"Food, Bakeries, Coffee & Tea, Ice Cream & Frozen Yogurt",43.6496985,-79.429303,Death in Venice Gelato,92,4.0,0,0,0,0,2,0,0,2,0,0,2,0,0,0,0,0,0,2,3,2,0,2,0,0,2,0,2,3,19,0
Yn0SgBd6svamaEOtM8RBWw,"Waxing, Hair Removal, Threading Services, Beauty & Spas",43.6608606,-79.3414594,Fuzz Wax Bar,10,3.5,0,0,0,0,0,0,2,0,0,0,0,0,0,0,0,0,0,0,0,0,0,2,0,0,0,0,0,0,0,0
ZBb76kHYv6b-Cn4CkiO2Zg,"Restaurants, Pizza",43.6436725242,-79.4045886218,Pizza Hut,10,2.0,0,0,0,0,0,0,0,0,0,0,0,0,0,1,0,0,0,1,0,2,0,0,1,0,2,0,0,0,3,0
_RZtD5FQcv-C74bVZwHUDw,"Home Services, Real Estate, Property Management",43.6506949,-79.3823242,Royale Grande Property Management,3,1.0,0,0,0,0,0,0,1,0,0,0,0,0,0,0,0,0,0,0,0,0,0,0,0,0,0,0,0,0,0,0
afoYUjmSVkmEWn1ibc14dg,"Cards & Stationery, Shopping, Event Planning & Services, Food, Arts & Crafts, Flowers & Gifts, Convenience Stores",43.6776053,-79.3525728,Postables Stationery & Postal Service,6,3.0,0,0,0,0,0,0,0,0,0,0,0,0,0,0,0,0,0,0,0,0,0,2,0,0,0,0,0,0,0,0
auREawdBeC6IfS88LLpFSA,"Juice Bars & Smoothies, Food",43.6655792,-79.4689833,Raw Chemist Juice Bar,10,4.0,0,0,0,0,2,0,0,0,0,0,0,0,0,0,0,0,0,0,0,0,0,2,0,0,2,0,0,0,1,0
bBXriRECtg0KRQOuPBwSuw,"Auto Repair, Automotive",43.615396,-79.526288,427 Auto Collision,18,3.0,0,0,0,0,0,0,0,0,0,0,0,0,0,0,0,0,0,0,0,0,0,0,0,0,0,0,0,0,0,0
boi4pXbyiWwmB6a7Pv6FGw,"Beauty & Spas, Home Health Care, Health & Medical, Massage, Medical Centers, Walk-in Clinics, Physical Therapy, Massage Therapy",43.7571732,-79.4065098,"Irina Marukhnyak, RMT",9,4.5,2,0,0,0,2,0,2,0,0,0,0,0,0,0,0,0,0,0,3,0,0,2,0,0,0,0,0,3,2,0
c9eiZmPuSu9XRqSaw4mhUQ,"Periodontists, Orthodontists, General Dentistry, Health & Medical, Dentists, Cosmetic Dentists, Dental Hygienists",43.6476052,-79.3766496,Yonge & Front Dental Clinic,4,5.0,2,0,0,0,0,0,1,0,0,0,0,0,0,0,0,0,0,0,0,0,0,0,0,0,0,0,0,0,0,0
eD11_3dIfUlZFDX_1vs91Q,"Italian, Restaurants",43.66054,-79.343175,Frankie's,23,3.5,0,0,0,0,0,0,0,0,0,0,0,0,0,0,0,0,0,2,0,0,0,0,0,0,0,0,0,0,2,0
fbWUBI1H1sWl2iOf9XfaiQ,"Dance Studios, Fitness & Instruction, Performing Arts, Active Life, Arts & Entertainment",43.6383389,-79.4185727,Danceology,3,3.5,0,0,0,0,0,0,0,0,0,0,0,0,0,2,0,0,0,0,0,0,0,0,0,0,0,0,0,0,1,0
g0KT85HmghjSqg-iTbVEXA,"Banks & Credit Unions, Financial Services",43.7684301,-79.4131274,Capital One Services Canada,12,1.0,0,0,0,0,0,0,0,0,0,0,0,0,0,0,0,0,0,0,0,0,0,0,0,0,0,0,0,0,0,0
gNCJUjaAP1xdgncbxdeOFw,"Fashion, Shoe Stores, Shopping",43.651483,-79.4754283,Arka Shoes,3,2.0,0,0,0,0,0,0,0,0,0,0,0,0,0,0,0,0,0,0,0,0,0,0,0,0,0,0,0,0,1,0
gaJDeNh6xKIKJIT13abKTg,"Restaurants, Thai, Vietnamese",43.6741568799,-79.4612735346,Pho Xua,39,3.5,0,0,0,0,0,0,0,0,0,0,0,0,0,2,0,2,0,1,1,2,2,1,0,0,2,0,0,1,4,1
gjUdvHX75aQ4FautaRVFPA,"Seafood Markets, Cooking Schools, Education, Specialty Schools, Grocery, Food, Restaurants, Specialty Food",43.6818429692,-79.3308741572,Hooked,3,5.0,0,0,0,0,0,0,0,0,0,0,0,0,0,0,0,0,0,0,0,0,0,0,0,0,0,0,0,0,1,0
iPm8ylv4wKWtZiTY4Kdp0g,"Beauty & Spas, Hair Salons",43.7979919,-79.1494742,Images Salon & Spa,3,4.0,0,0,0,0,0,0,0,0,0,0,0,0,0,0,0,0,0,0,0,0,0,0,0,0,0,0,0,0,0,0
mLnJVDl2Jx-z_1id3bqh8Q,"Pet Sitting, Pet Boarding, Pet Training, Pet Stores, Pets, Dog Walkers, Active Life, Pet Services, Parks, Dog Parks",43.6930813,-79.3158095,Woofs Upon A Walk,5,5.0,0,0,0,0,0,0,0,0,0,0,0,0,0,0,0,0,0,0,0,0,0,0,0,0,0,0,0,0,0,0
mOqa35TC9ruF6WqMc4Ys5w,"Nail Salons, Beauty & Spas, Hair Removal, Waxing, Skin Care",43.6656088,-79.3851333,Natural Nail Bar,12,3.0,0,0,0,0,0,0,0,0,0,0,0,0,0,0,0,0,0,0,0,0,0,0,0,0,0,0,0,0,0,0
mQuDZwxxPe54MY4TT8lEPQ,"Nightlife, Restaurants, Bars, Chicken Shop, Comfort Food",43.6437829,-79.4214985,Bar Fancy,118,4.0,0,0,2,0,2,0,0,1,0,0,0,0,1,1,2,2,2,1,1,1,2,2,1,2,1,0,0,1,14,0
mUohdQQD8EU6qPwspB0AdQ,"Themed Cafes, Restaurants, Cafes, Persian/Iranian",43.7917295525,-79.4180276245,Shabestan Cafe,29,3.0,0,0,0,0,2,0,0,2,0,0,0,0,0,2,0,2,2,1,2,2,2,2,2,2,2,0,2,2,7,0
nr_YRdX14dEgoaZFcn8Wcg,"Gyms, Fitness & Instruction, Active Life",43.6425629,-79.4256246,6ix Cycle,6,4.5,0,0,0,0,0,0,0,0,0,0,0,0,0,0,0,0,0,0,0,0,0,0,0,0,0,0,0,0,0,0
nvmLOeXtmZtr2Zp231gJqg,"Restaurants, Japanese",43.7779901,-79.3440914,YOi Japanese Eatery,26,3.5,0,0,0,0,0,0,0,0,0,0,0,0,0,1,0,2,0,1,1,1,2,2,1,0,2,0,0,1,1,0
oDFeAEntx99ucm8mOz5zlg,"Beauty & Spas, Tanning Beds, Skin Care, Tanning",43.7358132,-79.4401758,Platinum Tanning Studio,5,3.0,0,0,0,0,2,0,1,0,0,0,0,0,0,0,0,0,0,0,0,0,0,2,0,0,0,0,2,0,0,0
plzFeomPpalUbxi-7EcCjg,"Bakeries, Food, Coffee & Tea, Coffee Roasteries, Desserts",43.6646941,-79.3548845,Tim Hortons,3,2.5,0,0,0,0,0,0,0,0,0,0,0,0,0,0,0,0,0,0,0,0,0,0,0,0,0,0,0,0,0,0
qKqW2lkYOJLlZqP84bYjhw,"Beauty & Spas, Hair Salons, Blow Dry/Out Services",43.6570162,-79.3839756,N15 Hair Salon,27,4.5,0,0,0,0,2,0,1,0,0,0,0,0,0,2,0,0,2,0,3,0,0,2,0,0,0,0,2,3,6,0
qLNHyLeYRra47zzFA1LBUw,"Hotels, Event Planning & Services, Hotels & Travel",43.7873959831,-79.5350919664,Courtyard Toronto Vaughan,8,3.0,0,0,0,0,0,0,1,0,0,0,1,0,0,0,0,0,0,0,3,0,0,3,0,0,0,0,0,3,2,0
qpum_dXomddWLPKTZ5tPkg,"Cafes, Restaurants, Food, Coffee & Tea",43.6449092206,-79.3834550735,Starbucks,18,3.5,0,0,0,0,2,0,1,1,0,0,0,0,0,1,0,1,2,2,3,1,2,1,1,0,2,0,0,3,6,0
rP4gUHitQO4Qtnt0zq0y-g,"Breakfast & Brunch, Diners, Restaurants, Canadian (New)",43.7103001521,-79.363142252,Sunset Grill,31,3.5,0,0,1,0,2,0,0,1,0,0,0,0,0,2,0,2,2,2,1,1,2,1,1,2,2,0,0,1,11,0
rUkiXJdFA8KCnwVlP_Reaw,"Food, Desserts, Ice Cream & Frozen Yogurt",43.6468568253,-79.4067303023,Yogurty's Yogurt,23,3.5,0,0,0,0,2,0,0,0,0,0,0,0,0,0,0,0,0,0,1,0,0,1,0,0,2,0,0,1,8,0
v4JcQnYG46oEj_xFyOW4mg,"Coffee & Tea, Bakeries, Cafes, Food, Restaurants",43.6465177,-79.3800808,StrangeLove,5,3.0,0,0,0,0,2,0,0,1,0,0,0,0,0,0,0,0,0,2,3,0,0,2,0,0,2,0,0,3,2,0
vyQEvQ5Cmnf5Xvg-R3QxFw,Beauty & Spas,43.7008018,-79.3968608,Nancy Manipedi Spa,3,3.5,0,0,0,0,0,0,0,0,0,0,0,0,0,0,0,0,0,0,0,0,0,0,0,0,0,0,0,0,0,0
yXgSKKxG4LDHXzpESmD-tw,"Medical Centers, Health & Medical",43.6537029,-79.3978433,Dynacare,4,2.5,0,0,0,0,0,0,1,0,0,0,0,0,0,0,0,0,0,0,0,0,0,0,0,0,0,0,0,0,1,0
zrOnJaTxgUDTyURmmVj-9Q,"Antiques, Shopping, Holiday Decorations, Home & Garden, Home Decor, Accessories, Fashion",43.6785429,-79.3903265,Putti Fine Furnishings,8,3.5,0,0,0,0,0,0,1,0,0,0,2,0,0,0,0,0,0,0,0,0,0,3,0,0,0,0,0,0,1,0
zy5UZvaG4iOLSbxuophtTQ,"Japanese, Food Trucks, Restaurants, Asian Fusion, Food",43.653226,-79.3831843,Sushiburri Toronto,16,3.5,0,0,0,0,1,0,0,1,0,0,0,0,0,2,0,2,0,1,1,1,1,2,1,1,2,0,0,1,2,0
