business_id,categories,latitude,longitude,name,review_count,stars,AcceptsInsurance,AgesAllowed,Alcohol,BYOB,BikeParking,BusinessAcceptsCreditCards,ByAppointmentOnly,Caters,CoatCheck,Corkage,DogsAllowed,DriveThru,GoodForDancing,GoodForKids,HappyHour,HasTV,NoiseLevel,OutdoorSeating,RestaurantsAttire,RestaurantsDelivery,RestaurantsGoodForGroups,RestaurantsPriceRange2,RestaurantsReservations,RestaurantsTableService,RestaurantsTakeOut,Smoking,WheelchairAccessible,WiFi,tips_counter_bz,total_compliments_bz
-0M3o2uWBnQZwd3hmfEwuw,"Hair Removal, Nail Salons, Eyelash Service, Waxing, Beauty & Spas",43.6448428,-79.5217641,Ana's Nail Boutique & Spa,14,4.0,0,0,0,0,2,0,2,0,0,0,0,0,0,0,0,0,0,0,0,0,0,2,0,0,0,0,2,0,0,0
0mM_smCpKeKaL0MPMKOLFg,"Restaurants, Thai",43.6497799,-79.4302864,Sukho Thai,123,3.5,0,0,2,0,2,0,0,2,0,0,0,0,0,2,0,2,2,1,3,2,2,2,2,2,2,0,1,3,5,0
2AX1SaLNt45u2FUeO9_H-g,"Desserts, Food, Ice Cream & Frozen Yogurt",43.7625088,-79.4105316,Sweet Jesus,20,3.0,0,0,0,0,0,0,0,0,0,0,0,0,0,0,0,0,0,0,0,0,0,0,0,0,0,0,0,0,1,0
2gUlfNEmqFlugmT-uT1m_w,"Event Planning & Services, Flowers & Gifts, Arts & Crafts, Home & Garden, Cards & Stationery, Home Decor, Shopping",43.6562362934,-79.3817958623,MUJI,72,3.5,0,0,0,0,2,0,0,0,0,0,0,0,0,0,0,0,0,0,0,0,0,2,0,0,0,0,0,0,11,0
4uVzfQ0dlu9M2GtxWL-3DQ,"Dive Bars, Nightlife, Bars, Lounges",43.6010229,-79.504223,Konrad Lounge,5,2.0,0,0,0,0,0,0,0,0,0,0,0,0,0,0,0,0,0,0,0,0,0,0,0,0,0,0,0,0,1,0
7RjaVl7wJ--BWtda7OaAAw,"Food, Grocery",43.6403532,-79.4369621,Queen Supermarket,6,3.0,0,0,0,0,0,0,0,0,0,0,0,0,0,0,0,0,0,0,0,0,0,3,0,0,1,0,2,0,0,0
7fuhRx0IyiYJHrUvtbPWvg,"Home Services, Real Estate, Real Estate Agents, Real Estate Services",43.6799122,-79.3455265,"RE/MAX Hallmark Realty Ltd, Brokerage",3,2.5,0,0,0,0,0,0,0,0,0,0,0,0,0,0,0,0,0,0,0,0,0,0,0,0,0,0,0,0,0,0
7peyM7sZuXQPZCFewwyPDA,"Mediterranean, Food, Middle Eastern, Restaurants",43.6474342921,-79.4025004177,Osmow's,54,3.0,0,0,0,0,2,0,0,2,0,0,0,0,0,2,0,2,2,1,1,2,1,1,1,0,2,0,0,1,10,0
876zViGLRHiL026BzGrN0g,"Gift Shops, Flowers & Gifts, Shopping, Florists",43.6473527376,-79.3811138639,Baskits,3,4.0,0,0,0,0,2,0,0,0,0,0,0,0,0,0,0,0,0,0,0,2,0,0,0,0,0,0,0,0,0,0
8pewDasd0KjSHI90hFo8xw,"Portuguese, Restaurants",43.6702099759,-79.4568988681,Churrasqueira Vira's BBQ,7,3.5,0,0,0,0,0,0,0,0,0,0,0,0,0,2,1,0,0,1,1,2,0,0,1,1,2,0,1,1,2,0
A1ffpWV8pKHQkjoNZhBbnw,"Latin American, Mexican, Restaurants, Food, Street Vendors",43.6573431,-79.3810078,La Marquesita,13,4.0,0,0,0,0,2,0,0,2,0,0,2,0,0,0,2,1,0,2,1,2,0,0,1,0,2,0,0,1,0,0
B4_fMp51ExhU2nm-zsHdXQ,"Appliances & Repair, Local Services",43.6963997,-79.2933556,Energytech,3,1.0,0,0,0,0,0,0,0,0,0,0,0,0,0,0,0,0,0,0,0,0,0,0,0,0,0,0,0,0,0,0
CM5Yh9P1G51pe5Ty-ASYZg,"Active Life, Recreation Centers",43.672733738,-79.478631876,Monkey Vault,6,4.0,0,0,0,0,1,0,0,0,0,0,0,0,0,2,0,0,0,0,0,0,0,0,0,0,0,0,0,0,0,0
CRodDW9rSwedfyT_pkA5uA,"Middle Eastern, Restaurants, Fast Food",43.7767555,-79.2590081,Villa Madina,11,2.0,0,0,0,0,2,0,0,1,0,0,0,0,0,2,0,2,4,1,1,1,2,2,1,0,2,0,0,1,1,0
Fi6z6qhBqiz5CC5ghrUZgg,"Bed & Breakfast, Hotels & Travel",43.6372045,-79.4330458,Dunn House B & B,6,2.5,0,0,0,0,0,0,0,0,0,0,0,0,0,0,0,0,0,0,3,0,0,0,0,0,0,0,0,3,0,0
GNGwE0uUlQWaV5O3c9JvxQ,"Pharmacy, Health & Medical, Grocery, Food",43.6948293,-79.4530709,Pancha's No Frills,7,2.0,0,0,0,0,0,0,0,0,0,0,0,0,0,0,0,0,0,0,0,0,0,1,0,0,0,0,0,0,0,0
HhdQnPdKs_kAOREciu12aQ,"Cosmetics & Beauty Supply, Beauty & Spas, Health & Medical, Drugstores, Shopping",43.6491361738,-79.3778420985,Shoppers Drug Mart,8,2.0,0,0,0,0,2,0,1,0,0,0,0,0,0,0,0,0,0,0,0,0,0,2,0,0,0,0,0,0,3,0
HkPnai4LMRjAYZkZ2AQLkA,"Beer, Wine & Spirits, Breakfast & Brunch, Cafes, Restaurants, Nightlife, Bars, Event Planning & Services, Venues & Event Spaces, Food, Coffee & Tea",43.657853,-79.376254,Page One,81,4.0,0,0,2,0,2,0,0,2,1,0,1,0,1,2,2,2,2,2,3,1,2,2,2,2,2,1,2,3,13,2
IIzeaav_cM8wivultx7m8w,Local Flavor,43.6523771,-79.3804615,Eaton Centre Skybridge,10,3.5,0,0,0,0,0,0,0,0,0,0,0,0,0,2,0,0,0,0,0,0,0,0,0,0,0,0,0,0,5,0
IaBH2UQkcBYUHfFZUeq7MA,"Automotive, Motorcycle Dealers, Motorcycle Repair",43.6721079,-79.3235768,Fada Scooters,3,3.5,0,0,0,0,0,0,0,0,0,0,0,0,0,0,0,0,0,0,0,0,0,0,0,0,0,0,0,0,0,0
JZHvuoPccfil0esnfhlRcQ,"Professional Services, Graphic Design, Advertising, Printing Services, Local Services",43.6344756,-79.4015886,BannerBuzz,8,1.0,0,0,0,0,0,0,0,0,0,0,0,0,0,0,0,0,0,0,0,0,0,0,0,0,0,0,0,0,0,0
K5u1029QHG4JkURRx_z7JA,"Restaurants, Burgers, Fast Food, Coffee & Tea, Food",43.6644556,-79.3845895,McDonald's,15,2.5,0,0,0,0,2,2,0,1,0,0,0,1,0,2,0,2,2,1,3,1,2,1,1,1,2,0,2,3,7,0
Kkpnsw5cuUwySbSKYUl7Iw,"Doctors, Health & Medical",43.6719017,-79.3784149,Doctor's Office/MCI Medical Clinics,14,3.0,0,0,0,0,0,0,1,0,0,0,0,0,0,0,0,0,0,0,0,0,0,0,0,0,0,0,0,0,0,0
LWI8ULsw0X1FpInux4Tg5Q,"Restaurants, Pizza, Pan Asian, Asian Fusion",43.675568,-79.4036442,Martino's Pizza & Asian Fusion Kitchen,37,4.0,0,0,0,0,2,0,0,2,0,0,0,0,0,2,0,1,1,1,1,2,1,2,1,0,2,0,0,1,7,0
MYD9cd9lbYCqN-B6DgCtkQ,"Mediterranean, Salad, Middle Eastern, Halal, Restaurants, Pizza",43.6487496,-79.3723437,Paramount Middle Eastern Kitchen,55,2.0,0,0,0,0,2,0,0,2,0,0,0,0,0,2,0,1,2,2,0,2,2,2,2,2,2,0,2,0,3,0
NTCq6kUPRqaQkJm4wOCESg,Shopping,43.6766046,-79.3561218,Body Blue,9,4.0,0,0,0,0,2,0,0,0,0,0,0,0,0,0,0,0,0,0,0,0,0,2,0,0,0,0,0,0,0,0
O5mryZ9DrR_cQXcKGX0qmg,"Vietnamese, Restaurants",43.6691753,-79.3364065,Banh Mi Huy-Ky,8,3.5,0,0,0,0,0,0,0,0,0,0,0,0,0,1,0,2,1,1,1,1,1,1,1,0,2,0,0,1,1,0
OXW2erFOPT-Oov6wChxWYA,"Asian Fusion, Chinese, Restaurants, Dim Sum",43.6473690555,-79.3867627904,Lee Chen Asian Bistro,161,4.0,0,0,1,0,2,0,0,0,0,0,0,0,0,2,0,2,2,1,3,2,2,2,2,2,2,0,0,3,15,0
PgPw-6YU3Hny5nQx2qkzUg,"Cosmetic Dentists, General Dentistry, Health & Medical, Dentists",43.6439342,-79.4042388,720 King West Dental,53,4.5,2,0,0,0,0,0,2,0,0,0,0,0,0,0,0,0,0,0,0,0,0,0,0,0,0,0,0,0,3,0
RLoGMJAAzyeRpXpO9O71kw,"Education, Active Life, Swimming Lessons/Schools, Summer Camps, Specialty Schools, Fitness & Instruction",43.6631461,-79.4108235,Jack of Sports,5,2.5,0,0,0,0,2,0,0,0,0,0,0,0,0,1,0,0,0,0,3,0,0,0,0,0,0,0,0,3,0,0
Sy9XPnOgEr7PemrYPWB7yw,"Sandwiches, Food, Salad, Restaurants, Fast Food, Bagels",43.6434772,-79.3809606,Fit For Life,4,2.0,0,0,0,0,0,0,0,0,0,0,0,0,0,1,0,0,0,0,0,1,0,2,1,0,2,0,0,0,0,0
Ut6TzXBrP3PYyRqHJqlhOg,"Shopping, Drugstores",43.6584752,-79.384868,Shoppers Drug Mart,4,2.0,0,0,0,0,2,0,0,0,0,0,0,0,0,0,0,0,0,0,0,0,0,1,0,0,0,0,0,0,1,0
V98gWHUEys1jIFcGqn-S5g,"Home Services, Contractors, Garage Door Services",43.7795577,-79.4854552,Dodds Garage Door Systems,4,3.0,0,0,0,0,0,0,0,0,0,0,0,0,0,0,0,0,0,0,0,0,0,0,0,0,0,0,0,0,0,0
VeYLpoglt8XepYdN2PjSmA,"Chinese, Restaurants, Hakka",43.672085,-79.3220862,Hakka Wow,69,3.5,0,0,0,0,1,0,0,0,0,0,0,0,0,2,0,2,2,1,0,2,2,2,2,0,2,0,0,0,7,0
VgBaojouH9sJThnyyl76Yg,"Car Rental, Hotels & Travel",43.6661459703,-79.4307643677,Enterprise Rent-A-Car,8,5.0,0,0,0,0,0,0,0,0,0,0,0,0,0,0,0,0,0,0,0,0,0,0,0,0,0,0,0,0,0,0
Y7vxWyd0jYA3DFk4J6rMrg,"Flowers & Gifts, Home & Garden, Gift Shops, Shopping",43.6656171,-79.4093986,Ten Thousand Villages,6,3.5,0,0,0,0,0,0,0,0,0,0,0,0,0,0,0,0,0,0,0,0,0,2,0,0,0,0,0,0,0,0
YAfUrhpdNbQoAbSETNqEEQ,"Pet Services, Pet Groomers, Pets",43.6663962447,-79.3860504,Tailspin Dog Spa,12,5.0,0,0,0,0,0,0,0,0,0,0,0,0,0,0,0,0,0,0,0,0,0,0,0,0,0,0,0,0,0,0
YS3J--w9jkYVSYfOu7uV9Q,"Dry Cleaning & Laundry, Local Services, Laundromat, Laundry Services",43.6567956,-79.4025916,Self Serve Coin Laundry,10,4.0,0,0,0,0,2,0,0,0,0,0,0,0,0,0,0,0,0,0,1,0,0,2,0,0,0,0,0,1,1,0
ZP_1K8uC-YGbdPQ0KfNJog,"Breweries, Brewpubs, Gastropubs, Bars, Food, Nightlife, Restaurants",43.6540034,-79.4259512,Folly Brewing,28,4.0,0,0,2,0,2,0,0,1,1,0,1,0,0,2,1,2,0,1,3,1,2,2,2,2,1,1,1,3,1,0
Zu-Piiw42tnmMHdd0QFWqg,"Eyewear & Opticians, Shopping",43.6548553,-79.4210908,Rapp Optical,19,3.0,0,0,0,0,1,0,1,0,0,0,0,0,0,0,0,0,0,0,0,0,0,3,0,0,0,0,2,0,0,0
ZumOnWbstgsIE6bJlxw0_Q,"Steakhouses, Hotels, Event Planning & Services, Hotels & Travel, Restaurants",43.6453987612,-79.3980279011,Jacobs & Co. Steakhouse,538,4.5,0,0,2,0,2,0,0,1,0,0,0,0,0,1,0,2,2,1,3,1,2,4,2,2,1,0,0,3,53,1
_Ss4d4dYzehTmWJGpkqL7w,"Seafood, Restaurants, Chinese",43.6540394,-79.3988128,Taste of China,116,3.5,0,0,1,0,2,0,0,2,0,0,0,0,0,2,0,2,1,1,1,2,2,2,2,0,2,0,1,1,7,0
aPwWn5KBNMOEYjlYwXRORw,"Restaurants, Seafood",43.648537,-79.3719269,Market Street Catch,128,3.5,0,0,1,0,2,0,0,2,0,0,0,0,0,2,0,2,2,2,1,2,2,2,1,1,2,0,0,1,11,0
auBsfoZ6jt9OIQgSL086jw,"Pets, Veterinarians, Pet Sitting, Pet Services",43.68076,-79.284721,Vets Toronto & Kingston Road Animal Hospital,37,3.0,0,0,0,0,0,0,0,0,0,0,0,0,0,0,0,0,0,0,0,0,0,0,0,0,0,0,0,0,3,0
c6l46STnxYuTBdwvrz0dGw,"Home Services, Home Cleaning, Office Cleaning, Professional Services, Pressure Washers",43.7398742,-79.4215547,Multi Services,3,3.5,0,0,0,0,0,0,2,0,0,0,0,0,0,0,0,0,0,0,0,0,0,0,0,0,0,0,0,0,0,0
d5Mei0q_Yy2XpB5s4P4_oA,"Shopping, Optometrists, Eyewear & Opticians, Health & Medical",43.6460864,-79.4104607,Cutler and Gross,4,4.5,0,0,0,0,2,0,1,0,0,0,0,0,0,0,0,0,0,0,0,0,0,3,0,0,0,0,0,0,0,0
eeBJp3PyDX_5ZELo3Q7IRA,"Laser Hair Removal, Hair Removal, Beauty & Spas, Nail Salons, Day Spas",43.7155734,-79.4002076,Favorite Nails & Spa,11,2.0,0,0,0,0,0,0,1,0,0,0,0,0,0,0,0,0,0,0,0,0,0,2,0,0,0,0,0,0,0,0
fYG5klzImqjke7Kzl-HcVg,"Cosmetics & Beauty Supply, Beauty & Spas, Shopping",43.653688,-79.38012,Sephora,63,2.5,0,0,0,0,2,0,1,0,0,0,0,0,0,0,0,0,0,0,0,0,0,3,0,0,0,0,0,0,10,0
fl2Zx6dDkfFG0TMHG_kvBw,"Local Services, Shoe Repair",43.6638625,-79.3703269,Jose Shoe Repair,6,4.0,0,0,0,0,0,0,0,0,0,0,0,0,0,0,0,0,0,0,0,0,0,0,0,0,0,0,0,0,0,0
gbMDGRFNAhgaDOt7h_xGTQ,"Fashion, Shoe Stores, Sports Wear, Sporting Goods, Shopping, Bikes",43.7110167,-79.3996035,Sporting Life,14,4.0,0,0,0,0,2,0,0,0,0,0,0,0,0,0,0,0,0,0,0,0,0,3,0,0,0,0,0,0,2,0
hSMdj0rKiSqCCJqqU3NrXg,"Self Storage, Local Services, Movers, Home Services",43.6629163,-79.4184277,Montgomery Movers & Storage,3,1.5,0,0,0,0,0,0,0,0,0,0,0,0,0,0,0,0,0,0,0,0,0,0,0,0,0,0,0,0,0,0
i7_JPit-2kAbtRTLkic2jA,"Seafood, Restaurants",43.6504156,-79.3817483,John & Sons Oyster House,99,4.0,0,0,1,0,1,0,0,2,0,0,0,0,0,1,2,2,2,1,1,1,2,3,2,0,2,0,0,1,5,0
isl95tLwXQHlkm_vR0PTqw,"Beauty & Spas, Hair Removal, Health & Medical, Laser Hair Removal, Skin Care, Medical Spas",43.667254,-79.385335,"Skin Secrets Med Spa, Inc.",5,1.0,0,0,0,0,0,0,2,0,0,0,0,0,0,0,0,0,0,0,0,0,0,2,0,0,0,0,0,0,0,0
j4htyBDNBzrog6A_byqdDw,"Comfort Food, Chicken Wings, Food, Fast Food, Burgers, Restaurants",43.7254358,-79.3127984,WingBurger,28,4.5,0,0,0,0,1,0,0,2,0,0,1,1,0,2,0,1,2,1,3,1,1,2,1,1,2,0,2,3,13,1
kQZVmIRQvHhQuAmA1gfxTw,"Bubble Tea, Bakeries, Food, Patisserie/Cake Shop",43.658718804,-79.3823022768,Bake Island,36,3.5,0,0,0,0,0,0,0,0,0,0,0,0,0,0,0,0,0,0,0,1,0,1,0,0,2,0,0,0,3,0
lTmT9VTXC0s31B4jn5j39A,"Dentists, Health & Medical",43.7246888,-79.4538904,Polar Dental,4,3.0,0,0,0,0,0,0,2,0,0,0,0,0,0,0,0,0,0,0,0,0,0,0,0,0,0,0,0,0,0,0
lXLJKwC1JNFcwwcu81NTAA,"Restaurants, Japanese, Sushi Bars",43.6746629,-79.3887744,RollStar Sushi,8,4.5,0,0,0,0,0,0,0,0,0,0,0,0,0,0,0,0,0,0,0,0,0,0,0,0,0,0,0,0,1,0
lrhJTOjs0FkhmCn6CVK3JA,"Sandwiches, Fast Food, Restaurants",43.6512112,-79.3677061,Subway,4,2.0,0,0,0,0,1,0,0,2,0,0,0,0,0,2,0,2,1,1,1,1,2,1,1,0,2,0,0,1,1,0
mztfl4sOleSMtcp-ERw32Q,"Specialty Schools, Arts & Entertainment, Dance Schools, Performing Arts, Education, Social Clubs",43.6748203,-79.3883282,Afro-Latino Dance Company,3,4.5,0,0,0,0,0,0,0,0,0,0,0,0,0,0,0,0,0,0,0,0,0,0,0,0,0,0,0,0,2,0
n44grut83X0UiRZCA-O1fw,"Local Flavor, Breakfast & Brunch, Bakeries, Desserts, Restaurants, Food",43.6824177,-79.3269025,Patisserie La Cigogne,85,3.5,0,0,0,0,2,0,0,2,0,0,0,0,0,2,0,1,2,2,3,1,2,2,2,0,2,0,0,3,11,0
n6spiTwr-ilpKNGg2eCkgQ,"Food, Bakeries, Coffee & Tea",43.6664195,-79.4039092,The Second Cup,3,2.5,0,0,0,0,2,0,0,0,0,0,0,0,0,0,0,0,0,0,0,0,0,1,0,0,2,0,2,0,1,0
q-E9oE0StdOfMWIHiotfng,"Breakfast & Brunch, Restaurants, Coffee & Tea, Food",43.7763149543,-79.2341140331,Coffee Culture,101,2.5,0,0,0,0,1,0,1,1,0,0,0,0,0,2,0,2,2,1,3,1,2,1,1,0,2,0,0,3,11,0
qjR2GVxWnRAHcam6DkRiaA,"Active Life, Festivals, Arts & Entertainment",43.6304576,-79.4141654,Canadian International Airshow,4,3.0,0,0,0,0,0,0,0,0,0,0,0,0,0,2,0,0,0,0,0,0,0,0,0,0,0,0,0,0,2,0
qyTms0mHJfP2KLm_3Bok4Q,"Shopping, Home & Garden, Hardware Stores",43.6685735234,-79.4700075756,Rona Home & Garden,16,3.0,0,0,0,0,0,0,0,0,0,0,0,0,0,0,0,0,0,0,0,0,0,2,0,0,0,0,0,0,1,0
rPHnjg-kJmi3qc-R4w2Fng,"Tapas/Small Plates, Bistros, Restaurants, Breakfast & Brunch",43.5986881017,-79.5442225412,Trius + Aim,37,5.0,0,0,0,0,0,0,0,2,0,0,0,0,0,0,0,2,0,0,0,0,0,0,2,0,0,0,0,0,2,0
sF0GZWDO4K_QkNQXea5OWQ,"Real Estate, Home Staging, Home Services",43.7240642,-79.4650555,CM Staging Solutions,3,3.5,0,0,0,0,0,0,0,0,0,0,0,0,0,0,0,0,0,0,0,0,0,0,0,0,0,0,0,0,0,0
vODSiLvcSe082IsuAKXcqw,"Food, Coffee & Tea",43.6511571,-79.4779479,Zaza Espresso Bar,13,4.0,0,0,0,0,2,0,0,0,0,0,0,0,0,0,0,0,0,2,1,0,0,3,0,0,2,0,0,1,5,0
xedLfBfTq0FaomVDgOKe_w,"Food, Grocery",43.6927012,-79.4654521,FreshCo,7,3.5,0,0,0,0,0,0,0,0,0,0,0,0,0,0,0,0,0,0,0,0,0,2,0,0,0,0,0,0,1,0
yGV1NHdDOmG93iy6aPpDJw,"Nightlife, Lounges, Restaurants, Bars, Sushi Bars",43.6419757,-79.4304835,The Parkdale Drink,21,3.0,0,0,2,0,2,0,0,0,0,0,0,0,0,1,0,2,3,2,1,1,2,1,2,0,1,0,0,1,3,0
zZw1ziI2Lh_Rz0PhTT1rUQ,"Restaurants, Korean, Asian Fusion, Food, Poke",43.6459076,-79.3878224,Koha Pacific Kitchen,9,4.5,0,0,0,0,0,0,0,0,0,0,0,0,0,0,0,0,0,0,1,1,0,0,1,0,2,0,0,1,1,0
zbxKm7iGUcgZ0d6oNWEO0Q,"Caribbean, Restaurants",43.760386205,-79.4107189402,Jerk King,49,3.0,0,0,0,0,2,0,0,0,0,0,0,0,0,2,0,2,1,2,1,2,1,2,1,1,2,0,0,1,3,0
