business_id,categories,latitude,longitude,name,review_count,stars,AcceptsInsurance,AgesAllowed,Alcohol,BYOB,BikeParking,BusinessAcceptsCreditCards,ByAppointmentOnly,Caters,CoatCheck,Corkage,DogsAllowed,DriveThru,GoodForDancing,GoodForKids,HappyHour,HasTV,NoiseLevel,OutdoorSeating,RestaurantsAttire,RestaurantsDelivery,RestaurantsGoodForGroups,RestaurantsPriceRange2,RestaurantsReservations,RestaurantsTableService,RestaurantsTakeOut,Smoking,WheelchairAccessible,WiFi,tips_counter_bz,total_compliments_bz
-PKUAor_Nz_IaNjP_jIwyA,"Mexican, Restaurants",43.6770684,-79.3981842,Playa Cabana - Hacienda,149,3.0,0,0,2,0,2,0,0,2,0,0,0,0,0,1,0,1,3,2,1,1,2,2,2,0,1,0,0,1,9,0
-TcH3XhY1ojvai77VWv10w,"Food, Japanese, Restaurants, Bubble Tea, Poke, Hawaiian",43.6639496,-79.3803757,Hawaii Poke,15,4.5,0,0,0,0,0,0,0,0,0,0,0,0,0,0,0,0,0,0,0,2,0,0,2,0,0,0,0,0,1,0
00hVrhanOC3yyzTaQIktoA,"Nightlife, Bars, Pubs",43.6785509,-79.3897204,The Quail: A Firkin Pub,26,3.0,0,0,2,0,1,0,0,0,1,0,1,0,0,0,1,2,3,1,3,0,2,2,2,0,0,1,2,3,7,0
09GpxzCsAaq9V-0vf4ljDw,"Active Life, Swimming Pools",43.6371001089,-79.450571537,Sunnyside - Gus Ryder Pool,6,4.0,0,0,0,0,2,0,1,0,0,0,0,0,0,2,0,0,0,0,0,0,0,0,0,0,0,0,0,0,0,0
0lMpzsCq8QSiTRST3AXb2w,"Naturopathic/Holistic, Doctors, Nutritionists, Chiropractors, Acupuncture, Health & Medical",43.7109317,-79.3990495,Forces of Nature Wellness Clinic,9,4.0,0,0,0,0,0,0,2,0,0,0,0,0,0,0,0,0,0,0,1,0,0,0,0,0,0,0,0,1,0,0
0u1wCWzGCKOWZUfk2Jr_2w,"Food, International Grocery, Grocery",43.771816,-79.2801738,Foody World,11,3.0,0,0,0,0,2,0,0,2,0,0,0,0,0,0,0,0,0,0,0,0,0,1,0,0,2,0,0,0,6,0
1K4qrnfyzKzGgJPBEcJaNQ,"Nightlife, Restaurants, Mexican, Bars, Tiki Bars",43.6692562,-79.3359022,Chula Taberna Mexicana,98,4.0,0,0,2,0,2,0,0,0,1,0,0,0,1,2,2,2,3,2,3,1,2,2,2,2,2,1,1,3,5,0
35oDgfjcKnFhperOcKrShA,"Parks, Active Life, Dog Parks, Beaches",43.6292506,-79.4756879,Humber Bay Shores Park,4,5.0,0,0,0,0,2,0,0,0,0,0,0,0,0,2,0,0,0,0,0,0,0,0,0,0,0,0,0,0,1,0
3lZnIpmc0pqtej3eCIOP0Q,"Hotels, Event Planning & Services, Hotels & Travel",43.7669918,-79.401306,Mary-am Hotel,4,3.0,0,0,0,0,0,0,0,0,0,0,0,0,0,0,0,0,0,0,3,0,0,2,0,0,0,0,0,3,0,0
4i28EAuhdEvefJnM74ihpA,"Restaurants, Korean",43.8029564086,-79.2937258565,Korean Restaurant OUR,34,3.0,0,0,0,0,2,0,0,1,0,0,0,0,0,2,0,2,3,1,1,1,2,2,1,2,2,0,0,1,3,0
5LX_dIsctMmOFmmVSnPdsg,"Breakfast & Brunch, Restaurants",43.6515524,-79.475582,Sunshine Village Grill,3,3.0,0,0,0,0,0,0,0,0,0,0,0,0,0,0,0,0,0,0,0,0,0,0,0,0,0,0,0,0,0,0
7MSh06sMAGM5BU_yyCsSsg,"Bars, Pubs, Nightlife",43.649817,-79.3711727,The Jason George,56,2.5,0,0,2,0,2,0,0,0,1,0,0,0,0,0,0,2,2,2,3,0,2,2,2,0,0,0,0,3,5,0
8BT-nH2aWf6nyIdK797OHA,"Restaurants, French",43.6786225,-79.3904647,Avant Gout Restaurant,14,3.5,0,0,0,0,0,0,0,0,0,0,0,0,0,1,0,0,0,0,0,0,1,0,2,0,0,0,0,0,1,0
9L-2x2PbFXITCNl6Df7kmw,"Home Services, Lighting Fixtures & Equipment, Home & Garden, Home Decor, Shopping",43.6683146,-79.3070954,Living Lighting - Toronto,10,2.5,0,0,0,0,2,0,1,0,0,0,0,0,0,0,0,0,0,0,0,0,0,3,0,0,0,0,0,0,0,0
AGnak6jDhPAwJF1_Suaoig,"Local Services, Shopping, Watch Repair",43.6521713,-79.379441,The Time Shop,6,2.5,0,0,0,0,0,0,0,0,0,0,0,0,0,0,0,0,0,0,0,0,0,0,0,0,0,0,0,0,0,0
AX3rFgZPF1MwCy78DRCSHA,"Cafes, Restaurants, Coffee & Tea, Nightlife, Event Planning & Services, Caterers, Food, Bars, Donuts",43.6499593071,-79.3587675691,Flipside Donuts Cafe & Bar,11,4.0,0,0,2,0,0,0,0,2,0,0,0,0,0,0,0,1,0,2,3,0,0,0,2,0,2,1,2,3,2,0
AlQJxqEP6o0yAG_r4g5AEg,"Gluten-Free, Vegetarian, Thai, Vegan, Restaurants",43.6649226,-79.4108878,Mugi,6,4.5,0,0,0,0,2,0,0,1,0,0,2,0,0,0,1,1,0,1,1,1,0,0,1,1,2,0,1,1,1,0
AzJtskAVQVpjgPIv7YG3Jg,Food,43.670356,-79.3870473,Metropolis Bake Shop,7,3.5,0,0,0,0,0,0,0,0,0,0,0,0,0,0,0,0,0,0,0,0,0,1,0,0,2,0,0,0,1,0
CYwCPEq05tRkBT8trOZhKg,"Movers, Couriers & Delivery Services, Home Services, Self Storage, Local Services, Packing Services, Junk Removal & Hauling",43.7198618,-79.6192946,Easy2Go Movers,3,2.5,0,0,0,0,0,0,2,0,0,0,0,0,0,0,0,0,0,0,0,0,0,0,0,0,0,0,0,0,0,0
DV341cpTqEDdT3_iST3Sgw,"Nightlife, Breakfast & Brunch, American (Traditional), Restaurants, Bars, Pubs",43.7005187,-79.4284633,3 Eggs All Day Pub & Grill,6,3.5,0,0,2,0,2,0,0,1,1,0,1,0,1,2,2,2,1,2,3,1,2,2,2,2,2,1,2,3,0,0
DZPoacguQlbw5GrR8xidIg,"Shopping, Fashion, Lingerie",43.6511182,-79.4773975,Her's Fine Lingerie Shoppe,4,2.0,0,0,0,0,0,0,0,0,0,0,0,0,0,0,0,0,0,0,0,0,0,3,0,0,0,0,0,0,0,0
Dfx64-JvyQvwzupG8YkKjA,"Nutritionists, Massage Therapy, Rolfing, Osteopathic Physicians, Doctors, Massage, Medical Spas, Active Life, Health & Medical, Fitness & Instruction, Physical Therapy, Trainers, Acupuncture, Beauty & Spas, Naturopathic/Holistic",43.6616782,-79.3828415,Aches Away Toronto,27,5.0,2,0,0,0,2,0,2,0,0,0,0,0,0,2,0,0,0,0,3,0,0,2,0,0,0,0,2,3,2,0
DhZkLzcQ9Ed1m4yu9QyLjw,"Auto Detailing, Car Wash, Automotive",43.7818807,-79.234831,Royal Progress Car Wash,10,2.5,0,0,0,0,0,0,0,0,0,0,0,0,0,0,0,0,0,0,0,0,0,0,0,0,0,0,0,0,1,0
Dmk0ofuT-ZBjNmKhZ3qK-Q,"Nightlife, Pubs, Bars",43.6679551,-79.3856634,Duke of Gloucester,26,2.5,0,0,2,0,2,0,0,0,1,0,0,0,0,0,0,2,2,2,0,0,2,2,2,0,0,2,0,0,6,0
DnePvvh3fzo0oH8GB2ChUQ,"Drugstores, Shopping",43.647818,-79.4023038,Shoppers Drug Mart,9,3.0,0,0,0,0,2,0,0,0,0,0,0,0,0,0,0,0,0,0,0,0,0,2,0,0,0,0,0,0,9,0
Dvmwg8kILj2ZIZ7xRKNt-w,"Restaurants, Do-It-Yourself Food, Asian Fusion, Burgers, Food",43.7759134702,-79.4135650992,Chinese Burger,9,3.5,0,0,0,0,2,0,0,0,0,0,0,0,0,1,0,2,0,2,0,0,1,2,1,0,2,0,0,0,5,0
EzGGUtQtbE8z57pqxE0I8w,"Chinese, Restaurants",43.6435286,-79.4051044,Bamboo Buddha Chinese Resturant,65,3.5,0,0,0,0,2,0,0,1,0,0,0,0,0,2,0,2,2,1,1,2,1,1,1,0,2,0,0,1,12,0
FQJBNFS56QJj8x1Nq3BUNw,"Laundry Services, Dry Cleaning, Dry Cleaning & Laundry, Local Services",43.6522698,-79.3770729,Royal Dry Cleaners / Royal Leather Care,6,3.0,0,0,0,0,2,0,0,0,0,0,0,0,0,0,0,0,0,0,0,0,0,2,0,0,0,0,0,0,0,0
GVphlD0JMbfIzRThjqNngA,"Restaurants, Steakhouses, Food, Smokehouse, Kosher",43.7343056,-79.4200036,Prime on Avenue,7,4.0,0,0,0,0,0,0,0,0,0,0,0,0,0,0,0,0,0,0,0,0,0,0,0,0,0,0,0,0,0,0
HALQ76VZSppCBo25_pPVEQ,"Restaurants, Sushi Bars",43.6434772,-79.3809606,Sushi Shop,16,3.0,0,0,0,0,0,0,0,0,0,0,0,0,0,2,0,0,0,0,0,1,1,2,1,0,2,0,0,0,2,0
Hd2BWbHGecB11CRo5v7X9g,"Printing Services, Local Services",43.8080518,-79.3578955,Your Mail Business Centre,3,5.0,0,0,0,0,0,0,0,0,0,0,0,0,0,0,0,0,0,0,0,0,0,0,0,0,0,0,0,0,1,0
I2gBGx71rBGlKSKxT1f9oQ,"Food, Bakeries",43.8279523,-79.2579772,The Stonemill Bakehouse,3,4.5,0,0,0,0,0,0,0,0,0,0,0,0,0,0,0,0,0,0,0,0,0,1,0,0,0,0,0,0,2,0
IuHEiRQaX_RmBmEIoE1AAQ,"Restaurants, Chinese, Dim Sum",43.7705699,-79.3320332,Yan Yu,31,4.0,0,0,0,0,0,0,0,0,0,0,0,0,0,0,0,0,0,0,3,2,0,0,2,0,2,0,0,3,7,0
K42PFUTJsNrS5U4GhRhqgQ,"Venues & Event Spaces, Event Planning & Services",43.7677211188,-79.385476756,Village Loft,3,4.5,0,0,0,0,0,0,0,0,0,0,0,0,0,0,0,0,0,0,0,0,0,0,0,0,0,0,0,0,0,0
KI66pPHDwHP3ePUzxoGJkA,"Thai, Restaurants, Pizza",43.6822277,-79.4240806,Thai,12,3.0,0,0,0,0,2,0,0,1,0,0,0,0,0,0,0,2,1,0,0,2,0,2,0,0,2,0,0,0,5,0
KMWaFPLvtY-TCOoqMmkoyQ,"Dive Bars, Bars, Champagne Bars, Nightlife",43.6445466,-79.4187934,Sweaty Betty's,81,4.0,0,0,2,0,2,0,0,0,0,0,0,0,0,0,2,2,2,2,1,0,2,2,1,0,0,2,0,1,15,0
KO1i1hha2rzdbVqIe5U0vQ,"Seafood Markets, Specialty Food, Food",43.7297496,-79.4035917,Kristapsons - On Yonge,6,4.5,0,0,0,0,2,0,0,1,0,0,0,0,0,0,0,0,0,0,0,0,0,3,0,0,2,0,0,0,1,0
KUqInLEY1y7SkyZyDoGn0Q,"Dim Sum, Chinese, Restaurants",43.7912048303,-79.3677110474,Paradise Fine Chinese Dining,102,3.0,0,0,2,0,2,0,0,2,0,0,0,0,0,2,0,2,2,1,1,1,2,2,2,0,2,0,0,1,16,0
KqhIAqoNnjNQ0LQ38M6d0w,"Food, Salad, Fast Food, Juice Bars & Smoothies, Restaurants",43.6475126,-79.3927022,Salus Fresh Foods,4,3.0,0,0,0,0,0,0,0,0,0,0,0,0,0,0,0,0,0,0,0,0,0,0,0,0,0,0,0,0,2,0
LA64TPYjOmiDdXBQoBQCAw,"Dental Hygienists, Storefront Clinics, Health & Medical, Dentists",43.6588089,-79.3909892,Downtown Dental Centre,5,4.0,0,0,0,0,0,0,1,0,0,0,0,0,0,0,0,0,0,0,0,0,0,0,0,0,0,0,0,0,0,0
LBHbyID7tcaGszznHtnCrw,"American (New), Sports Bars, Restaurants, Canadian (New), Lounges, Nightlife, Bars",43.6558708964,-79.3820091902,JOEY Eaton Centre,474,3.5,0,0,2,0,2,0,0,1,0,0,1,0,1,1,2,2,3,2,3,1,2,2,2,0,2,0,0,3,66,1
O9oZX-DyYhWaJC8GvtJyeA,"Fast Food, Burgers, Restaurants, Food, Coffee & Tea",43.7519358483,-79.5446959497,McDonald's,5,2.0,0,0,0,0,2,0,0,2,0,0,0,2,0,2,0,2,2,1,3,1,2,1,1,1,2,0,0,3,1,0
PMACs_KByRaEcVUs9jO_Vg,"Restaurants, Peruvian, Argentine, Food, Bakeries, Latin American, Mexican",43.655127,-79.401609,Latin Taste,32,4.5,0,0,0,0,2,0,0,0,0,0,0,0,0,2,0,2,1,2,1,1,1,1,1,0,2,0,0,1,5,1
PPDW3gtt0JojgXNYcSH1GA,"Japanese, Korean, Sushi Bars, Restaurants",43.6409643067,-79.4343217932,A+ Sushi & Bibim,49,4.0,0,0,1,0,2,0,0,2,0,0,0,0,0,2,0,2,2,1,1,2,2,2,2,2,2,0,0,1,4,0
RVXuyfudzpaPeHisGcPNsA,"Japanese, Korean, Restaurants, Sushi Bars",43.7072458,-79.3974545,Sushi Mori,28,3.5,0,0,0,0,0,0,0,0,0,0,0,0,0,2,0,2,0,0,0,0,0,2,2,0,0,0,0,0,4,0
S_F4XmLUZFv9Uzbjy44_NA,"Restaurants, Persian/Iranian, Nightlife, Middle Eastern, Bars",43.6653682,-79.3873182,Tabriz Persian Cookhouse,50,4.0,0,0,2,0,2,0,0,2,0,0,0,0,0,2,0,2,2,2,3,2,2,2,2,2,2,0,2,3,11,0
SitCGPChCqlHO3bfn4GKLA,"Cafes, Restaurants, Food, Coffee & Tea",43.6918358244,-79.2644844511,The Birchcliff,17,3.5,0,0,0,0,1,0,0,0,0,0,0,0,0,2,0,2,0,2,3,1,2,1,1,0,2,0,0,3,1,0
SlWijsT11hpQitSk77dANw,"Bars, American (Traditional), Nightlife, Restaurants, Sports Bars",43.7475176065,-79.4766142828,The Penalty Box,3,3.5,0,0,0,0,0,0,0,0,0,0,0,0,0,0,0,0,0,2,0,0,0,0,0,0,0,0,0,0,1,0
TQ_ujfnC2-qUOxYVlWrW5A,"Pizza, Restaurants, Italian",43.6590869,-79.360328,Vicino Italian Kitchen,9,4.5,0,0,0,0,0,0,0,0,0,0,0,0,0,0,0,0,0,2,0,0,0,0,0,0,0,0,0,0,0,0
WP2qPWJ4D3zzStq7myUA9A,"Sandwiches, Fast Food, Restaurants",43.6712047039,-79.3805888142,Subway,6,1.5,0,0,0,0,1,0,0,2,0,0,0,0,0,1,0,2,2,1,1,1,1,1,1,0,2,0,0,1,1,0
XadqbQ-aW4J3nlDuV_fgww,"Paint Stores, Wallpapering, Shopping, Home & Garden, Home Services",43.6889014,-79.2991856,Cook's Wallpaper & Paints,4,5.0,0,0,0,0,0,0,0,0,0,0,0,0,0,0,0,0,0,0,0,0,0,0,0,0,0,0,0,0,0,0
XfPHoE2WtmzO_2-6hAJDHw,"Interior Design, Home Services, Lighting Stores, Home & Garden, Furniture Stores, Shopping, Outdoor Furniture Stores",43.7104361114,-79.3993923068,West Elm,3,2.5,0,0,0,0,2,0,1,0,0,0,2,0,0,0,0,0,0,0,0,0,0,0,0,0,0,0,2,0,0,0
XjB0Bkp5ellEZWjsqhzohw,"Street Vendors, Arts & Entertainment, Desserts, Community Service/Non-Profit, Food Banks, Food, Festivals, Local Services",43.6460888,-79.388966,Sweetery Food Festival,6,3.0,0,0,0,0,0,0,0,0,0,0,0,0,0,2,0,0,0,0,0,0,0,0,0,0,0,0,0,0,1,0
YSaf1x4Ik6nH2GsIa2DCvg,"Restaurants, Chinese",43.6822629,-79.3292977,South Sea Chinese Foods,10,2.5,0,0,0,0,0,0,0,0,0,0,0,0,0,1,0,0,0,0,0,0,0,1,0,0,0,0,0,0,2,0
_6kp_FSYhjPom92IhluH0g,"Tattoo, Beauty & Spas",43.662194,-79.425189,Lucky 13 Tattoo Shop,7,4.5,0,0,0,0,2,0,1,0,0,0,0,0,0,0,0,0,0,0,0,0,0,2,0,0,0,0,2,0,0,0
aXvE6xcMe-sdR52wzJG1vg,"Arts & Entertainment, Boating, Sports Clubs, Social Clubs, Summer Camps, Sailing, Active Life, Amateur Sports Teams, Fitness & Instruction",43.6685672,-79.3996778,RCYC - City Clubhouse,6,4.5,0,0,0,0,1,0,0,0,0,0,1,0,0,1,0,0,0,0,0,0,0,0,0,0,0,0,2,0,0,0
aosHXPYLPNWnAYsqCyCHnw,"Skin Care, Specialty Food, Beauty & Spas, Herbs & Spices, Food",43.6429818,-79.4255926,Helen + Hildegard Herbal Apothecary,5,4.5,0,0,0,0,0,0,0,0,0,0,0,0,0,0,0,0,0,0,0,0,0,0,0,0,0,0,0,0,1,0
apsMO4XQ2wyyAvkg6nlpbA,Shopping,43.6467367,-79.4056103,Odds and Ends,3,2.5,0,0,0,0,0,0,0,0,0,0,0,0,0,0,0,0,0,0,0,0,0,2,0,0,0,0,0,0,0,0
bTvIo9DIcdgNe_EQHGYSZg,"Pet Services, Pets, Professional Services, Pet Sitting, Dog Walkers",43.6410696393,-79.4363039923,Walk With Meg,4,4.0,0,0,0,0,0,0,0,0,0,0,0,0,0,0,0,0,0,0,0,0,0,0,0,0,0,0,0,0,0,0
bdFUA6DGPmiQqtK6iuAEzw,"Framing, Arts & Crafts, Home Decor, Home & Garden, Shopping",43.7030942,-79.3878424,Framemaster,3,5.0,0,0,0,0,0,0,0,0,0,0,0,0,0,0,0,0,0,0,0,0,0,2,0,0,0,0,0,0,1,0
bjD06WTNeRUQk0NmIVsQTg,"Shopping, Home & Garden, Home Decor",43.6531888,-79.3793047,Homesense,18,4.0,0,0,0,0,2,0,0,0,0,0,0,0,0,0,0,0,0,0,0,0,0,2,0,0,0,0,0,0,2,0
bmJR8xf47Bo7dMmJDockDQ,"Women's Clothing, Fashion, Accessories, Shopping, Used, Vintage & Consignment",43.7018541,-79.3876825,Second Nature Boutique,10,3.5,0,0,0,0,2,0,0,0,0,0,0,0,0,0,0,0,0,0,0,0,0,2,0,0,0,0,0,0,0,0
c8vOyo_sug_KLIp4z1UfjQ,"Appliances & Repair, Shopping, Local Services, Appliances, Home & Garden",43.6629968,-79.3319169,East End Appliance service,3,1.0,0,0,0,0,0,0,0,0,0,0,0,0,0,0,0,0,0,0,0,0,0,0,0,0,0,0,0,0,0,0
epQzqMPbNjh5t0Td3T6TJA,"Hotels & Travel, Car Rental, Automotive, Truck Rental, Car Share Services",43.6474722,-79.3954314,Zipcar,91,2.0,0,0,0,0,0,0,0,0,0,0,0,0,0,0,0,0,0,0,0,0,0,0,0,0,0,0,0,0,3,0
fAcuYRDbVPktVgb7zjuKLQ,"Coffee & Tea, Ice Cream & Frozen Yogurt, Desserts, Sandwiches, Food, Tapas/Small Plates, Beer, Wine & Spirits, Restaurants",43.6682234,-79.3817049,Church Street Espresso,40,4.0,0,0,0,0,2,0,0,1,0,0,1,0,0,0,0,0,0,2,3,0,0,2,0,0,2,0,1,3,7,0
gjD6MhhRDw0X6CZP0EmGlg,"Korean, Restaurants",43.7641849235,-79.4120768085,Mapo Gamjatang,42,4.0,0,0,0,0,0,0,0,0,0,0,0,0,0,0,0,2,2,1,0,0,2,2,0,2,0,0,0,0,3,0
hO4r95n3YTwtKfKfnrDDhw,"Convenience Stores, Car Wash, Food, Gas Stations, Automotive",43.654523,-79.337629,Esso,8,2.5,0,0,0,0,2,0,0,1,0,0,0,0,0,0,0,0,0,0,0,0,0,2,0,0,2,0,0,0,6,0
hbvvM7OLGP3cjpeE53xHQQ,"Food, Bars, Cafes, Arts & Entertainment, Nightlife, Music Venues, Coffee & Tea, Restaurants",43.6390692,-79.4450189,Today Tonight Bar,3,5.0,0,0,0,0,0,0,0,0,0,0,0,0,0,0,0,0,0,0,0,0,0,0,0,0,0,0,0,0,0,0
iibSQSKKJ6MIzC6Gq2Yuzw,"Hotels & Travel, Transportation, Vehicle Shipping, Automotive",43.7455679,-79.5258833,Snowbirds Auto Connection,3,3.0,0,0,0,0,0,0,0,0,0,0,0,0,0,0,0,0,0,0,0,0,0,0,0,0,0,0,0,0,0,0
jEV2w8rv9JuOhqk3E6uElQ,"Fashion, Shopping, Department Stores",43.648761,-79.390834,Marshall's,15,3.5,0,0,0,0,2,0,0,0,0,0,0,0,0,0,0,0,0,0,0,0,0,2,0,0,0,0,0,0,6,0
mFBZcwkHuys0pbyBGOhKoQ,"Soup, Restaurants, Chicken Shop, Specialty Food, Health Markets, Fast Food, Salad, Food",43.647493,-79.392508,Flock Rotisserie + Greens,115,4.0,0,0,0,0,1,0,0,2,0,0,1,1,0,2,0,1,2,1,3,2,1,2,1,1,2,0,2,3,11,0
oxLLLMC78Oq0jDdMwbOtBw,"Parks, Active Life",43.758987,-79.2571575,Thomson Memorial Park,7,4.0,0,0,0,0,2,0,0,0,0,0,0,0,0,2,0,0,0,0,0,0,0,0,0,0,0,0,0,0,2,0
piZ4JqJI5WTljJuQV7yZHQ,"Soup, Japanese, Restaurants, Ramen, Noodles",43.6560081758,-79.3935581626,KINTON RAMEN,441,3.5,0,0,2,0,2,0,0,1,0,0,0,0,0,1,0,1,3,1,1,1,1,2,1,0,2,0,0,1,61,1
qiYpwBcVBGX5nx3a9DpdNA,"Books, Mags, Music & Video, Vinyl Records, Art Galleries, Shopping, Arts & Entertainment, Music & DVDs, Bookstores",43.6566572,-79.4030948,Paradise Bound,3,4.0,0,0,0,0,2,0,1,0,0,0,0,0,0,2,0,0,0,0,0,0,0,2,0,0,0,0,0,0,0,0
qzwxbLZL9eQ0E3nX02D0fQ,"Automotive, Auto Repair, Auto Glass Services, Body Shops",43.6727058,-79.43423,Carstar,6,2.5,0,0,0,0,0,0,0,0,0,0,0,0,0,0,0,0,0,0,0,0,0,0,0,0,0,0,0,0,0,0
ratGSpfB8o9aYbwN-Bof1g,"Food, Tea Rooms, Shopping, Coffee & Tea",43.6658715243,-79.4082105436,DAVIDsTEA,25,4.0,0,0,0,0,2,0,0,0,0,0,0,0,0,0,0,0,0,1,1,0,0,2,0,0,2,0,0,1,4,0
sGAbBm8eX6DY5R5S2NSy6g,"Hotels & Travel, Nightlife, Event Planning & Services, Lounges, Hotels, Bars, Restaurants, Canadian (New)",43.6492855,-79.3858557,Shangri-La Hotel,145,4.0,0,0,2,0,2,0,0,1,0,0,0,0,1,1,0,1,2,1,3,1,2,4,2,0,2,0,0,3,31,0
uC1wK8VG003fnzrKF_bQDA,"Eyelash Service, Cosmetics & Beauty Supply, Skin Care, Shopping, Beauty & Spas",43.6537166,-79.380338,Caryl Baker Visage,10,2.5,0,0,0,0,2,0,1,0,0,0,0,0,0,0,0,0,0,0,0,0,0,2,0,0,0,0,0,0,0,0
uHpkTphGgIRBsg7Me4gz-g,"Accessories, Shoe Stores, Women's Clothing, Department Stores, Fashion, Shopping",43.6116933,-79.557183,Saks Fifth Avenue,17,3.0,0,0,0,0,2,2,0,0,0,0,0,0,0,0,0,0,0,0,0,0,0,3,0,0,0,0,0,0,1,0
uw97jNmeP3O24vH7uhzn9w,"Local Services, Sewing & Alterations",43.6725956,-79.3216485,Arjuna's Tailors,3,2.5,0,0,0,0,0,0,0,0,0,0,0,0,0,0,0,0,0,0,0,0,0,0,0,0,0,0,0,0,0,0
w5-llUi5t59YZRI_dOSi0w,"Bars, Nightlife, Diners, Lounges, American (New), Restaurants, Canadian (New)",43.646075,-79.381821,Library Bar,100,4.0,0,0,2,0,2,0,0,1,0,0,1,0,1,1,0,1,2,1,2,1,2,3,2,2,1,1,0,2,18,0
waoCzbannI3P3lcpO4z1dg,"Restaurants, Chinese, Szechuan",43.8045829,-79.2877916,Superhot,3,4.0,0,0,0,0,0,0,0,0,0,0,0,0,0,0,0,0,0,0,0,0,0,0,0,0,0,0,0,0,0,0
x3cT4BnpmxX4bHdUf4lRpA,"Caribbean, Restaurants",43.6559115,-79.3637094,Ackee Tree Dynamite Jamaican Jerk,12,4.0,0,0,2,0,2,0,0,2,0,0,1,0,0,0,1,2,0,1,3,2,0,0,1,2,2,0,1,3,1,0
xsYre03XKLzL7SKJ7OwJgA,"Automotive, Tires",43.6694744,-79.3414951,Carlaw Tire & Auto Service,7,4.5,0,0,0,0,0,0,0,0,0,0,0,0,0,0,0,0,0,0,0,0,0,0,0,0,0,0,0,0,0,0
yE0vKTYITUN3EC3hbYxyXQ,"Restaurants, Chinese, Seafood, Buffets, Hot Pot",43.805762,-79.3383451,BSG Hot Pot,15,4.0,0,0,0,0,0,0,0,0,0,0,1,0,0,0,0,2,2,1,3,0,2,2,2,2,1,0,0,3,0,0
yL3-dSaNzJOc61P5UR0z_A,"Shopping, Wigs, Beauty & Spas, Hair Extensions, Hair Loss Centers, Hair Salons",43.6750513294,-79.3945646907,Wigs R Us,3,1.0,0,0,0,0,2,0,0,0,0,0,0,0,0,0,0,0,0,0,0,0,0,0,0,0,0,0,2,0,2,0
yqbvR54qZy5oUDPnF0TB8Q,"Lingerie, Shopping, Fashion",43.7152349,-79.4003655,Beestung,5,3.0,0,0,0,0,2,0,1,0,0,0,2,0,0,0,0,0,0,0,0,0,0,2,0,0,0,0,1,0,0,0
