business_id,categories,latitude,longitude,name,review_count,stars,AcceptsInsurance,AgesAllowed,Alcohol,BYOB,BikeParking,BusinessAcceptsCreditCards,ByAppointmentOnly,Caters,CoatCheck,Corkage,DogsAllowed,DriveThru,GoodForDancing,GoodForKids,HappyHour,HasTV,NoiseLevel,OutdoorSeating,RestaurantsAttire,RestaurantsDelivery,RestaurantsGoodForGroups,RestaurantsPriceRange2,RestaurantsReservations,RestaurantsTableService,RestaurantsTakeOut,Smoking,WheelchairAccessible,WiFi,tips_counter_bz,total_compliments_bz
-OoNNSSM_oE1wPcNwMyehQ,"Hospitals, Health & Medical",43.6581169,-79.3907253,Princess Margaret Cancer Centre,7,4.5,0,0,0,0,0,0,2,0,0,0,0,0,0,0,0,0,0,0,3,0,0,0,0,0,0,0,0,3,3,1
0fVMp00yMNmtuCjCeZEc7w,"Women's Clothing, Fashion, Men's Clothing, Shopping",43.6534351197,-79.3803975731,Uniqlo,35,3.5,0,0,0,0,2,0,0,0,0,0,0,0,0,0,0,0,0,0,0,0,0,2,0,0,0,0,0,0,5,0
0yr2L_2CVaLV9SLIGWngPA,"Restaurants, Food, Bakeries, Korean, Desserts, Cafes, Coffee & Tea",43.6850218,-79.3148783,Cafe Cocoro,25,4.5,0,0,0,0,0,0,0,0,0,0,0,0,0,2,0,2,1,1,3,1,2,1,1,0,2,0,0,3,1,0
1laaO5PS8fLK5kPTkSSYsw,"Restaurants, Burgers, Shopping, Canadian (New), Sports Bars, Bars, Wigs, Beer Bar, Nightlife, Chicken Wings",43.6388023224,-79.3859335082,Shoeless Joe's Sports Grill - Queens Quay,70,2.5,0,0,2,0,2,2,0,0,0,0,1,1,0,2,1,2,2,2,3,2,2,2,2,2,2,0,2,3,14,0
2U6r5iN5o80FQXpnqo6glQ,"Baby Gear & Furniture, Shopping",43.6726625,-79.4679673,Snuggle Bugz,3,3.5,0,0,0,0,0,0,0,0,0,0,0,0,0,0,0,0,0,0,0,0,0,3,0,0,0,0,0,0,0,0
2fv8FH6kUoB-1q0d_nzIwQ,"Hair Salons, Beauty & Spas",43.6528034,-79.3905934,Carolyn McAuley Hair Studio,3,5.0,0,0,0,0,2,0,2,0,0,0,0,0,0,0,0,0,0,0,0,0,0,1,0,0,0,0,0,0,0,0
3a9Hw1932ut0XMAZKC1e2A,"Mass Media, Bookbinding, Signmaking, Local Services, Professional Services, Printing Services, Screen Printing, Print Media",43.6587086,-79.3948953,Image Xpress,4,3.0,0,0,0,0,0,2,0,0,0,0,0,0,0,0,0,0,0,0,0,0,0,0,0,0,0,0,0,0,0,0
4p2Id_ldVLXyFo456_F3_g,"Vinyl Records, Home & Garden, Arts & Crafts, Shopping, Thrift Stores, Furniture Stores, Books, Mags, Music & Video, Used, Vintage & Consignment, Antiques, Fashion",43.6588584,-79.4398142,Ransack the Universe,10,4.5,0,0,0,0,2,0,0,0,0,0,0,0,0,0,0,0,0,0,0,0,0,1,0,0,0,0,0,0,1,0
7qHFsXTNtjpnqcWXW3FPXA,"Recording & Rehearsal Studios, Local Services",43.6504263,-79.3676906,The Rehearsal Factory,3,2.5,0,0,0,0,0,0,0,0,0,0,0,0,0,0,0,0,0,0,0,0,0,0,0,0,0,0,0,0,0,0
82A4J-aOSxTUpuaSV2WVfg,"Shopping, Customized Merchandise, Graphic Design, Professional Services",43.6467743,-79.4070769,World of Posters,9,4.0,0,0,0,0,2,0,0,0,0,0,0,0,0,0,0,0,0,0,0,0,0,2,0,0,0,0,0,0,1,0
8zJAGhUZEh836P-E-mGiMw,"Nightlife, Arts & Entertainment, Music Venues",43.6647275,-79.3741718,Phoenix Concert Theatre,67,3.0,0,0,2,0,2,0,0,0,2,0,0,0,0,1,1,2,4,1,0,0,2,2,0,0,0,1,0,0,13,0
9JCjKd6eFXsAMVwouTh_4Q,"Cosmetics & Beauty Supply, Shopping, Beauty & Spas",43.7271887,-79.2930079,Bath and Body Works,7,3.5,0,0,0,0,0,0,1,0,0,0,0,0,0,0,0,0,0,0,0,0,0,2,0,0,0,0,0,0,2,0
9WxWA647p6uENmpdP13MTw,"Shopping, Desserts, Chocolatiers & Shops, Food, Specialty Food, Candy Stores",43.617126,-79.538335,Lindt Chocolate Shop,5,3.0,0,0,0,0,0,0,0,0,0,0,0,0,0,0,0,0,0,0,0,0,0,2,0,0,0,0,0,0,3,0
9bPeWHLGZPFGLob-iJyQdQ,"Chinese, Restaurants",43.672372,-79.387436,Dumpling Fresh Express,3,2.5,0,0,0,0,0,0,0,0,0,0,0,0,0,0,0,0,0,0,0,0,0,0,0,0,0,0,0,0,0,0
A7IQT6RYVSWkvEAbiLCdtQ,"Buffets, Indian, Restaurants",43.7356008358,-79.6047169852,Desi Spice,48,4.0,0,0,2,0,1,0,0,0,0,0,0,0,0,2,0,2,2,1,1,1,2,2,2,2,2,0,0,1,6,0
AHP2b_ScGL6Ft1t7HvFdjQ,"Restaurants, Chicken Shop",43.7923973231,-79.2497168843,Chicken Kitchen,3,3.5,0,0,0,0,0,0,0,0,0,0,0,0,0,0,0,2,0,0,0,0,0,0,0,0,0,0,0,0,0,0
AMug9zQbMrdw7aM1EaMDsw,"Nightlife, American (Traditional), Sandwiches, Restaurants, Burgers, Bars",43.6457737,-79.5602123,State & Main Kitchen & Bar,26,4.0,0,0,2,0,2,0,0,0,1,0,0,1,1,1,2,2,2,2,3,1,2,2,2,2,2,1,0,3,3,0
AiT1PinZFjkyDCE2Qjihxg,"General Dentistry, Cosmetic Dentists, Health & Medical, Oral Surgeons, Dentists",43.7107957,-79.3776304,Your Neighbourhood Dentist,6,5.0,0,0,0,0,0,0,2,0,0,0,0,0,0,0,0,0,0,0,0,0,0,0,0,0,0,0,0,0,0,0
B3p3SOzdRZ88yT96oJ72uA,"Wine Bars, Cafes, Beer, Wine & Spirits, Restaurants, Bars, Nightlife, Food, Coffee & Tea, Whiskey Bars",43.6385245966,-79.3825308698,Boxcar Social,80,3.5,0,0,1,0,2,0,0,1,1,0,0,0,1,0,1,1,2,2,3,0,2,2,1,0,2,1,2,3,5,0
C-w-YpEoMnVdUJuapFj62A,"Hotels & Travel, Travel Services, Tours",43.654531,-79.4134743,Eldertreks,3,4.5,0,0,0,0,0,0,0,0,0,0,0,0,0,0,0,0,0,0,0,0,0,0,0,0,0,0,0,0,0,0
CRzxHi9gtFiIW-8TG-DJkg,"Health & Medical, Acupuncture",43.6657924,-79.3505874,Chens Acupuncture & Herbs,6,5.0,2,0,0,0,0,0,2,0,0,0,0,0,0,0,0,0,0,0,0,0,0,0,0,0,0,0,0,0,0,0
Ehe-YHxh6JYkmQZ18dJ2Tg,"Cosmetic Dentists, Oral Surgeons, General Dentistry, Health & Medical, Dentists",43.697732,-79.3961493,Belman Dental Centre,3,4.5,0,0,0,0,0,0,1,0,0,0,0,0,0,0,0,0,0,0,0,0,0,0,0,0,0,0,0,0,0,0
F6zQ6KY_2fuaA6j_J01wBw,"Physical Therapy, Health & Medical, Chiropractors, Massage Therapy",43.6791675,-79.3445989,Don Valley Health & Wellness,3,3.5,2,0,0,0,0,0,2,0,0,0,0,0,0,0,0,0,0,0,0,0,0,0,0,0,0,0,0,0,0,0
FxTD1mS3Kd9r0X8rwFrcXQ,"Parking, Automotive",43.6411568,-79.3913999945,Impark,5,2.5,0,0,0,0,0,0,0,0,0,0,0,0,0,0,0,0,0,0,0,0,0,0,0,0,0,0,0,0,1,0
Gg9AdtMe6JOWgVK0TNrf1Q,"Vietnamese, Restaurants",43.6875648,-79.3955615,The Sprout,36,4.0,0,0,0,0,2,0,0,2,0,0,0,0,0,2,0,1,1,1,1,1,1,1,2,0,2,0,0,1,3,0
GzF4lVSh61sayvwVMp8RmA,"Swiss Food, Comfort Food, American (Traditional), Restaurants, Canadian (New)",43.7405972219,-79.2327468167,Swiss Chalet Rotisserie & Grill,9,2.5,0,0,1,0,0,0,0,0,0,0,0,0,0,2,0,2,2,1,0,2,2,2,2,2,2,0,0,0,1,0
H8pLjdv0ZLYv749GtY1p9g,"Education, Specialty Schools, Cooking Schools, Do-It-Yourself Food, Food",43.6671871,-79.4123104,Nella Cucina,9,3.0,0,0,0,0,0,0,0,0,0,0,0,0,0,0,0,0,0,0,0,0,0,0,0,0,0,0,0,0,3,0
HlCKyn9QVyYIZSSphEL1-w,"Heating & Air Conditioning/HVAC, Contractors, Water Heater Installation/Repair, Plumbing, Home Services",43.7067644,-79.3892776,Shanks A & G Plumbing & Heating,3,2.0,0,0,0,0,0,0,0,0,0,0,0,0,0,0,0,0,0,0,0,0,0,0,0,0,0,0,0,0,0,0
HoCoiU3e2zY0t_uXh5PbSQ,"Restaurants, Tapas Bars",43.6534472,-79.3622408,Reyna on King,13,3.5,0,0,0,0,0,0,0,0,0,0,0,0,0,0,0,0,0,2,0,0,0,0,0,0,0,0,0,0,1,0
JN9tY0KlwQfb4kRmiiiD-g,"Recreation Centers, Active Life, Leisure Centers",43.7099371285,-79.3134413161,TKTO - Toronto Knife Throwing,10,4.5,0,0,0,0,1,0,0,0,0,0,0,0,0,2,0,0,0,0,0,0,0,0,0,0,0,0,0,0,1,0
KOHWyOlR275c2GMGD4NPMA,"Automotive, Car Wash, Auto Detailing",43.7178034263,-79.2572051745,Krown Rust Control,3,4.5,0,0,0,0,0,0,0,0,0,0,0,0,0,0,0,0,0,0,0,0,0,0,0,0,0,0,0,0,1,0
KUlm5OuKYJ6nGj0EUwcY9w,"Restaurants, Ethiopian, Caterers, Event Planning & Services",43.6620391,-79.4248298,Lalibela Ethiopian Restaurant,136,3.5,0,0,2,0,2,0,0,1,0,0,0,0,0,2,0,2,2,1,3,1,2,2,2,0,2,0,0,3,9,0
KWfLQddMBZNoh1bVcgASfA,"Restaurants, Pakistani, Halal, Indian",43.7379956,-79.5662524,Karahi Point,72,4.0,0,0,0,0,1,0,0,2,0,0,0,0,0,2,0,2,2,1,1,2,2,2,2,2,2,0,2,1,9,0
LnnYY4EmHGl_r1dQiqy5rw,"Mediterranean, Falafel, Middle Eastern, Halal, Restaurants, Diners",43.6923149,-79.4409185,Pita Ikram,13,3.5,0,0,0,0,1,0,0,2,0,0,0,0,0,2,0,1,4,1,1,2,1,2,1,0,2,0,0,1,0,0
MYthzr2pBdxH2Jg6oxa9bg,"Accessories, Fashion, Shoe Stores, Women's Clothing, Shopping, Men's Clothing",43.6495443387,-79.3919268988,American Eagle Outfitters,3,3.0,0,0,0,0,0,0,0,0,0,0,0,0,0,0,0,0,0,0,0,0,0,0,0,0,0,0,0,0,0,0
Nx7Uony02V4E2lUIv6l8Ig,"Discount Store, Shopping",43.6820484,-79.4182634,Dollarama,7,3.5,0,0,0,0,0,0,0,0,0,0,0,0,0,0,0,0,0,0,0,0,0,1,0,0,0,0,0,0,1,0
PNiH-BJRo2STl6bd5o_AvA,"Cinema, Arts & Entertainment",43.6695816,-79.3885728,Cineplex Cinemas Varsity and VIP,98,3.0,0,0,0,0,0,0,0,0,0,0,1,0,0,2,0,0,0,0,0,0,0,0,0,0,0,0,0,0,34,0
PZX-V5XS4AVnXD6VWRYrxg,"Performing Arts, Arts & Entertainment, Cinema",43.6455699,-79.4027373,Factory Theatre,9,4.0,0,0,0,0,0,0,0,0,0,0,0,0,0,1,0,0,0,0,0,0,0,0,0,0,0,0,0,0,4,0
PbgnrBjdfagG8i_3JjlPzw,"Laundry Services, Local Services, Dry Cleaning & Laundry",43.6491671,-79.3854919,Platis Custom Cleaner,4,2.0,0,0,0,0,2,0,0,0,0,0,0,0,0,0,0,0,0,0,1,0,0,2,0,0,0,0,0,1,4,0
PluE17omC-VtH-Qc8h1GTw,"Specialty Schools, Cosmetics & Beauty Supply, Hair Removal, Education, Beauty & Spas, Cosmetology Schools, Shopping, Skin Care, Medical Spas, Laser Hair Removal, Health & Medical",43.6703961,-79.3915944,Avenue Skin Care,4,4.0,0,0,0,0,2,0,1,0,0,0,0,0,0,0,0,0,0,0,0,0,0,3,0,0,0,0,0,0,0,0
SK7QSFVvDx8kyRyJdYQHNA,"Pet Groomers, Pet Services, Veterinarians, Pets",43.67502,-79.4314136,Alberta Veterinary Services,8,3.5,0,0,0,0,0,0,0,0,0,0,0,0,0,0,0,0,0,0,0,0,0,0,0,0,0,0,0,0,0,0
Sflaxtv6SR0lgbL7-pIGPQ,"Pets, Pet Sitting, Pet Groomers, Pet Services, Pet Stores",43.6276051,-79.496005,Barkyard,4,3.0,0,0,0,0,0,0,0,0,0,0,0,0,0,0,0,0,0,0,0,0,0,0,0,0,0,0,0,0,0,0
T5xUtdfinYuFW_ieeABZTQ,"Lighting Fixtures & Equipment, Shopping, Furniture Stores, Home & Garden, Home Services, Home Decor, Rugs",43.7106333,-79.3610699,Urban Barn,3,2.5,0,0,0,0,2,0,0,0,0,0,0,0,0,0,0,0,0,0,0,0,0,2,0,0,0,0,0,0,0,0
V0ZBqwBGsYuihpUbju_IQg,"Shopping, Home & Garden, Nurseries & Gardening",43.6757908,-79.4021044,Davenport Garden Centre,7,3.0,0,0,0,0,0,0,0,0,0,0,0,0,0,0,0,0,0,0,0,0,0,3,0,0,0,0,0,0,0,0
VMNlVrThEh5ssq4aiWPqQA,"Men's Clothing, Fashion, Shoe Stores, Sporting Goods, Shopping",43.6470844,-79.3961095,Adrift,4,3.0,0,0,0,0,2,0,0,0,0,0,0,0,0,0,0,0,0,0,0,0,0,2,0,0,0,0,0,0,0,0
WtIUCp3tS42wsYQ55lketg,"Real Estate, Apartments, Home Services",43.671023,-79.3737398,700-730 Ontario Street Apartments Limited,3,3.5,0,0,0,0,0,0,0,0,0,0,0,0,0,0,0,0,0,0,0,0,0,0,0,0,0,0,0,0,0,0
YlVgpTsLGrzZNJ039psmIA,"Thai, Restaurants",43.6481325,-79.3846555,Thai Express,13,3.0,0,0,0,0,0,0,0,0,0,0,0,0,0,2,0,2,0,1,0,1,2,2,1,0,2,0,0,0,1,0
_ZyoqBf0ticPgmyDa4Ic3g,"Health & Medical, Chiropractors, Acupuncture, Nutritionists",43.679629,-79.3403665,Fusion Chiropractic & Integrative Health,6,5.0,0,0,0,0,0,0,2,0,0,0,0,0,0,0,0,0,0,0,0,0,0,0,0,0,0,0,0,0,1,0
_p9fV7RVytYuErEaGFbQNA,"Shopping, Cosmetics & Beauty Supply, Beauty & Spas, Nail Salons, Day Spas",43.6836448,-79.3924361,123 Nails And Spa,5,2.0,0,0,0,0,0,0,1,0,0,0,0,0,0,0,0,0,0,0,0,0,0,1,0,0,0,0,0,0,0,0
_v3WsjEworH53RcWzWKEEw,"Food, Italian, Coffee & Tea, Restaurants",43.649362,-79.379528,Mio RistoBar,20,3.0,0,0,2,0,1,2,0,2,0,0,0,0,0,1,0,2,2,1,0,2,1,2,2,0,2,0,0,0,3,0
b9Ctxco-1HyjE55W_28MYA,"Coffee & Tea, Food",43.713383,-79.4000863,Himalayan Coffee House,130,4.5,0,0,0,0,2,2,1,1,0,0,0,0,0,0,0,0,0,1,1,1,0,1,0,0,2,0,0,1,23,1
coRAnWyBF9JliXFo3INm9A,"Poke, Restaurants, Fast Food, Food, Hawaiian",43.6635294,-79.3841667,Pokéwave,8,4.5,0,0,0,0,0,0,0,0,0,0,0,0,0,0,0,0,0,0,0,0,0,0,0,0,0,0,0,0,1,0
e4zmNTcdXYvAHjee--G9QA,"Fashion, Shopping, Fabric Stores, Arts & Crafts, Home & Garden, Kitchen & Bath, Home Decor",43.7194875,-79.4700355,Nusso Textiles,3,4.5,0,0,0,0,0,0,0,0,0,0,0,0,0,0,0,0,0,0,0,0,0,1,0,0,0,0,0,0,0,0
eK7sclNGahpES-gbL4C57A,"Electronics, Shopping",43.6175483,-79.5583511,A-1 Electronic Parts,4,2.0,0,0,0,0,0,0,0,0,0,0,0,0,0,0,0,0,0,0,0,0,0,1,0,0,0,0,0,0,0,0
h-HapMH1z_H3FQS1w5Nqgg,"Trainers, Gyms, Active Life, Sports Clubs, Fitness & Instruction",43.6687473372,-79.3882992147,GoodLife Fitness,24,2.5,0,0,0,0,2,0,1,0,0,0,0,0,0,1,0,0,0,0,0,0,0,0,0,0,0,0,0,0,10,0
h0TKP2PK0QaAqvqdILU1Vg,"Nightlife, Cocktail Bars, Food, Pubs, Bars",43.6574194,-79.4480177,The Gaslight,23,4.5,0,0,2,0,2,0,0,0,0,0,0,0,1,0,0,1,2,2,0,0,2,2,2,0,0,0,1,0,1,0
iBOwTdLHNsiZitdq_3nsVA,"Active Life, Fitness & Instruction, Dance Studios, Tai Chi",43.6850809,-79.3149901,RAH Centre,3,2.5,0,0,0,0,0,0,0,0,0,0,0,0,0,1,0,0,0,0,0,0,0,0,0,0,0,0,0,0,0,0
ihemEI39PzOzZX7NhjXF3g,"Women's Clothing, Fashion, Shopping, Accessories",43.6497243,-79.3926914,Aritzia,17,3.5,0,0,0,0,2,0,0,0,0,0,0,0,0,0,0,0,0,0,0,0,0,3,0,0,0,0,0,0,3,0
kQvwrJdXtJV8ePbZUrTcvA,"Women's Clothing, Fashion, Shopping, Clothing Rental",43.656086,-79.4460396,The Fitzroy - Dress Rental Magic,6,4.5,0,0,0,0,2,0,1,0,0,0,2,0,0,0,0,0,0,0,0,0,0,3,0,0,0,0,1,0,0,0
kdZNk8DXdTmU_zDcBEzkkg,"Transportation, Hotels & Travel",43.6410713937,-79.3767769262,Jack Layton Ferry Terminal,11,3.5,0,0,0,0,0,0,0,0,0,0,0,0,0,0,0,0,0,0,0,0,0,0,0,0,0,0,0,0,6,0
lLujm0yuar140PoNMDqStA,"Dry Cleaning, Laundry Services, Dry Cleaning & Laundry, Local Services",43.7176325,-79.4008505,Alexandra Dry Cleaners,3,3.5,0,0,0,0,0,0,0,0,0,0,0,0,0,0,0,0,0,0,0,0,0,0,0,0,0,0,0,0,0,0
m0V7G95ciymTAGPKYxHBlg,"Estate Planning Law, Notaries, Lawyers, Business Law, General Litigation, Local Services, Contract Law, Professional Services, Immigration Law",43.6715083471,-79.4212596417,House Call Notary Public,14,4.5,0,0,0,0,0,0,0,0,0,0,0,0,0,0,0,0,0,0,0,0,0,0,0,0,0,0,0,0,1,0
m3U4Pey_Yr0jgJb8MHfy5g,"Italian, Caribbean, Restaurants",43.6542328627,-79.4004420357,Rasta Pasta,311,4.0,0,0,0,0,2,0,0,2,0,0,0,0,0,2,0,2,2,1,1,1,1,1,1,1,2,0,0,1,37,0
nYm1RyJVbQOYHWhePzmmdw,"Food Stands, Restaurants",43.6323508,-79.4212796,Pull'd,4,3.0,0,0,0,0,0,0,0,0,0,0,0,0,0,0,0,0,0,0,0,0,0,0,0,0,0,0,0,0,0,0
oGTQllO71zXb2XCMjJHlOA,"Chinese, Restaurants",43.7748786,-79.4132928,Bao,6,1.5,0,0,0,0,0,0,0,0,0,0,0,0,0,0,0,0,0,0,0,0,0,0,0,0,0,0,0,0,0,0
pDKITbL0no7HPHFodv9jTQ,"Food, Coffee & Tea, Coffee Roasteries, Cafes, Restaurants, Breakfast & Brunch",43.6559726,-79.4873427,Golden Gecko Coffee,15,5.0,0,0,0,0,2,0,0,2,0,0,1,0,0,2,0,0,0,2,3,0,0,1,0,0,2,0,1,3,5,0
pwTp7PTFqMFNTDFGhnLfzA,"Health & Medical, Performing Arts, Hypnosis/Hypnotherapy, Arts & Entertainment",43.7597242,-79.2079931,Dave Curran Live: A Toronto Hypnotist,3,2.5,0,0,0,0,0,0,0,0,0,0,0,0,0,1,0,0,0,0,0,0,0,0,0,0,0,0,0,0,0,0
qAbBXmszDBJ4iZ8jdqeamQ,"Cafes, Restaurants",43.642386,-79.383637,Aroma Espresso Bar,26,3.5,0,0,0,0,0,0,0,2,0,0,0,0,0,2,0,2,0,1,3,1,2,2,1,0,2,0,0,3,1,0
qQFxxkSOUZFT9JwLoJ1a6w,"Accessories, Shopping, Watches, Fashion, Jewelry",43.6688153819,-79.3923881755,Cartier,7,3.0,0,0,0,0,2,0,1,0,0,0,0,0,0,0,0,0,0,0,0,0,0,4,0,0,0,0,0,0,1,0
qWMqdlnZizUbAyBqxCZs_w,"Dry Cleaning & Laundry, Laundry Services, Local Services",43.6531574,-79.3686431,Platis Custom Cleaners,6,1.5,0,0,0,0,1,0,0,0,0,0,0,0,0,0,0,0,0,0,0,0,0,3,0,0,0,0,0,0,0,0
tWdp26XQEJqJGnRmFVJQxA,"Pizza, Italian, Restaurants",43.6522238966,-79.3663072586,Mangia & Bevi,211,4.0,0,0,2,0,2,0,0,2,0,0,0,0,0,2,2,2,2,2,3,2,2,2,2,0,2,0,0,3,21,0
v0a2G9zBDM3hVprzSy39Kw,"Restaurants, Korean",43.663956,-79.41755,Owl of Minerva,103,3.5,0,0,1,0,2,0,0,1,0,0,0,0,0,2,0,2,2,1,1,1,2,2,1,0,2,0,1,1,16,1
vXnvO2iLez1sDYMvuKVCjA,"Hair Removal, Eyelash Service, Waxing, Threading Services, Skin Care, Beauty & Spas",43.6633178,-79.384034,Herbal Beauty Threading & Waxing Point,22,3.5,0,0,0,0,2,0,1,0,0,0,0,0,0,0,0,0,0,0,0,0,0,1,0,0,0,0,2,0,2,0
wfiKgzubn1cnVUBODsoJ_w,"Bakeries, Restaurants, Cafes, Coffee & Tea, Food",43.6593885,-79.3300086,Tim Hortons,9,2.5,0,0,0,0,2,0,0,2,0,0,0,0,0,2,0,1,2,2,3,1,2,1,1,0,2,0,0,3,11,0
yuFdJdrnfMp3cfXVwTXjjA,"Japanese, Restaurants",43.6796129,-79.3413385,Nakayoshi Izakaya,63,4.0,0,0,1,0,2,2,0,2,0,0,0,0,0,2,0,2,1,1,3,2,2,2,2,0,2,0,0,3,8,0
z5sDlnA9IE0T8O6TntwaQw,"Shopping, Musical Instruments & Teachers",43.6631421,-79.4030964,Ring Music,4,3.0,0,0,0,0,2,0,0,0,0,0,0,0,0,0,0,0,0,0,0,0,0,3,0,0,0,0,0,0,0,0
