business_id,categories,latitude,longitude,name,review_count,stars,AcceptsInsurance,AgesAllowed,Alcohol,BYOB,BikeParking,BusinessAcceptsCreditCards,ByAppointmentOnly,Caters,CoatCheck,Corkage,DogsAllowed,DriveThru,GoodForDancing,GoodForKids,HappyHour,HasTV,NoiseLevel,OutdoorSeating,RestaurantsAttire,RestaurantsDelivery,RestaurantsGoodForGroups,RestaurantsPriceRange2,RestaurantsReservations,RestaurantsTableService,RestaurantsTakeOut,Smoking,WheelchairAccessible,WiFi,tips_counter_bz,total_compliments_bz
1lkX72n61i4eJInmnkgVdw,"Roofing, Local Services, Nightlife, Gluten-Free, Pool Halls, Plumbing, Restaurants, Pizza, Home Services, Wildlife Control, Pest Control, Filipino",43.7123369,-79.3961331,AAA Affordable Wildlife Control,3,2.5,0,0,0,0,0,0,0,0,0,0,0,0,0,0,0,0,0,0,0,0,0,0,1,0,0,0,0,0,0,0
5-KisjcYyWN6Fwcp-wDYmw,"Food, Burgers, Restaurants, Vegetarian, Fast Food",43.6557636173,-79.3811774254,Urban Eatery at the Eaton Centre,67,3.5,0,0,0,0,2,0,0,1,0,0,0,0,0,2,0,2,3,1,3,1,2,2,1,0,2,0,0,3,17,0
67JguaxQS_1P14wUfVQXuA,"Eyewear & Opticians, Health & Medical, Shopping, Optometrists",43.6650848446,-79.4118551175,Glass Monocle Eyecare,17,5.0,0,0,0,0,2,0,0,0,0,0,2,0,0,0,0,0,0,0,0,0,0,2,0,0,0,0,2,0,2,0
6b0Cy4MPzyKMo6cAhYHY9Q,"Turkish, Pizza, Mediterranean, Restaurants",43.7315402,-79.4592091,Chito's Pizza,23,4.0,0,0,0,0,1,0,0,2,0,0,1,0,0,2,0,2,1,1,3,2,1,2,1,1,2,0,1,3,3,0
8GkANT5w7QF082uGBnzafQ,"Seafood, Chinese, Barbeque, Restaurants",43.7579179,-79.4104695,Wood House BBQ,43,4.0,0,0,1,0,2,0,0,2,0,0,0,0,0,2,0,2,2,1,3,2,2,2,2,0,2,0,0,3,3,0
8XoPdtFR6snb3HY5mmg0Xw,"Skin Care, Day Spas, Hair Salons, Hair Loss Centers, Beauty & Spas",43.7778643,-79.4231133,Bahar salon & spa,4,2.0,0,0,0,0,0,0,0,0,0,0,0,0,0,0,0,0,0,0,0,0,0,0,0,0,0,0,0,0,0,0
9lWKNrn5z3ozjMC5uPlwiA,"Hotels & Travel, Event Planning & Services, Hotels",43.6603576,-79.3754619,Econo Lodge Inn & Suites Downtown,11,2.5,0,0,0,0,0,0,0,0,0,0,0,0,0,0,0,0,0,0,3,0,0,1,0,0,0,0,0,3,1,0
9rdkkaK68TpTt0TQC5w7Qw,"Cafes, Restaurants, Food, Coffee & Tea",43.6648685224,-79.4557559609,Wallace Espresso,8,4.0,0,0,0,0,2,0,0,0,0,0,0,0,0,2,0,2,0,2,1,1,1,1,1,1,2,0,2,1,1,0
9xTbIb1nEG_OFv_sLWSE9g,"Gelato, Coffee & Tea, Food",43.6433656,-79.3921167,Cannabis & Coffee,6,4.0,0,0,0,0,2,0,0,1,0,0,2,0,0,0,1,0,0,2,3,0,0,0,0,0,2,0,2,3,1,0
DOA80P-NnbmNouoH9urPkQ,"Shopping, Drugstores",43.6665127315,-79.4051636877,Shoppers Drug Mart,15,2.5,0,0,0,0,2,0,0,0,0,0,0,0,0,0,0,0,0,0,0,0,0,2,0,0,0,0,0,0,4,0
DVI0fqLqz4yqLs1Ly1NfJA,"Shopping, Eyewear & Opticians, Health & Medical, Optometrists",43.6540041,-79.3714324,Fabulous Frames,8,4.5,0,0,0,0,2,0,1,0,0,0,2,0,0,0,0,0,0,0,0,0,0,2,0,0,0,0,1,0,0,0
EL-iUP2pr6aJE2ZRVyNwyA,"Coffee & Tea, Cafes, Bakeries, Food, Breakfast & Brunch, Restaurants",43.6814735,-79.4260975,Baker and Scone,76,4.0,0,0,0,0,2,0,0,2,0,0,0,0,0,2,0,2,2,1,1,2,1,1,1,1,2,0,0,1,10,0
G7D-Zu9f-kQSF3ZQedUwVQ,"General Dentistry, Health & Medical, Dentists",43.6679227,-79.3090049,"Bitaraf Narges Nasrin, DDS - Dentistry In the 6ix",4,2.0,2,0,0,0,0,0,2,0,0,0,0,0,0,0,0,0,0,0,1,0,0,0,0,0,0,0,0,1,0,0
GB_rz1slD1eGjsfn5D9AIg,"Banks & Credit Unions, Financial Services",43.6694939,-79.3898024,TD Canada Trust Bank,9,3.0,0,0,0,0,0,0,0,0,0,0,0,0,0,0,0,0,0,0,0,0,0,0,0,0,0,0,0,0,1,0
GpaZ8XqpAbbe5iY0Yz_0XA,"Food, Bakeries",43.7281293,-79.4182767,La Bamboche,34,4.0,0,0,0,0,2,0,0,0,0,0,0,0,0,0,0,0,0,0,0,2,0,3,0,0,2,0,0,0,5,1
JEajKX5uHhyZNjnL96UHzA,"Juice Bars & Smoothies, Donuts, Coffee & Tea, Food",43.6411994,-79.4344013,Coffee Time,3,2.5,0,0,0,0,0,0,0,0,0,0,0,0,0,0,0,0,0,0,0,0,0,0,0,0,0,0,0,0,0,0
JbwTQSiDS8RdVdt7YFOIvg,"Chinese, Asian Fusion, Restaurants",43.7704256635,-79.4129859,Long Time No See,3,4.0,0,0,0,0,0,0,0,0,0,0,0,0,0,0,0,0,0,0,0,0,0,0,0,0,0,0,0,0,0,0
KkSLvNRkf1LfK4Dta2sctQ,"Moroccan, Restaurants",43.6752124,-79.4002073,Marjane Cafe,3,3.5,0,0,0,0,0,0,0,0,0,0,0,0,0,0,0,0,0,0,0,0,0,0,0,0,0,0,0,0,0,0
KwwbRKtKO8BLQn5nPSpkZw,"Bakeries, Coffee & Tea, Food, Donuts",43.6469804739,-79.37725127,Tim Horton's,32,3.5,0,0,0,0,2,0,0,0,0,0,0,0,0,0,0,0,0,1,3,1,0,1,0,0,2,0,2,3,5,0
L7EWjxpoyRYAbQABWnCGbw,"Chinese, Thai, Restaurants",43.6402389,-79.4384537,Thai Chef Panda,4,3.0,0,0,0,0,0,0,0,0,0,0,0,0,0,0,0,0,0,0,0,2,0,2,0,0,2,0,0,0,1,0
LPsbCMNL1GDQ4dRek8e8dA,"Fast Food, Restaurants, Burgers",43.7625088,-79.4105316,A&W,6,4.0,0,0,0,0,0,0,0,0,0,0,0,0,0,0,0,0,0,0,0,1,0,0,1,0,1,0,0,0,1,0
MUjlAtBNJR--7ai5pITbMg,"Coffee & Tea, Food, Restaurants, Italian",43.6674817706,-79.4006463811,Bar Mercurio,48,3.0,0,0,2,0,2,0,0,2,0,0,0,0,0,1,0,2,2,2,1,1,2,3,2,0,2,0,0,1,6,0
OHp5N9xCUFo92EylNvx6dA,"Massage, Beauty & Spas",43.671159,-79.384979,The Great American Backrub,13,2.5,0,0,0,0,2,0,1,0,0,0,0,0,0,0,0,0,0,0,0,0,0,2,0,0,0,0,0,0,0,0
O_V_W_LqMQn-NZ5HV83ueQ,"Food, Food Delivery Services, Vegan, Restaurants, Vegetarian, Event Planning & Services, Caterers",43.6943266,-79.4930614,Upbeet Foods,3,4.5,0,0,0,0,0,0,0,2,0,0,0,0,0,0,0,0,0,0,1,2,0,0,0,0,1,0,0,1,0,0
PKcWuwMYnla-eUdqVWQTsQ,"Restaurants, Pizza",43.6616348,-79.4295012,Village Pizza,49,4.0,0,0,1,0,2,0,0,0,0,0,0,0,0,2,0,2,1,1,3,2,2,2,1,1,2,0,0,3,9,0
R3iom4lNTG-9A6qczf6V8w,"Pubs, Nightlife, Bars, Coffee & Tea, Food",43.6478263,-79.3997504,Java House,179,3.5,0,0,2,0,2,0,1,1,1,0,1,0,1,2,1,1,2,2,1,0,2,1,1,0,2,2,0,1,57,0
RA00GtlU25TkIP9i9wd8bg,"Aquariums, Active Life",43.6424036,-79.3859716,Ripley's Aquarium of Canada,584,4.0,0,0,0,0,2,0,1,0,0,0,1,0,0,2,0,0,0,0,0,0,0,0,0,0,0,0,0,0,68,0
SQ-8xz0Kx0loqnlnoeWvNA,"Home & Garden, Hardware Stores, Contractors, Shopping, Home Services",43.6844569,-79.3186921,Moncada Windows Doors & Siding,3,2.5,0,0,0,0,0,0,0,0,0,0,0,0,0,0,0,0,0,0,0,0,0,3,0,0,0,0,0,0,0,0
UHpG5J3IzNFhdCAOvdhXfA,"Specialty Food, Food, Bakeries",43.7469834321,-79.4360259175,Richmond Kosher Bakery,7,3.5,0,0,0,0,0,0,0,0,0,0,0,0,0,0,0,0,0,0,0,2,0,2,0,0,0,0,0,0,0,0
Vgr6QpGo_513AfzR0N3_7A,"Auto Repair, Automotive, Body Shops",43.6543798,-79.3682345,Fix Auto Toronto Centre,5,4.5,0,0,0,0,0,0,0,0,0,0,0,0,0,0,0,0,0,0,0,0,0,0,0,0,0,0,0,0,0,0
W3fwmcAchjZZQUqMxv6feQ,"Food, Specialty Food, Event Planning & Services, Caterers, Grocery",43.768606853,-79.384406805,Pusateri's Fine Foods,45,3.0,0,0,0,0,1,0,0,0,0,0,0,0,0,0,0,0,0,0,0,0,0,3,0,0,2,0,2,0,13,0
WKEgWIIaiCUaPePdgtKUtg,"Fashion, Department Stores, Shopping",43.7231160048,-79.3010143855,Hudson's Bay,4,2.0,0,0,0,0,0,0,0,0,0,0,0,0,0,0,0,0,0,0,0,0,0,0,0,0,0,0,0,0,1,0
X-l-yyfhX9-_wWKAXiU3zA,"Appliances & Repair, Local Services",43.6733264,-79.4140809,Same Day Appliance Service,3,1.0,0,0,0,0,0,0,0,0,0,0,0,0,0,0,0,0,0,0,0,0,0,0,0,0,0,0,0,0,0,0
XK2qqtVpUNT0u-aB-1x-qw,"Home Services, Home Cleaning",43.6482314,-79.3833359,HurraHome,4,4.0,0,0,0,0,0,0,2,0,0,0,0,0,0,0,0,0,0,0,0,0,0,0,0,0,0,0,0,0,0,0
aFYGaprcxxK6Lol1OgIdlQ,"Sandwiches, Restaurants, Salad, Fast Food, Health Markets, Juice Bars & Smoothies, Breakfast & Brunch, Vegetarian, Specialty Food, Food",43.664575,-79.3876465,Freshii,4,3.0,0,0,0,0,0,0,0,0,0,0,0,0,0,0,0,2,0,0,0,1,0,0,1,0,2,0,0,0,0,0
blxcciomidl5td-QTSsg5Q,"Greek, Mediterranean, Restaurants",43.6795087,-79.3452468,Souv Like,51,4.5,0,0,0,0,2,0,0,0,0,0,0,0,0,2,2,2,2,2,1,2,1,1,1,1,2,0,1,1,11,0
d5MgHjbrt2Pmx5kZ0NGIUg,"Restaurants, Hong Kong Style Cafe, Chinese",43.8252818685,-79.2769886926,Harmony House Restaurant,5,3.0,0,0,0,0,0,0,0,0,0,0,0,0,0,0,0,2,0,0,0,0,0,0,0,0,0,0,0,0,3,0
dUu-XNUD5VOyTLQcdBtIzg,"Venues & Event Spaces, Event Planning & Services",43.644418,-79.385629,Metro Toronto Convention Centre,54,3.5,0,0,0,0,0,0,0,0,0,0,0,0,0,0,0,0,0,0,0,0,0,0,0,0,0,0,0,0,20,0
dhJwB6jiVEI64K4EDX1x9w,"Food, Health Markets, Specialty Food, Herbs & Spices",43.7134819031,-79.3652191162,Gaia Natural Foods,7,4.5,0,0,0,0,2,0,0,0,0,0,0,0,0,0,0,0,0,0,0,0,0,2,0,0,0,0,0,0,0,0
fNRr4znzjofFdtAfoBk0hw,"Sporting Goods, Fashion, Sports Wear, Dance Wear, Event Planning & Services, Shopping, Party Supplies, Arts & Crafts, Costumes",43.6508142,-79.3902284,Malabar,26,4.0,0,0,0,0,2,0,0,0,0,0,0,0,0,0,0,0,0,0,0,0,0,3,0,0,0,0,0,0,3,1
j5rDUL-pOgFJvWVMabvCIA,"Desserts, Bakeries, Cafes, Restaurants, Food, Japanese",43.6559827,-79.3926865,Hattendo,53,3.5,0,0,0,0,0,0,0,0,0,0,1,0,0,0,0,0,1,0,1,0,0,1,0,0,2,0,0,1,1,0
kc6o93h3pvfAUQZT-pFGsw,"Sandwiches, Restaurants",43.7625088,-79.4105316,Extreme Pita,4,3.0,0,0,0,0,2,0,0,2,0,0,0,0,0,2,0,2,3,1,0,0,2,2,1,0,2,0,0,0,0,0
lBtAWlKI9Kd5gmaZnK0k-A,"Pet Stores, Pets, Pet Services, Veterinarians, Pet Sitting",43.6569042,-79.4872343,Jane Animal Hospital,15,4.0,0,0,0,0,0,0,0,0,0,0,0,0,0,0,0,0,0,0,0,0,0,0,0,0,0,0,0,0,0,0
lDpVyjENOz_qbxbRoyBi8w,"Restaurants, Sandwiches",43.6771222328,-79.3892097143,Black Camel,335,4.5,0,0,0,0,2,0,0,1,0,0,0,0,0,2,1,2,2,2,1,1,1,1,1,1,2,0,0,1,56,0
le1qCRgM-wtKvfeKClbnHQ,"Japanese, Sushi Bars, Restaurants",43.666389,-79.4057619,Tokyo Sushi,10,3.0,0,0,2,0,0,0,0,0,0,0,0,0,0,2,0,0,1,1,0,0,2,2,2,0,2,0,0,0,0,0
mGIwa68SGYk7GSnPQGGb_g,"Coffee & Tea, Restaurants, Cafes, Food",43.6844351327,-79.2974385247,Prologue Cafe,8,5.0,0,0,0,0,2,0,0,1,0,0,0,0,0,0,1,1,0,1,3,1,0,0,1,1,2,0,1,3,1,0
qWWVizgVxBaXXbE8Y-7-qA,"Pizza, Restaurants",43.7076725,-79.3981607,Pizza Pizza,19,2.0,0,0,0,0,2,0,0,1,0,0,0,0,0,2,0,2,4,1,0,2,2,2,1,0,2,0,0,0,2,0
rCNRO2P6yFCNeaH6GsCjQw,"Venues & Event Spaces, Event Planning & Services",43.7800069252,-79.1854016685,The Miller Lash House,5,3.0,0,0,0,0,0,0,0,0,0,0,0,0,0,0,0,0,0,0,0,0,0,0,0,0,0,0,0,0,0,0
sPGbBt01zybTxV2FRdRaDQ,"Restaurants, Chinese",43.6556277435,-79.3987780563,Sichuan Garden Restaurant,63,3.5,0,0,1,0,2,0,0,0,0,0,0,0,0,2,0,2,2,1,1,2,2,2,2,2,2,0,0,1,6,0
shoSMZu0vDoiBfTn1MmlxQ,"Health & Medical, Optometrists, Eyewear & Opticians, Shopping",43.6201893,-79.5277629,Hakim Optical,7,2.5,0,0,0,0,0,0,0,0,0,0,0,0,0,0,0,0,0,0,0,0,0,1,0,0,0,0,0,0,1,0
tGoYMqmOUhZsQpdNnbllQQ,"Sandwiches, Restaurants",43.6507016,-79.3783046,Quiznos,4,3.0,0,0,0,0,2,0,0,2,0,0,0,0,0,2,0,2,0,1,1,2,2,1,1,0,2,0,0,1,1,0
wqHpFkcZmOD8A9eNVRFLNg,"American (Traditional), Food, Restaurants, Bars, Nightlife",43.6531768,-79.4003352,The Last Temptation,60,3.0,0,0,2,0,2,0,0,0,0,0,0,0,0,2,0,2,3,2,0,0,2,1,1,0,0,0,0,0,10,0
y9wfJ6J27TzZlDSh1RvYGg,"Beauty & Spas, Nail Salons",43.6398819,-79.3789635,Fancy Nails Spa,4,1.0,0,0,0,0,0,0,0,0,0,0,0,0,0,0,0,0,0,0,0,0,0,0,0,0,0,0,0,0,0,0
ywPaE5Ai8SK8TeUoeMgJ6Q,"Speakeasies, Gastropubs, Nightlife, Restaurants, Bars",43.6498702848,-79.3793278042,SpeakEasy 21,63,2.5,0,0,2,0,2,0,0,0,1,0,0,0,1,1,2,2,3,2,1,1,2,3,2,2,1,2,0,1,9,0
