business_id,categories,latitude,longitude,name,review_count,stars,AcceptsInsurance,AgesAllowed,Alcohol,BYOB,BikeParking,BusinessAcceptsCreditCards,ByAppointmentOnly,Caters,CoatCheck,Corkage,DogsAllowed,DriveThru,GoodForDancing,GoodForKids,HappyHour,HasTV,NoiseLevel,OutdoorSeating,RestaurantsAttire,RestaurantsDelivery,RestaurantsGoodForGroups,RestaurantsPriceRange2,RestaurantsReservations,RestaurantsTableService,RestaurantsTakeOut,Smoking,WheelchairAccessible,WiFi,tips_counter_bz,total_compliments_bz
-ZEemCb3g7VNQTTWFL9yDw,"Shopping, Used, Vintage & Consignment, Fashion",43.7197858,-79.5948443,Winners,3,2.5,0,0,0,0,0,0,0,0,0,0,0,0,0,0,0,0,0,0,0,0,0,2,0,0,0,0,0,0,0,0
0zO_bPBlp-GOYipTBml31A,"Food, Grocery",43.6541419,-79.4068604,FreshCo,6,4.5,0,0,0,0,0,0,0,0,0,0,0,0,0,0,0,0,0,0,0,0,0,0,0,0,0,0,0,0,0,0
2SzC3MCqtQGow92IjkBKQg,"Local Flavor, Nightlife, Music Venues, Arts & Entertainment, Event Planning & Services, Venues & Event Spaces, Shopping, Art Galleries",43.6494059435,-79.4444346428,Gallery 345,4,4.0,0,0,0,0,2,0,2,0,1,0,1,0,0,0,1,1,0,1,0,0,0,0,0,0,0,2,1,0,0,0
47D4i798bM53tWzehac_QA,"Hair Stylists, Hair Salons, Beauty & Spas",43.663783,-79.418358,Big City Salon,4,3.0,0,0,0,0,2,0,1,0,0,0,0,0,0,2,0,0,0,0,3,0,0,1,0,0,0,0,0,3,0,0
4QD1ulP2QeBqG2LvnRGanA,"Automotive, Car Dealers, Car Buyers",43.7773753,-79.4942658,Sell My Car,3,5.0,0,0,0,0,0,0,0,0,0,0,0,0,0,0,0,0,0,0,3,0,0,0,0,0,0,0,0,3,0,0
4SyAKQevPuB4punANp41-Q,"Nightlife, Specialty Food, Mexican, Food, Restaurants, Bars, Gastropubs, Cocktail Bars",43.6528135234,-79.4000687707,El Rey Mezcal Bar,58,3.5,0,0,2,0,2,0,0,0,1,0,0,0,1,1,2,1,0,2,1,1,2,2,1,2,1,1,0,1,7,0
56DmsnIXbm3yDWuF1D-xDQ,"Public Transportation, Transportation, Hotels & Travel",43.6977564,-79.3969707,Davisville Subway Station,7,3.0,0,0,0,0,0,0,0,0,0,0,0,0,0,0,0,0,0,0,0,0,0,0,0,0,0,0,0,0,4,0
6HUm4L3n9uktO4yGjsqDlA,"Local Flavor, Tattoo, Beauty & Spas",43.7120737,-79.3992055,Seven Crowns Tattoo,14,5.0,0,0,0,0,0,0,2,0,0,0,0,0,0,0,0,0,0,0,0,0,0,2,0,0,0,0,0,0,1,0
6PvEIbj8JZYqTenNVnsGbg,"Shopping, Jewelry",43.6045643,-79.518342,Joseph Nogucci,21,3.0,0,0,0,0,0,0,2,0,0,0,0,0,0,0,0,0,0,0,0,0,0,3,0,0,0,0,0,0,0,0
6_C-r80BMGxA6NhxoQJp2w,"Bridal, Shopping, Women's Clothing, Fashion",43.6770789,-79.4476565,Blu Ivory Bridal & Evening,15,3.5,0,0,0,0,2,0,2,0,0,0,0,0,0,0,0,0,0,0,0,0,0,3,0,0,0,0,0,0,0,0
7StdmeBbSxIMdv7H3NnGVQ,"Automotive, Gas Stations",43.6671042,-79.3687709,Esso,5,2.0,0,0,0,0,0,0,0,0,0,0,0,0,0,0,0,0,0,0,0,0,0,0,0,0,0,0,0,0,1,0
7gTsWzLnmEQBesGRtI9yew,"Desserts, Food, Restaurants, Chocolatiers & Shops, Specialty Food, Breakfast & Brunch, Cafes",43.6501601,-79.3606289,Cacao 70,181,3.5,0,0,0,0,2,0,0,1,0,0,0,0,0,2,0,1,2,2,3,1,2,2,2,2,2,0,0,3,20,0
8-GkE9JUtXjLJHgYXmx3Yg,0,43.6496155,-79.3846555,The Toronto Centre For Medical Imaging,12,2.0,0,0,0,0,0,0,0,0,0,0,0,0,0,0,0,0,0,0,0,0,0,0,0,0,0,0,0,0,1,0
8Q_pczH1uBghV495-Ba6WA,"Comfort Food, Italian, Restaurants",43.6503522,-79.3837951,Resto Boemo,47,4.0,0,0,0,0,0,0,0,0,0,0,0,0,0,2,0,2,0,2,0,1,2,0,1,0,2,0,0,0,4,0
9WTU-yZe09XKG8FVf59zUw,"Grocery, Food",43.7377773921,-79.4333077083,Pat's No Frills,16,3.0,0,0,0,0,1,0,0,0,0,0,0,0,0,0,0,0,0,0,0,0,0,2,0,0,1,0,0,0,4,0
9Z6WpoBnuBZBWr0ML6WRpQ,"Restaurants, Pizza, Italian",43.6554468,-79.365425,Domino's Pizza,9,2.5,0,0,0,0,0,0,0,0,0,0,0,0,0,0,0,0,0,0,0,0,0,0,1,0,0,0,0,0,3,0
9unEXrdKVONRqdjn9S5sKA,"Restaurants, Pizza",43.7344334423,-79.5595427926,Little Caesars,4,4.0,0,0,0,0,0,0,0,0,0,0,0,0,0,1,0,2,0,1,0,2,1,1,1,0,2,0,0,0,1,0
AeYDYKBnAa_MP603CzuW8A,"Pharmacy, Health & Medical",43.6498553,-79.3762003,North Drugstore,5,4.5,0,0,0,0,0,0,1,0,0,0,0,0,0,0,0,0,0,0,0,0,0,0,0,0,0,0,0,0,0,0
B9pMUND3peh4fFtGmqA4LA,"Italian, Restaurants",43.7015465,-79.3970115,Balsamico Ristorante,42,4.5,0,0,2,0,1,0,0,1,0,0,0,0,0,1,0,2,2,2,1,1,2,2,2,0,2,0,0,1,5,0
BBE-W0hlj-SHsWF3FF4dJA,"Beauty & Spas, Nail Salons",43.5962657,-79.526522,Nail Centre,4,3.5,0,0,0,0,0,0,0,0,0,0,0,0,0,0,0,0,0,0,0,0,0,0,0,0,0,0,0,0,0,0
BJbNZirdM-5l3P371b-Low,"Oil Change Stations, Auto Repair, Tires, Automotive",43.7049981693,-79.45319776,Midas,4,3.0,0,0,0,0,0,0,0,0,0,0,0,0,0,0,0,0,0,0,0,0,0,0,0,0,0,0,0,0,2,0
EAWkvtuzzhz8KoiUydx7zw,"Wedding Planning, Party & Event Planning, Event Planning & Services, Hotels, Venues & Event Spaces, Hotels & Travel",43.8328809843,-79.2456406455,Markham Banquet & Convention Centre,6,3.0,0,0,0,0,0,0,0,0,0,0,0,0,0,0,0,0,0,0,1,0,0,4,0,0,0,0,0,1,1,0
ECOnq58qoeqwPuS59P1W-A,"Cafes, Restaurants, Bakeries, Home Services, Plumbing, Food, Breakfast & Brunch, Coffee & Tea",43.6542817,-79.4628059,Hannah's Cafe and Bakery,23,3.5,0,0,0,0,1,0,0,1,0,0,1,0,0,2,0,1,1,1,1,1,2,1,1,1,1,0,1,1,4,0
EqSHVYxkdduJBgfdWpNNLA,"Delis, Restaurants",43.724624945,-79.2861637651,Jody's Deli,25,3.0,0,0,0,0,1,0,0,2,0,0,0,0,0,2,0,2,1,1,1,1,2,2,1,0,2,0,0,1,2,0
Fkkous6zgC6jBM3p-lmRLA,Local Flavor,43.667834,-79.394756,Michael Lee-Chin Crystal,7,3.5,0,0,0,0,0,0,0,0,0,0,0,0,0,2,0,0,0,0,0,0,0,0,0,0,0,0,0,0,0,0
GbSLC3OriOFLmYFQ48NvTA,"Train Stations, Public Transportation, Transportation, Hotels & Travel",43.6706886967,-79.386305809,Bloor-Yonge Subway Station,18,3.0,0,0,0,0,0,0,0,0,0,0,0,0,0,0,0,0,0,0,0,0,0,0,0,0,0,0,0,0,6,0
Hlbv_mR8R_MFZYwcc4f6TA,"Toy Stores, Shopping",43.653224,-79.3803279,Toys Toys Toys,7,2.0,0,0,0,0,0,0,0,0,0,0,0,0,0,0,0,0,0,0,0,0,0,2,0,0,0,0,0,0,1,0
INs0jjQdgfRG83M5FfaYIw,"Sandwiches, Restaurants, Chicken Shop, American (Traditional), Canadian (New)",43.6503522,-79.3837951,Love Chix,28,4.0,0,0,2,0,2,0,0,2,0,0,1,0,0,0,0,2,0,2,3,2,2,0,1,1,2,0,2,3,1,0
J4HWsatUyoMkiFhyqp1HVw,"Vape Shops, Tobacco Shops, Shopping",43.663293,-79.3840322,Tabac Cuban Cigars,11,4.5,0,0,0,0,2,0,0,0,0,0,0,0,0,0,0,0,0,0,0,0,0,3,0,0,0,0,0,0,2,0
JOjdtCZuW6QQZPXCTI2YLw,"Barbers, Beauty & Spas",43.6602740008,-79.4153414554,Mi Hermano Barbershop,4,5.0,0,0,0,0,2,0,1,0,0,0,0,0,0,0,0,0,0,0,1,0,0,2,0,0,0,0,1,1,0,0
Js0YIHsfsQCcsUoUF5JFSw,"Farmers Market, Food, Local Flavor",43.6645525,-79.3197162,Leslieville Farmers' Market,8,4.0,0,0,0,0,2,0,0,0,0,0,0,0,0,0,0,0,0,0,0,0,0,2,0,0,2,0,2,0,3,0
KD5pzTYzTbJ_QB2rZa8b9A,"Sushi Bars, Restaurants",43.6472616,-79.3785998,Sushi Shop Brookfield Place,8,4.5,0,0,0,0,0,0,0,0,0,0,0,0,0,2,0,0,2,0,0,0,2,0,1,0,2,0,0,0,1,0
LsuLu1XGXvUKQSh2lFxq8w,"Bubble Tea, Food",43.7783074,-79.348493,Freshcup,6,5.0,0,0,0,1,2,0,0,0,0,1,0,0,0,2,0,2,0,1,3,1,2,0,1,2,2,0,0,3,3,0
PAj1fLGyd4X6ksdDlMvzrQ,"Health & Medical, Pharmacy, Grocery, Caterers, Food Delivery Services, Food, Event Planning & Services",43.6697702204,-79.4732253119,Metro,11,3.5,0,0,0,0,2,0,1,2,0,0,0,0,0,0,0,0,0,0,0,0,0,2,0,0,2,0,0,0,7,0
PXN0l42g6IWp18NGJ7yn5w,"Breakfast & Brunch, Lounges, Cafes, Bars, Italian, Nightlife, Pizza, Restaurants, Sandwiches",43.6463276,-79.3901316,Hey Lucy,193,3.5,0,0,2,0,2,2,0,1,0,0,0,0,0,1,2,2,3,2,1,2,2,2,2,2,2,0,0,1,37,1
QX5Y_BIxlMG3B3vV1zx1Gw,"Restaurants, Barbeque",43.6455994,-79.352298,Cherry Street Bar-B-Que,150,4.0,0,0,2,0,2,0,0,2,0,0,0,0,0,2,2,2,2,2,3,1,2,2,1,1,2,0,1,3,19,0
RRNBOElO8G1KXEUAIvcEpQ,"Shopping, Appliances, Home & Garden",43.7165411,-79.4621838,Canadian Appliance Source Toronto,29,2.0,0,0,0,0,1,0,0,0,0,0,0,0,0,0,0,0,0,0,0,0,0,0,0,0,0,0,0,0,0,0
SdknzeKNaYEEy6SNP2QFMg,"Diagnostic Services, Health & Medical",43.6686587,-79.395839,Lifelabs,3,4.5,2,0,0,0,0,0,1,0,0,0,0,0,0,0,0,0,0,0,0,0,0,0,0,0,0,0,0,0,0,0
TWjzMr6-OKzoeCrAuY6W2A,"Shoe Stores, Shopping, Fashion, Swimwear, Sporting Goods",43.6495248,-79.3937821,MEC,8,4.5,0,0,0,0,0,0,0,0,0,0,0,0,0,0,0,0,0,0,0,0,0,0,0,0,0,0,0,0,0,0
UmPlF6qWTGhxiL0gVSuwwg,"Home Services, Real Estate, Real Estate Services, Real Estate Agents",43.6456962,-79.3975815,Nadia Saloojee - Right At Home Realty,4,5.0,0,0,0,0,0,0,2,0,0,0,0,0,0,0,0,0,0,0,0,0,0,0,0,0,0,0,0,0,0,0
WFq0VNN0L5Nw4bcz6AJ57g,"Cafes, Coffee & Tea, Restaurants, Food",43.6832943221,-79.4185348114,Starbucks,14,3.0,0,0,0,0,2,0,0,0,0,0,0,0,0,0,0,0,0,2,3,0,0,2,0,0,2,0,0,3,5,0
WeoXJQcAnq82kukwKO-q7A,"Waterproofing, Masonry/Concrete, Contractors, Home Services, Roofing",43.6803295,-79.3476778,Alpine Roofing,3,2.5,0,0,0,0,0,0,2,0,0,0,0,0,0,0,0,0,0,0,0,0,0,0,0,0,0,0,0,0,0,0
Xhf3nW6UahoVpRMkVUlnJA,"Restaurants, Coffee & Tea, Food, Cafes",43.6613395795,-79.3383130385,Te Aro,169,4.0,0,0,0,0,2,0,0,1,0,0,0,0,0,2,0,2,2,2,3,1,2,1,1,0,2,0,0,3,43,0
YVb-l0FzwAuD9R8jNmR_zQ,"Bars, Nightlife, Pubs",43.7275623569,-79.4027381121,The Uptown Pubhouse,23,3.5,0,0,2,0,2,0,0,0,0,0,0,0,1,0,2,2,4,1,0,0,2,2,1,0,0,2,0,0,3,0
ZdSFgCsxEZ1nRuaE3Zu6bA,"Bakeries, Food",43.6210938,-79.5467088,Future Bakery & Cafe,16,2.5,0,0,0,0,2,0,0,0,0,0,0,0,0,0,0,0,0,0,0,1,0,1,0,0,2,0,0,0,0,0
aagck4xINxxKTKaNWsN7cg,"Street Vendors, Food",43.653226,-79.3831843,Fidel Gastro's,25,3.5,0,0,0,0,1,0,0,0,0,0,0,0,0,0,0,0,0,0,0,0,0,2,0,0,0,0,0,0,2,0
d0aJ8ZvfuSDcuDeYB1kCbQ,"Makeup Artists, Eyebrow Services, Beauty & Spas",43.6870555,-79.3939252,Trudy,13,3.0,0,0,0,0,0,0,2,0,0,0,0,0,0,0,0,0,0,0,0,0,0,4,0,0,0,0,0,0,1,0
dOHyn5WK2XNzJOJ0UwzLQQ,"Yelp Events, Local Flavor",43.7072693,-79.3996009,Elite Experience: SNOWDEN,15,5.0,0,0,0,0,0,0,0,0,0,0,0,0,0,0,0,0,0,0,0,0,0,0,0,0,0,0,0,0,2,0
dSEIhe2235nudghSPleZqw,"Nurseries & Gardening, Hardware Stores, Farming Equipment, Home & Garden, Shopping",43.7161474,-79.5279386,Kooy Brothers Equipment,3,3.5,0,0,0,0,1,0,1,0,0,0,0,0,0,0,0,0,0,0,0,0,0,2,0,0,0,0,0,0,0,0
dTuT_G3Zp79RZmnF3oxfiA,"Restaurants, Pubs, Nightlife, Beer, Wine & Spirits, Food, Bars, Gastropubs, Belgian, Canadian (New)",43.6470951613,-79.37391518,The Bier Markt,250,3.0,0,0,2,0,2,0,0,1,2,0,0,0,1,1,2,2,2,2,3,1,2,2,2,2,1,2,2,3,38,0
dY3skxKG4xfM2eNj4xjHnQ,"Chocolatiers & Shops, Specialty Food, Food",43.6724631,-79.2878199,Chocolate by Wickerhead,7,5.0,0,0,0,0,2,0,0,0,0,0,0,0,0,0,0,0,0,0,0,0,0,2,0,0,0,0,0,0,1,0
daIxv4XqdmUW6SeJOXs6OQ,"Home Services, Shades & Blinds, Interior Design",43.6711883687,-79.4679230604,Blinds To Go,4,4.0,0,0,0,0,0,0,1,0,0,0,0,0,0,0,0,0,0,0,0,0,0,0,0,0,0,0,0,0,1,0
gFrOJ2rOR8ak4xyaOcao-A,"Health Markets, Food, Fruits & Veggies, Shopping, Specialty Food",43.6562508,-79.3929338,Baldwin Naturals-Organic Food Market,20,4.0,0,0,0,0,2,0,0,0,0,0,0,0,0,0,0,0,0,0,0,0,0,2,0,0,0,0,0,0,3,0
hG8aOl5cli0OtjmlwGYY-Q,"Piercing, Local Flavor, Shopping, Beauty & Spas, Tattoo, Pop-up Shops",43.670878,-79.392433,The Village Ink,26,4.5,0,0,0,0,2,0,1,0,0,0,0,0,0,2,0,0,0,0,3,0,0,3,0,0,0,0,1,3,2,0
iB1irqb5uVTB1RlVcoBGAA,"Shopping, Leather Goods, Fashion, Men's Clothing, Women's Clothing",43.7246901,-79.4518085,Gucci at Holt,5,5.0,0,0,0,0,0,0,0,0,0,0,0,0,0,0,0,0,0,0,0,0,0,3,0,0,0,0,0,0,0,0
iVzll2NBKGw6ejcBxqVIUQ,"Bus Tours, Hotels & Travel, Transportation, Boat Tours, Tours",43.6692613,-79.3868327,ISX Canada,3,3.5,0,0,0,0,0,0,0,0,0,0,0,0,0,0,0,0,0,0,3,0,0,0,0,0,0,0,0,3,0,0
jWRq5lrEinxZPzbMIeVecQ,"Beauty & Spas, Nail Salons",43.666389,-79.4057619,Natural Beauty Nails,11,3.0,0,0,0,0,2,0,1,0,0,0,0,0,0,0,0,0,0,0,0,0,0,2,0,0,0,0,0,0,2,0
jekVhaVwKE7fT58shLVLSg,"Bookstores, Shopping, Books, Mags, Music & Video, Arts & Entertainment, Music Venues, Nightlife",43.6552411,-79.4167831,Sellers & Newel,7,5.0,0,0,0,0,2,0,0,0,0,0,0,0,0,0,0,0,0,0,0,0,0,2,0,0,0,0,0,0,0,0
jjuPRjgssbZh8zlgLFQgew,"Home & Garden, Shopping, Furniture Stores",43.672029,-79.418836,Peaks & Rafters,4,2.5,0,0,0,0,1,0,0,0,0,0,0,0,0,0,0,0,0,0,0,0,0,3,0,0,0,0,0,0,1,0
jrk5mERDGfe4uDAd6WnZKQ,"Indian, Restaurants, Sri Lankan",43.8365383,-79.2496081,Poorani Vilaas,7,2.5,0,0,0,0,0,0,0,0,0,0,0,0,0,2,0,0,0,1,1,1,2,1,1,0,2,0,0,1,1,0
kiwbnv4prSca7lELVhxgIQ,"Beer, Wine & Spirits, Food",43.6622575889,-79.3797508975,LCBO - Maple Leaf Gardens,16,3.0,0,0,0,0,2,0,0,0,0,0,0,0,0,0,0,0,0,0,0,0,0,2,0,0,1,0,0,0,4,0
lAYp-_CGc9K_azlDC6epBg,"Arts & Entertainment, Restaurants, Festivals, Food Stands, Street Vendors, Food",43.628551233,-79.4139338667,Tacofest,5,3.0,0,0,0,0,0,0,0,0,0,0,0,0,0,0,0,0,0,0,0,0,0,0,1,0,2,0,0,0,2,0
lBmoKeoAH_YZXyF6DAe_lw,"Dim Sum, Chinese, Restaurants, Bubble Tea, Food, Noodles",43.665724,-79.386704,Wonton Kitchen,3,3.0,0,0,0,0,2,0,0,2,0,0,1,0,0,0,0,1,0,1,3,2,0,0,1,2,2,0,2,3,0,0
mypbs2lJ74UwE_Okv4PfpQ,"Arts & Entertainment, Nightlife, Jazz & Blues",43.6678381,-79.3098429,Beaches International Jazz Festival,3,3.0,0,0,0,0,0,0,0,0,0,0,0,0,0,2,1,0,0,0,0,0,2,0,0,0,0,0,0,0,1,0
n-e8oWwndR3MfhDQYC0CbQ,"Makeup Artists, Hair Salons, Beauty & Spas, Skin Care",43.6680645,-79.3084012,Salon Fortelli & Spa,9,4.0,0,0,0,0,0,0,1,0,0,0,0,0,0,2,0,0,0,0,0,0,0,3,0,0,0,0,0,0,1,0
nmEa1ErUjT7Z-SO_ZqujQw,Public Services & Government,43.7032999,-79.5158825,Parking Tag Operations,3,2.5,0,0,0,0,0,0,0,0,0,0,0,0,0,0,0,0,0,0,0,0,0,0,0,0,0,0,0,0,0,0
p2qoi-QKUs_p6QkDEKVNOg,"Beauty & Spas, Nail Salons, Eyelash Service, Hair Removal",43.6495131717,-79.3871621042,A&M Nail Eyelash Studio,18,3.0,0,0,0,0,0,0,0,0,0,0,0,0,0,0,0,0,0,0,0,0,0,3,0,0,0,0,0,0,0,0
rrvx_BQjGp-7NQ1n7KmbTg,"Food, Bakeries",43.7262175,-79.2304427,Cliffside Hearth Bread Company,13,3.5,0,0,0,0,2,0,0,1,0,0,0,0,0,0,0,0,0,0,0,1,0,3,0,0,2,0,0,0,0,0
sCo8DEQfbc8_xWzg2kmvIA,"Halal, Mediterranean, Middle Eastern, Arabian, Restaurants, African",43.6823292,-79.3293106,Al Mandi,9,3.5,0,0,0,0,2,0,0,0,0,0,0,0,0,0,0,2,2,1,3,1,2,2,2,2,2,0,0,3,1,0
syoWROfPlDijEmpFUVyghA,"Food, Chocolatiers & Shops, Specialty Food",43.6540644,-79.3806966,Rocky Mountain Chocolate Factory,8,4.0,0,0,0,0,1,0,0,0,0,0,0,0,0,0,0,0,0,0,0,0,0,2,0,0,2,0,0,0,3,0
vZN00HAKWA3iik0ts14CCw,"Food, Ice Cream & Frozen Yogurt",43.7255729733,-79.4525944523,Eva's Original Chimneys - Inside Indulge,3,4.0,0,0,0,0,0,0,0,0,0,0,0,0,0,0,0,0,0,0,0,0,0,0,0,0,0,0,0,0,0,0
vdKUDXI1j89VO65Krg6VGg,"Education, Flight Instruction, Transportation, Hotels & Travel, Specialty Schools, Airlines",43.6318142,-79.3978481,Porter FBO @ Toronto City Billy Bishop Airport,5,3.5,0,0,0,0,0,0,0,0,0,0,0,0,0,0,0,0,0,0,0,0,0,0,0,0,0,0,0,0,1,0
vl1iTN8SKMPtMoXyRLXX4w,"Floral Designers, Flowers & Gifts, Florists, Shopping, Event Planning & Services",43.7048796,-79.3981617,Forest Hill Florist,3,2.5,0,0,0,0,0,0,0,0,0,0,0,0,0,0,0,0,0,0,0,2,0,0,0,0,0,0,0,0,0,0
vvfO1rFTvBr1_aXwnW6fxw,"Beauty & Spas, Eyelash Service, Hair Salons, Hair Removal, Threading Services",43.6884698,-79.4130949,Francesca Salon & Spa,4,5.0,0,0,0,0,0,0,2,0,0,0,0,0,0,0,0,0,0,0,0,0,0,2,0,0,0,0,0,0,0,0
vxmsLLVA0nPzRsmSs9ZYzg,"Bakeries, Food, Restaurants, Cafes",43.6902991424,-79.348821938,Cafe Serano,8,3.5,0,0,0,0,0,0,0,0,0,0,0,0,0,0,0,2,0,0,0,0,0,0,0,0,0,0,0,0,3,0
wMyIGF8OwYMpff6CiJBLNw,"Eyelash Service, Beauty & Spas, Hair Salons, Hair Removal, Nail Salons",43.7430631858,-79.220321518,KJ Nail Spa &  Beauty Salon,4,3.0,0,0,0,0,2,0,1,0,0,0,0,0,0,0,0,0,0,0,0,0,0,0,0,0,0,0,1,0,0,0
wVNfgdL8OyHdhRhEWBXmzA,"Mediterranean, Poutineries, Restaurants, Middle Eastern, Fish & Chips",43.6572726058,-79.4026196075,Nora Shawarma & Kabob,7,3.5,0,0,0,0,0,0,0,0,0,0,0,0,0,0,0,2,0,0,0,0,0,0,0,0,0,0,0,0,0,0
wtftZecNakP5WKwi-k0cYg,"Restaurants, Japanese, Sushi Bars",43.6722662303,-79.3874411896,Kiro Sushi,63,4.0,0,0,0,0,0,0,0,0,0,0,0,0,0,2,0,2,1,0,0,2,2,2,2,2,2,0,0,0,8,0
zHpTTPKPfie-dT2czB0W8Q,"Insurance, Financial Services",43.6476448,-79.373123,Martin Merry & Reid Insurance Brokers,3,1.0,0,0,0,0,0,0,0,0,0,0,0,0,0,0,0,0,0,0,0,0,0,0,0,0,0,0,0,0,0,0
