business_id,categories,latitude,longitude,name,review_count,stars,AcceptsInsurance,AgesAllowed,Alcohol,BYOB,BikeParking,BusinessAcceptsCreditCards,ByAppointmentOnly,Caters,CoatCheck,Corkage,DogsAllowed,DriveThru,GoodForDancing,GoodForKids,HappyHour,HasTV,NoiseLevel,OutdoorSeating,RestaurantsAttire,RestaurantsDelivery,RestaurantsGoodForGroups,RestaurantsPriceRange2,RestaurantsReservations,RestaurantsTableService,RestaurantsTakeOut,Smoking,WheelchairAccessible,WiFi,tips_counter_bz,total_compliments_bz
-qDnp-lYRiJA6x9tupyNUg,"Sandwiches, Restaurants, Vietnamese",43.7451183,-79.294356,Banh Mi Metro,21,4.0,0,0,0,0,0,0,0,0,0,0,0,0,0,0,0,0,0,0,0,0,0,0,0,0,0,0,0,0,2,0
0VmKtMFEU8pKIvXOC5zYPw,"Beauty & Spas, Hair Salons",43.665251,-79.4663309,Cosimo's Hairstyling,11,4.0,0,0,0,0,2,0,1,0,0,0,0,0,0,2,0,0,0,0,0,0,0,2,0,0,0,0,0,0,2,0
0rA-1cy-dsrtZnAC4wMjkQ,"Restaurants, Food Trucks, Thai, Food",43.6517657,-79.4049646,Nam Wan,8,3.5,0,0,0,0,0,0,0,0,0,0,0,0,0,0,0,0,0,0,0,0,0,0,0,0,0,0,0,0,1,0
1lNaaTt0W4hnSxDJvuNo5Q,"Local Services, Beauty & Spas, Hair Extensions, Hair Salons",43.6903678,-79.2931193,Xtreme Extensions,6,3.0,0,0,0,0,2,0,2,0,0,0,0,0,0,1,0,0,0,0,3,0,0,2,0,0,0,0,1,3,0,0
1y64UsTx6ikxoaCAY42qHQ,"Sports Wear, Shopping, Fashion, Sporting Goods, Golf, Active Life, Shoe Stores, Children's Clothing",43.7779901,-79.3440914,Sport Chek,6,3.0,0,0,0,0,2,0,0,0,0,0,0,0,0,0,0,0,0,0,0,0,0,3,0,0,0,0,0,0,1,0
27c7CphW1mVPDO8dJYg3lg,"Antiques, Shopping",43.7067483,-79.3759692,Alex's Antique Clocks Watch Repair & Restorations,4,1.0,0,0,0,0,0,0,1,0,0,0,0,0,0,0,0,0,0,0,0,0,0,4,0,0,0,0,0,0,0,0
2AWznkiQwU7kEJ-fQtSvGA,"Massage, Beauty & Spas, Acupuncture, Chiropractors, Massage Therapy, Health & Medical",43.6474734,-79.3839517,King West Chiropractic Health Centre,7,3.0,0,0,0,0,2,0,1,0,0,0,0,0,0,0,0,0,0,0,0,0,0,2,0,0,0,0,0,0,1,0
39W1RiFtr4fGwEdOJfwp7w,"Doctors, Family Practice, Health & Medical, Walk-in Clinics, Medical Centers",43.7691771,-79.3703589,Discovery Family Health,3,1.0,0,0,0,0,0,0,0,0,0,0,0,0,0,0,0,0,0,0,0,0,0,0,0,0,0,0,0,0,0,0
39nPYUxkRn8SQY29C322UQ,"Food, Desserts, Bakeries, Patisserie/Cake Shop",43.7756724,-79.2581928,Love Me Sweet,37,4.0,0,0,0,0,2,0,0,1,0,0,0,0,0,0,0,0,0,0,0,1,0,1,0,0,2,0,0,0,12,0
4Nn9QoRDkOr-DWMF7KPqOQ,"Portuguese, Restaurants, Brazilian",43.6492549,-79.4226414,Brasileirissimo Steak House,8,4.0,0,0,1,0,2,0,0,2,0,0,0,0,0,0,0,2,0,1,0,1,2,0,2,0,2,0,0,0,2,0
5Nc5TH0eaookGYKZiwpfPw,"Cafes, Restaurants, Coffee & Tea, Food",43.6721683,-79.3769855,Tim Hortons,11,2.0,0,0,0,0,1,0,0,1,0,0,0,0,0,2,0,2,2,1,1,1,1,1,1,0,2,0,0,1,2,0
7dtBkBWvFOlx8IqLVz2JWA,"Hotels, Hotels & Travel, Event Planning & Services, Venues & Event Spaces",43.7562827,-79.3495064,"The Westin Prince, Toronto",77,3.0,0,0,0,0,0,0,0,0,0,0,2,0,0,0,0,0,0,0,2,0,0,3,0,0,0,0,0,2,14,0
7hamK_UNg9nWTVA-411_1g,"Food Delivery Services, Food",43.6417010198,-79.4212992489,HelloFresh,62,2.0,0,0,0,0,0,0,0,0,0,0,0,0,0,0,0,0,0,0,0,0,0,0,0,0,0,0,0,0,1,0
7lpR_QmgJVg9HxywpnWmWA,"Fashion, Department Stores, Shopping",43.6463142,-79.392568,Shop.ca,4,2.0,0,0,0,0,0,0,0,0,0,0,0,0,0,0,0,0,0,0,0,0,0,0,0,0,0,0,0,0,0,0
8zwfzcfzZUfIkWOzQKFBPw,"Restaurants, Cafes, Food, Coffee & Tea",43.6737858,-79.3958557,5 Elements Espresso Bar,20,3.0,0,0,0,0,2,0,0,1,0,0,0,0,0,2,0,1,2,2,3,1,2,2,1,1,2,0,0,3,4,0
9Rl6OQRcmScKWymPUx1VjA,"Health & Medical, Optometrists, Laser Eye Surgery/Lasik, Medical Centers",43.746032,-79.4080531,Clearview Vision Institute,3,2.5,2,0,0,0,0,0,2,0,0,0,0,0,0,0,0,0,0,0,0,0,0,0,0,0,0,0,0,0,0,0
9ntLqGrBJ9RcUWtyXUkaZA,"Home Decor, Furniture Stores, Shopping, Home & Garden, Outlet Stores, Kitchen & Bath",43.6692538,-79.3027953,Beddington's Bed & Bath,5,4.0,0,0,0,0,1,0,0,0,0,0,1,0,0,0,0,0,0,0,0,0,0,2,0,0,0,0,2,0,0,0
AMGGpxjMZdE3ZSHc-Suiig,"Periodontists, Cosmetic Dentists, Health & Medical, Dentists, General Dentistry",43.776575,-79.4896345,Chrysalis Dental Centres,3,4.5,0,0,0,0,0,0,2,0,0,0,0,0,0,0,0,0,0,0,0,0,0,0,0,0,0,0,0,0,0,0
BSchC5THOB0MFmzJTEqAnQ,"Himalayan/Nepalese, Restaurants, Indian",43.7134141,-79.3666414,Mt Everest Restaurant,78,3.5,0,0,2,0,1,2,0,2,0,0,0,0,0,2,0,1,1,1,3,2,2,2,2,0,2,0,0,3,7,0
EqNtK4J5CHYQee-qX-WxRQ,"Chicken Wings, Nightlife, Greek, American (Traditional), Restaurants, Bars, Sports Bars",43.722377273,-79.3030248955,Frog and the Crown,10,3.0,0,0,0,0,2,0,0,0,0,0,0,0,0,2,2,2,0,2,3,1,2,2,2,0,2,0,0,3,2,0
F09jtEb9KEph2L7Pbji5QQ,"Ice Cream & Frozen Yogurt, Waffles, Desserts, Cafes, Restaurants, Food, Patisserie/Cake Shop",43.8052,-79.289643,Golden Bubbles,150,3.5,0,0,0,0,2,0,0,2,0,0,1,0,0,2,1,2,2,1,1,1,1,1,1,1,2,0,1,1,18,0
F6yV3IK65lsUkfjCTjFa-w,"Pet Stores, Pet Services, Pets, Veterinarians",43.6601521,-79.4332647,Bloorcourt Veterinary Clinic,27,3.5,0,0,0,0,0,0,0,0,0,0,0,0,0,0,0,0,0,0,0,0,0,0,0,0,0,0,0,0,1,0
FMKaY9ob7ZSxFHT7fBROHg,"Food Delivery Services, Restaurants, Thai, Food, Asian Fusion, Japanese, Sushi Bars",43.7041845,-79.4100306,Kimono Japanese Grill & Sushi,17,3.0,0,0,1,0,2,0,0,2,0,0,0,0,0,2,0,2,2,1,1,2,2,2,2,0,2,0,0,1,0,0
FUSXKElYcfJr5tdPEFmJgQ,"Shopping, Jewelry, Watches",43.7251083,-79.4528087,The Diamond Company,5,1.5,0,0,0,0,2,0,1,0,0,0,0,0,0,0,0,0,0,0,0,0,0,2,0,0,0,0,0,0,0,0
Fs4VBZ3zrwWmACSJfEL90w,"Pizza, Restaurants, Salad, Chicken Wings",43.6647257,-79.4108474,Panago Pizza,6,4.0,0,0,0,0,0,0,0,0,0,0,0,0,0,0,0,0,0,0,0,0,0,0,0,0,0,0,0,0,2,0
G3Gmy8julCUqDIXBlnEULw,"Body Shops, Automotive, Auto Repair",43.6923642,-79.281715,Tip Top Auto Collision & Car Sales,3,4.5,0,0,0,0,0,0,0,0,0,0,0,0,0,0,0,0,0,0,0,0,0,0,0,0,0,0,0,0,0,0
Gglsm0mtG3PI8BzTvOm3zg,"Car Rental, Hotels & Travel",43.6865881,-79.5871641,NU Car Rental,29,1.0,0,0,0,0,0,0,0,0,0,0,0,0,0,0,0,0,0,0,0,0,0,0,0,0,0,0,0,0,1,0
GmHmp02nPVvwVKApWEyr8Q,"Chicken Shop, Fast Food, Chicken Wings, Restaurants, American (Traditional)",43.684267,-79.346461,KFC,3,2.0,0,0,0,0,0,0,0,0,0,0,0,0,0,2,0,1,0,0,1,2,1,0,1,0,2,0,0,1,0,0
H29EzY81QdRYNY4hEKWGcQ,"Restaurants, Mediterranean, Bakeries, Lebanese, Middle Eastern, Halal, Food",43.6684686,-79.3867778,Ooshee Mediterranean Oven,20,5.0,0,0,0,0,0,0,0,0,0,0,0,0,0,0,0,0,0,2,0,0,0,0,0,0,0,0,0,0,0,0
HAnPo3pHgCnw8pNxJZtH-g,"Restaurants, Bars, Burgers, Canadian (New), American (Traditional), Sports Bars, Nightlife",43.6710978,-79.386063,Jack Astor's Bar & Grill,87,3.0,0,0,2,0,2,0,0,1,1,0,0,0,0,2,2,2,3,2,3,2,2,2,2,0,2,0,0,3,13,1
HslkNPnakSY479tMroDQPw,"IT Services & Computer Repair, Shopping, Local Services, Mobile Phones, Telecommunications",43.648528,-79.3833359,Mobileaxs,3,1.0,0,0,0,0,0,0,0,0,0,0,0,0,0,0,0,0,0,0,0,0,0,0,0,0,0,0,0,0,0,0
KD-7406WtjKSpLRC2zsNhw,"Restaurants, Burgers, Fast Food, Salad",43.7858417,-79.4750685,Wendy's,8,2.0,0,0,0,0,0,0,0,0,0,0,0,2,0,2,0,2,0,0,0,1,2,2,1,0,2,0,0,0,1,0
KO6f6O-j9-SbcwNBR10YCQ,"Formal Wear, Clothing Rental, Bespoke Clothing, Shopping, Fashion, Men's Clothing",43.7076266213,-79.3952239914,Moores Clothing for Men,3,5.0,0,0,0,0,2,0,0,0,0,0,0,0,0,0,0,0,0,0,0,0,0,2,0,0,0,0,0,0,1,0
L3cr192keA1dWb_ebk1pJQ,"Persian/Iranian, Food, Bakeries, Restaurants",43.7911319,-79.4178407,BB Cafe,50,4.0,0,0,0,0,1,0,0,2,0,0,0,0,0,2,0,1,2,1,3,1,1,2,1,0,2,0,0,3,6,0
L_oMnnB3R2zgARFXdTHKKw,"Fashion, Women's Clothing, Shopping",43.7760855,-79.343942,Norma Reed,8,2.5,0,0,0,0,1,0,0,0,0,0,0,0,0,0,0,0,0,0,0,0,0,2,0,0,0,0,0,0,1,0
MuPpzxm0WY2AXJrYRBAFjg,"Children's Clothing, Women's Clothing, Men's Clothing, Fashion, Shopping",43.7595173,-79.2233948,Asiyans,4,2.0,0,0,0,0,2,0,0,0,0,0,0,0,0,0,0,0,0,0,0,0,0,2,0,0,0,0,0,0,0,0
NKOAHVajud34ULCVvUSToA,"Pharmacy, Health & Medical",43.6658735,-79.4071499,Rexall,3,2.0,2,0,0,0,0,0,1,0,0,0,0,0,0,0,0,0,0,0,0,0,0,0,0,0,0,0,0,0,1,0
NPHZkn1e-tSJAbo8Zm9rYw,"Mexican, Tex-Mex, Restaurants",43.6661812,-79.3164682,Burrito Bandidos,46,3.5,0,0,0,0,2,0,0,1,0,0,0,0,0,2,0,2,2,1,1,1,2,2,1,0,2,0,0,1,4,0
NyZpF90s9yDgrBl0vE6dww,"Shopping, Florists, Flowers & Gifts",43.6755453,-79.4045198,The Rose Emporium,5,4.0,0,0,0,0,0,0,0,0,0,0,0,0,0,0,0,0,0,0,0,0,0,2,0,0,0,0,0,0,0,0
OT9ZX1RwbydJm-PassDQmQ,"Banks & Credit Unions, Financial Services",43.6406058,-79.3770537,Scotiabank,3,3.0,0,0,0,0,0,0,0,0,0,0,0,0,0,0,0,0,0,0,0,0,0,0,0,0,0,0,0,0,0,0
OjBGgq6OWuBmABDwbs7uyQ,"Truck Rental, Automotive, Home Services, Local Services, Movers, Self Storage, Trailer Rental, Propane",43.7173062,-79.536983,U-Haul at Weston Rd,3,2.5,0,0,0,0,0,0,0,0,0,0,0,0,0,0,0,0,0,0,0,0,0,0,0,0,0,0,0,0,0,0
P6LoSYjmQeBo-VynO1-imQ,"Pet Boarding, Pet Sitting, Veterinarians, Pets, Pet Services",43.6807437,-79.4290697,St Clair Veterinary Facilities,11,3.0,0,0,0,0,0,0,0,0,0,0,0,0,0,0,0,0,0,0,0,0,0,0,0,0,0,0,0,0,1,0
PHUePqpPSSEeD73SuNexLg,"Breakfast & Brunch, Food, Juice Bars & Smoothies, Restaurants, Vegan",43.6381221,-79.4181561,Garden Gangsters,16,3.0,0,0,0,0,0,0,0,0,0,0,0,0,0,0,0,2,0,0,0,1,1,0,1,0,2,0,0,0,0,0
PqbfTWcAN3SDOE7t41zW9A,"Fast Food, Salad, Restaurants, Vegetarian",43.6399547,-79.382025,Freshii,3,2.5,0,0,0,0,0,0,0,0,0,0,0,0,0,0,0,0,0,0,0,0,0,0,0,0,0,0,0,0,0,0
Q6bQkoVJOTh-qJFa0EfHAQ,"Food, Japanese, Creperies, Desserts, Restaurants, Cafes",43.6600119,-79.3788931,Crazy Crepes,22,4.0,0,0,0,0,0,0,0,0,0,0,0,0,0,0,0,2,0,0,1,0,0,0,1,0,2,0,0,1,2,0
QMdMW38abUEoewUe1jvxRA,"Food Court, Restaurants, Chinese",43.821683,-79.29828,Pot Rice & Rolls House,8,3.0,0,0,0,0,0,0,0,0,0,0,0,0,0,0,0,0,0,0,0,2,2,0,1,0,2,0,0,0,1,0
QoGJ65YecJb_Oo_TvrhgKQ,"Endodontists, Dentists, Health & Medical",43.6562234,-79.3871042,University of Toronto/Faculty of Dentistry,4,2.0,0,0,0,0,0,0,2,0,0,0,0,0,0,0,0,0,0,0,0,0,0,0,0,0,0,0,0,0,11,0
STmBOy-RzoC0erzfKxEUxw,"Restaurants, Pizza",43.7554674,-79.3484244,Pizza Nova,5,3.0,0,0,0,0,0,0,0,2,0,0,0,0,0,2,0,0,0,0,3,2,2,1,1,0,2,0,0,3,0,0
SeRG0f7jIS2Jq-CTZKqGoA,"Barbeque, Restaurants, Portuguese",43.6398087155,-79.4219760483,Liberty Village Rotisserie Grill,44,4.0,0,0,0,0,2,0,0,2,0,0,0,0,0,2,0,2,2,2,1,1,2,2,1,0,2,0,0,1,4,0
TJstASXrfYFnVz5-zfSeWA,"Restaurants, Food, Sandwiches, Salad, Coffee & Tea",43.6593233,-79.3894167,Aroma Espresso Bar,9,3.0,0,0,0,0,2,0,0,0,0,0,0,0,0,1,0,2,0,2,3,1,1,1,1,0,2,0,0,3,1,0
T_Vjy4_Z-F0mFQMLRHDTrQ,"Restaurants, Caribbean",43.6653403,-79.4102561,Jerk King,58,3.5,0,0,0,0,2,0,0,2,0,0,0,0,0,2,0,2,2,1,1,1,2,1,1,1,2,0,0,1,7,0
UqHri5Lad-6HBDc14WR5Zw,"Nail Salons, Hair Salons, Day Spas, Beauty & Spas",43.6472616,-79.3785998,Nino D'Arena,5,3.5,0,0,0,0,0,0,2,0,0,0,0,0,0,0,0,0,0,0,0,0,0,3,0,0,0,0,0,0,0,0
VDT4UpFnwTqkFMOkjPQTwQ,"Organic Stores, Restaurants, Korean, Food",43.6389957,-79.4461904,Greenfield Market,5,4.0,0,0,0,0,0,0,0,0,0,0,0,0,0,1,0,0,0,1,0,1,0,2,0,0,0,0,0,0,4,0
VNyWT0hLkIHzt5HQ0W4tSg,"American (Traditional), Bars, Sports Bars, Chicken Wings, Nightlife, Gastropubs, Restaurants, Pubs",43.6469296,-79.374978,Tilted Kilt Pub & Eatery,82,2.5,0,0,2,0,2,0,0,1,0,0,0,0,0,1,2,2,3,2,1,1,2,2,0,0,2,0,0,1,15,2
VZiCUfK61OnhF_wnz_OKiA,"Breakfast & Brunch, Cafes, Restaurants, Italian",43.64396,-79.3902103,Java Joes,3,2.5,0,0,0,0,0,0,0,0,0,0,0,0,0,0,0,0,0,0,3,0,0,1,0,0,2,0,0,3,1,0
WvMkxBdYLTh8ikog84ghCA,"Food, Food Delivery Services",43.7734413147,-79.3319244385,RealEat Inc,4,2.0,0,0,0,0,0,0,0,0,0,0,0,0,0,0,0,0,0,0,0,0,0,0,0,0,0,0,0,0,0,0
Ys5qxhXBYDBynvVA-6ovCg,"Home Services, Real Estate Agents, Real Estate, Real Estate Services",43.6436404,-79.4230949879,Matthew Smith,3,5.0,0,0,0,0,0,0,2,0,0,0,0,0,0,0,0,0,0,0,0,0,0,0,0,0,0,0,0,0,1,0
YtI1muig-L0f8Rs7Zel2Qg,"Arts & Crafts, Hobby Shops, Shopping, Toy Stores",43.6516605723,-79.3969200496,MeepleMart,30,4.0,0,0,0,0,2,0,0,0,0,0,0,0,0,0,0,0,0,0,0,0,0,2,0,0,0,0,2,0,5,0
Zve1Pud9AGjKbryoXbVjJw,"Automotive, Auto Detailing, Car Wash",43.6654145,-79.4865216,Seven Star Car Detailing,4,4.5,0,0,0,0,0,0,0,0,0,0,0,0,0,0,0,0,0,0,3,0,0,0,0,0,0,0,0,3,0,0
a4SBsNEDCe0Rc8dckfwk6A,"Music Venues, Arts & Entertainment, Bars, Karaoke, Nightlife, Dive Bars",43.6521194,-79.4074449,Hard Luck Bar,14,2.5,0,0,2,0,2,0,0,0,0,0,0,0,0,1,1,2,4,1,0,0,2,3,2,0,0,0,0,0,1,0
bNHeKmkBx5emT9xLfdWyjw,"Restaurants, Japanese, Sushi Bars",43.665598817,-79.3869840389,Tokyo Sushi,111,4.0,0,0,1,0,2,0,0,2,0,0,0,0,0,2,0,2,1,1,1,2,2,2,2,0,2,0,0,1,12,0
br4SgqWWfJBFBTU3kWrH8g,"Caterers, Restaurants, Indian, Party & Event Planning, Event Planning & Services",43.6721735,-79.3220292,Indian Rasoi,3,2.5,0,0,0,0,0,0,0,0,0,0,0,0,0,0,0,2,0,0,0,0,0,0,0,0,0,0,0,0,0,0
f6NGTdANabKY9qZueEU68Q,"Carpet Installation, Carpeting, Home Services, Local Services, Carpet Cleaning",43.7886056,-79.2357755,Carpet Repairman,4,5.0,0,0,0,0,0,0,2,0,0,0,0,0,0,0,0,0,0,0,0,0,0,0,0,0,0,0,0,0,1,0
fIBrbhvU9T2PZuch_wBK_g,"Fast Food, Restaurants, Pizza, Chicken Wings, Salad",43.7314258,-79.4194594,Panago Pizza,7,3.5,0,0,0,0,0,0,0,1,0,0,0,0,0,2,0,2,1,1,1,2,2,2,1,0,2,0,0,1,0,0
gCmr4tZw4OR4NInbSzU6LA,"Appliances & Repair, Local Services",43.638175,-79.4153863,On-Demand Appliance Repair,3,2.5,0,0,0,0,0,0,2,0,0,0,0,0,0,0,0,0,0,0,0,0,0,0,0,0,0,0,0,0,1,0
hKtCr5zWLGSdnqrtpIMysg,"Home & Garden, Shopping, Home Decor, Fashion, Women's Clothing",43.6488188,-79.3724583,Kochi Stores,3,4.5,0,0,0,0,0,0,0,0,0,0,0,0,0,0,0,0,0,0,0,0,0,0,0,0,0,0,0,0,1,0
hLMR8KpRT60aruFli-OtDQ,"Beauty & Spas, Nail Salons",43.7754702,-79.2305767,Favour Nails,5,3.0,0,0,0,0,0,0,0,0,0,0,0,0,0,0,0,0,0,0,0,0,0,1,0,0,0,0,0,0,0,0
hk2jA4-Phij48y8ixmIhiQ,"Restaurants, Italian",43.6575662,-79.3884777,Pastabilities,3,3.0,0,0,1,0,0,0,0,1,0,0,0,0,0,2,0,2,4,1,2,1,2,1,1,0,2,0,0,2,0,0
kaFLI-hukQWDIB4HetES1w,"Home Cleaning, Home Services, Home Organization",43.7097897,-79.2948805,Maid In T.O,15,3.5,0,0,0,0,0,0,2,0,0,0,0,0,0,0,0,0,0,0,0,0,0,0,0,0,0,0,0,0,0,0
mnl--aPTfJTj1tIXJYwx5g,"Arts & Entertainment, Wine Bars, Social Clubs, Bars, Nightlife",43.6523168,-79.3728437,The Vintage Conservatory,7,4.0,0,0,0,0,0,0,0,0,0,0,0,0,0,1,0,2,2,1,0,0,2,2,1,0,0,0,0,0,0,0
mxEXOkK-zji3VfDr1CLFAA,"Hotels & Travel, Hotels, Event Planning & Services",43.700195,-79.5855035,Pearson Hotel & Conference Centre Toronto Airport,17,1.5,0,0,0,0,0,0,0,0,0,0,0,0,0,0,0,0,0,0,3,0,0,1,0,0,0,0,0,3,1,0
n_-CwlqV8fzEIUPky8Ibtw,"Gastropubs, Nightlife, British, Bars, Restaurants, Pubs",43.6707168,-79.393126,The Oxley,136,4.0,0,0,2,0,1,0,0,1,1,0,1,0,0,1,1,2,2,2,3,1,2,2,2,2,2,1,1,3,14,0
oBfw3JSSQO8Pyq-o2Chzkw,"Grocery, Food",43.653623,-79.3977756,Hua Sheng Supermarket,23,2.5,0,0,0,0,2,0,0,1,0,0,0,0,0,0,0,0,0,0,0,0,0,1,0,0,2,0,0,0,1,0
oU-Af-_1zT-ewuLfIubN2w,"Japanese, Restaurants, Sushi Bars",43.6786948,-79.3470507,Katsu Japanese Restaurant,92,3.0,0,0,2,0,2,0,0,1,0,0,0,0,0,2,0,2,2,2,1,2,2,2,2,0,2,0,0,1,10,0
oc8204pyvf9ixdA4JzzaLA,"Restaurants, Pizza, Bars, Canadian (New), Cocktail Bars, Nightlife",43.6436546,-79.4228095,The Good Son,177,4.0,0,0,2,0,2,0,0,2,0,0,0,0,0,1,1,1,2,1,3,1,2,3,2,2,2,1,2,3,9,0
pmKTDFiRqHd_9BpSrKl1qQ,"Furniture Stores, Home & Garden, Shopping, Home Decor",43.6684544,-79.3065297,Structube,5,2.5,0,0,0,0,0,0,0,0,0,0,0,0,0,0,0,0,0,0,0,0,0,0,0,0,0,0,0,0,0,0
qevbi5iPlP7kAxY7qILEVw,"Shopping Centers, Shopping, Fashion",43.6715255,-79.3946025,Yorkville Village,3,3.5,0,0,0,0,2,0,0,0,0,0,0,0,0,0,0,0,0,0,0,0,0,4,0,0,0,0,2,0,3,0
uB0--oSQ0x5scE447E7t5Q,"Hobby Shops, Tobacco Shops, Vape Shops, Shopping",43.6537054,-79.3732952,The Ecig Flavourium - Vape Boutique,10,5.0,0,0,0,0,2,0,1,0,0,0,0,0,0,0,0,0,0,0,0,0,0,1,0,0,0,0,0,0,0,0
uYl1BeC_yvzqjKDdFHb0Jg,"Shopping, Ophthalmologists, Doctors, Health & Medical, Optometrists, Eyewear & Opticians",43.734111,-79.344446,LensCrafters Optique,3,3.5,2,0,0,0,0,0,1,0,0,0,0,0,0,0,0,0,0,0,0,0,0,3,0,0,0,0,0,0,0,0
vpV5NDk5otyfTZgmtZaENw,"Waxing, Beauty & Spas, Skin Care, Hair Removal, Nail Salons, Eyelash Service",43.6585076,-79.3822429,Pretty Yonge Thing,4,1.0,0,0,0,0,0,0,0,0,0,0,0,0,0,0,0,0,0,0,0,0,0,2,0,0,0,0,0,0,0,0
xJFe6YZho1jvA3DRGXn5PA,Beauty & Spas,43.8350954,-79.250357,Pari Beauty Spa,3,4.5,0,0,0,0,0,0,0,0,0,0,0,0,0,0,0,0,0,0,0,0,0,0,0,0,0,0,0,0,0,0
