business_id,categories,latitude,longitude,name,review_count,stars,AcceptsInsurance,AgesAllowed,Alcohol,BYOB,BikeParking,BusinessAcceptsCreditCards,ByAppointmentOnly,Caters,CoatCheck,Corkage,DogsAllowed,DriveThru,GoodForDancing,GoodForKids,HappyHour,HasTV,NoiseLevel,OutdoorSeating,RestaurantsAttire,RestaurantsDelivery,RestaurantsGoodForGroups,RestaurantsPriceRange2,RestaurantsReservations,RestaurantsTableService,RestaurantsTakeOut,Smoking,WheelchairAccessible,WiFi,tips_counter_bz,total_compliments_bz
-IlQvDjwqOnA0iqlbmWX-Q,"African, Restaurants",43.6793687,-79.3416048,Le Plato,6,4.0,0,0,0,0,0,0,0,0,0,0,0,0,0,0,0,2,0,0,0,0,0,0,0,0,0,0,0,0,1,0
-grWXL6_ngCGcXp8IbQU0g,"Caterers, Breakfast & Brunch, Event Planning & Services, Bagels, Kosher, Food, Restaurants",43.718317,-79.429265,Bubby's Bagels,13,4.5,0,0,0,0,2,0,0,2,0,0,1,0,0,2,0,1,2,1,3,2,2,1,1,1,2,0,1,3,2,0
0KN2L1CNIj4ppjNwIKJ2nw,"Restaurants, Food, Poutineries, Food Trucks, Burgers",43.653226,-79.3831843,Gotham Grill,10,3.5,0,0,0,0,0,0,0,0,0,0,0,0,0,2,0,0,0,0,0,1,1,0,1,0,2,0,0,0,1,0
0bR4nPbExSouXYOtzy1uDw,"Bookstores, Books, Mags, Music & Video, Shopping",43.656479,-79.4086989,Balfour Books,9,4.0,0,0,0,0,2,0,0,0,0,0,0,0,0,0,0,0,0,0,0,0,0,1,0,0,0,0,0,0,1,0
1BmnmQChZE8xGdhoGV-VNg,"Caribbean, Fast Food, Restaurants",43.669144,-79.3391627,Tropical Joe's,63,4.0,0,0,0,0,2,0,0,2,0,0,0,1,0,2,0,2,3,1,1,1,2,1,1,1,2,0,0,1,9,0
1O-BkFQRbCjyqAeweeGibQ,"Restaurants, Breakfast & Brunch",43.658666,-79.3883689,The Bagel Stop,3,1.5,0,0,0,0,0,0,0,0,0,0,0,0,0,0,0,0,0,1,0,0,0,0,0,0,0,0,0,0,0,0
33hBdrw45g9OB_uS-802Lw,"Gyms, Fitness & Instruction, Trainers, Active Life",43.6670606974,-79.4427324946,Planet Fitness,35,2.5,0,0,0,0,2,0,1,0,0,0,0,0,0,1,0,0,0,0,0,0,0,0,0,0,0,0,0,0,1,0
3WLKYFOmZx1MpS66AtGXCA,"Beauty & Spas, Cosmetics & Beauty Supply, Shopping",43.768597,-79.3884178,The Body Shop,4,2.0,0,0,0,0,0,0,0,0,0,0,0,0,0,0,0,0,0,0,0,0,0,2,0,0,0,0,0,0,2,0
3n2dVQx76FdJZpTHFLJzkQ,"Cinema, Arts & Entertainment",43.6728767,-79.287302,Fox Theatre,25,4.5,0,0,0,0,0,0,0,0,0,0,0,0,0,2,0,0,0,0,0,0,0,0,0,0,0,0,0,0,6,0
4TP12Hhcevfhutv9HCQBJw,"Pet Stores, Pets",43.6496553,-79.3973666,Pet Food Platters,7,5.0,0,0,0,0,0,0,1,0,0,0,0,0,0,0,0,0,0,0,0,0,0,0,0,0,0,0,0,0,0,0
5RzR64HqnLRHo-MpZ129mQ,"Restaurants, Italian",43.6867341,-79.3937883,Nove Trattoria,49,4.0,0,0,2,0,2,0,0,0,0,0,0,0,0,1,0,2,2,1,0,1,2,2,2,0,2,0,0,0,5,0
7XQLq8mnPeO5Wjhx7EBajg,"Restaurants, Vietnamese",43.6550689,-79.3860965,Pho Orchid,114,2.5,0,0,0,0,2,0,0,1,0,0,0,0,0,2,0,2,1,2,1,1,2,1,1,0,2,0,0,1,6,0
80E_I7jlOOfQp5JuFs-yBw,"Hair Salons, Nail Salons, Beauty & Spas, Massage",43.6666643,-79.4650443,Aphrodite Salon and Spa,11,2.0,0,0,0,0,0,0,2,0,0,0,0,0,0,1,0,0,0,0,0,0,0,3,0,0,0,0,0,0,4,0
8Ut7jLwv3UNSIkBDVOTA0Q,"Apartments, Real Estate, Hotels & Travel, Home Services, Vacation Rentals",43.6419912036,-79.3815961853,The Ice Condos,11,2.5,0,0,0,0,0,0,2,0,0,0,0,0,0,0,0,0,0,0,0,0,0,0,0,0,0,0,0,0,0,0
9ZiDvEuYv-ABq_JDEnrOgg,"Pizza, Event Planning & Services, Caterers, Restaurants",43.6416947,-79.4020503,Domino's Pizza,22,2.0,0,0,0,0,2,0,0,0,0,0,0,0,0,2,0,0,0,1,0,2,2,1,1,0,2,0,0,0,6,0
Ado3kudEn4uApQBWFCqWLA,"Diners, Restaurants, Coffee & Tea, Food, Breakfast & Brunch",43.6634891,-79.3722871,Chew Chew's Diner,95,3.5,0,0,2,0,2,0,0,2,0,0,1,0,0,2,0,2,2,1,1,1,2,2,1,0,2,0,0,1,128,0
B7crzLt3Cmq2Uy3JOiMnRw,"Cinema, Arts & Entertainment",43.6486224,-79.3912267,Scotiabank Theatre,153,3.5,0,0,0,0,0,0,1,0,0,0,1,0,0,2,0,0,0,0,0,0,0,0,0,0,0,0,0,0,73,0
C6f7XphMiqYuIXn-g_nsRQ,"Home Services, Movers",43.6791549719,-79.4089263095,You Move Me Toronto,25,3.0,0,0,0,0,0,0,2,0,0,0,0,0,0,0,0,0,0,0,0,0,0,0,0,0,0,0,0,0,1,0
CTQIpV_6R8Mhy_rXxfOjBA,"Keys & Locksmiths, Home Services",43.6680716,-79.3883674,FobToronto,3,5.0,0,0,0,0,2,0,2,0,0,0,0,0,0,0,0,0,0,0,0,0,0,0,0,0,0,0,2,0,1,0
Fwy11PVntky9W8C1DvaGnQ,"Shopping, Jewelry",43.6388865,-79.380352,Vivah Jewellery,3,2.0,0,0,0,0,0,0,0,0,0,0,0,0,0,0,0,0,0,0,0,0,0,2,0,0,0,0,0,0,0,0
GP3r9MZ2Pt9cR7UHrx9lbQ,"Dentists, Health & Medical, General Dentistry",43.6588399,-79.3506447,Riverside Dental,13,5.0,0,0,0,0,0,0,2,0,0,0,0,0,0,0,0,0,0,0,0,0,0,0,0,0,0,0,0,0,1,0
H1gbGuzqbm8Weci0tUjwuQ,"Dry Cleaning & Laundry, Local Services, Laundry Services",43.7194653,-79.2496522,Grace Wedding Gown Specialists,15,4.5,0,0,0,0,1,0,0,0,0,0,0,0,0,0,0,0,0,0,1,0,0,3,0,0,0,0,0,1,2,0
HtvGPJBI3y9t4csQi32_BQ,"Books, Mags, Music & Video, Music & DVDs, Bookstores, Vinyl Records, Shopping",43.6507368,-79.4506095,She Said Boom,10,4.0,0,0,0,0,0,0,0,0,0,0,0,0,0,0,0,0,0,0,0,0,0,1,0,0,0,0,1,0,0,0
J1AB1D3_MC8513stcvQEjQ,"Coffee & Tea, Food",43.6501451,-79.4815167,Say Tea,14,4.0,0,0,0,0,2,0,0,0,0,0,0,0,0,0,0,0,0,1,1,0,0,1,0,0,0,0,0,1,2,0
JFMNCWahZP-AYwHxkZADSw,"Home Services, Professional Services, Office Cleaning, Home Cleaning",43.6761683,-79.5661388,Cleaning Company Solutions,3,2.5,0,0,0,0,0,0,0,0,0,0,0,0,0,0,0,0,0,0,0,0,0,0,0,0,0,0,0,0,1,0
K17u6tHn4zvy1bMnSszO0w,"Nail Salons, Beauty & Spas",43.7169465,-79.4006959,Good Nails,4,1.5,0,0,0,0,2,0,1,0,0,0,0,0,0,0,0,0,0,0,0,0,0,2,0,0,0,0,0,0,0,0
L-Rhai11kLsL6tKvOGNG8Q,"Fitness & Instruction, Gyms, Active Life, Trainers, Sports Clubs",43.6787532,-79.3454219,GoodLife Fitness,17,2.5,0,0,0,0,2,0,1,0,0,0,0,0,0,1,0,0,0,0,0,0,0,0,0,0,0,0,0,0,0,0
L3rRRtJ1TMScsb-Qqb0Onw,"Breakfast & Brunch, Restaurants, Burgers, Salad",43.6622914718,-79.4248295991,Station Cafe & Kitchen,14,4.0,0,0,0,0,0,0,0,0,0,0,0,0,0,0,0,2,0,2,0,0,0,0,0,0,0,0,0,0,1,0
NbtBTmB8ngp98NqUURR2gA,"Health & Medical, Medical Spas, Massage Therapy, Beauty & Spas, Osteopathic Physicians, Traditional Chinese Medicine, Hair Removal, Nutritionists, Acupuncture, Doctors, Massage",43.6653415,-79.384603,Yi Therapy,4,5.0,2,0,0,0,2,0,2,0,0,0,0,0,0,0,0,0,0,0,0,0,0,2,0,0,0,0,2,0,1,0
QnB24kLHmSNIaKSWr7JMLg,"Barbers, Cosmetics & Beauty Supply, Shopping, Blow Dry/Out Services, Beauty & Spas, Hair Salons",43.6508690062,-79.3974806942,Seefu Hair Spadina,125,4.0,0,0,0,0,2,0,1,0,0,0,0,0,0,2,0,0,0,0,3,0,0,2,0,0,0,0,0,3,5,0
R0VWDbJxUt4xZ3Os_YLDDg,"Afghan, Grocery, Food, Restaurants",43.7149825054,-79.5937590372,Dubai-Mazaar Fine Foods,3,4.0,0,0,0,0,0,0,0,0,0,0,0,0,0,0,0,0,0,0,0,0,0,0,0,0,0,0,0,0,0,0
TjlaiQl5p9Q7dH_ZNZPa5A,"Fitness & Instruction, Trainers, Active Life, Gyms",43.6513783,-79.3716486,Crossfit 6S,4,5.0,0,0,0,0,0,0,0,0,0,0,0,0,0,0,0,0,0,0,0,0,0,0,0,0,0,0,0,0,0,0
U0md3UhNA2123G-vYR9hWQ,"Restaurants, Delis, Hungarian, Event Planning & Services, Breakfast & Brunch, German, Caterers",43.701592,-79.3870967,Bread & Butter,37,3.5,0,0,2,0,2,0,0,2,0,0,0,0,0,2,0,2,1,2,3,2,2,1,2,0,2,0,0,3,12,0
U3xIe5_9iK95S9HxduOgWw,"Food, Italian, Beer, Wine & Spirits, Restaurants, Nightlife, Bars",43.6620741,-79.3353522,Ascari Enoteca,109,4.0,0,0,2,0,2,0,0,1,0,0,0,0,1,1,1,2,2,1,1,1,2,3,2,2,1,1,0,1,11,0
XxnnXca0ODSmMpS5QrWlCg,"Specialty Food, Food, Mexican, Restaurants",43.7585522,-79.4896949,Taco Bell,10,1.5,0,0,0,0,2,0,0,0,0,0,0,0,0,0,0,0,0,0,0,0,0,2,0,0,2,0,0,0,2,0
ZAAgbKCvfT92kMfeW7rusA,"Pharmacy, Health & Medical",43.6981868,-79.396272,Davisville Pharmasave,3,4.5,2,0,0,0,0,0,1,0,0,0,0,0,0,0,0,0,0,0,1,0,0,0,0,0,0,0,0,1,1,0
Zkn1y0l3eDjzIONKMNl-ew,"Restaurants, Nightlife, Gastropubs, Bars, Pubs",43.6667489585,-79.3816431239,Storm Crow Manor,76,4.0,0,0,2,0,2,0,1,0,1,0,1,0,1,0,2,2,0,2,3,0,2,2,2,2,2,1,1,3,3,0
Zt-BVJYQcxjeaG_P6H3ziA,"Arts & Entertainment, Social Clubs, Event Planning & Services, Venues & Event Spaces, Shared Office Spaces, Real Estate, Home Services",43.6435899,-79.4022922,Love Child Social House,18,3.0,0,0,0,0,0,0,0,0,0,0,0,0,0,0,0,0,0,0,3,0,0,0,0,0,0,0,0,3,1,0
aNGKQl-_xeUbMZGMIRGQew,"Restaurants, Barbeque",43.6502911,-79.3839517,Cherry Street Bar-B-Que,15,3.0,0,0,0,0,2,0,0,2,0,0,0,0,0,2,0,0,0,2,3,0,2,2,1,0,2,0,2,3,0,0
aoyvZ1msYCRU0d0gR-7Iig,"Framing, Arts & Crafts, Shopping, Art Galleries, Home Decor, Home & Garden, Arts & Entertainment",43.6653475,-79.471658,Picture It Framed,4,3.5,0,0,0,0,2,0,0,0,0,0,0,0,0,0,0,0,0,0,0,0,0,2,0,0,0,0,0,0,0,0
cCjlAC9QdWNcqFvybA3IBQ,"Party & Event Planning, Event Planning & Services, Venues & Event Spaces, Boat Charters",43.6183162,-79.4796739,Mimico Cruising Club,3,4.0,0,0,0,0,0,0,0,0,0,0,0,0,0,0,0,0,0,0,0,0,0,0,0,0,0,0,0,0,1,0
cnkV0MpaeRY2mIQpPSWK4Q,"Breakfast & Brunch, Restaurants, Canadian (New), Nightlife, Bars, Food",43.6515112,-79.3677665,Bodega Henriette,24,4.5,0,0,2,1,2,0,0,1,1,1,0,0,0,0,0,2,0,2,3,1,2,2,0,2,2,0,1,3,0,0
eH4f7_hN8qzamuXBOvVLdg,"Breakfast & Brunch, Restaurants",43.6951752,-79.3428606,Eggsmart,13,2.5,0,0,0,0,0,0,0,0,0,0,0,0,0,2,0,2,2,1,0,1,2,1,1,0,2,0,0,0,3,0
ew1g8MSS7dPxBtOMnIcDzQ,"Salad, Local Flavor, Restaurants, Caterers, Event Planning & Services, Vegetarian, Sandwiches, Fast Food",43.7885245667,-79.5484533214,Freshii,12,3.0,0,0,0,0,2,0,0,0,0,0,0,0,0,2,0,2,0,2,0,1,1,2,1,0,2,0,0,0,2,0
fCzRSrzvKburjoCk1e3Mog,"Mini Golf, Active Life, Golf",43.7849723604,-79.2467635265,Metro Golf Dome,5,3.0,0,0,0,0,0,0,0,0,0,0,0,0,0,2,0,0,0,0,0,0,0,0,0,0,0,0,0,0,1,0
fp8h0LdbO5WxiK41oYgZVA,"Nightlife, Bars, Restaurants, Lounges, Asian Fusion",43.6602728,-79.4325769,Idle On Bloor,11,3.5,0,0,2,0,2,0,0,1,2,0,0,0,1,2,2,2,2,1,3,2,2,2,2,2,2,1,1,3,1,0
h-Il9oq7rJKkRTIEg9uIOw,"Restaurants, Halal, Middle Eastern, Donairs, Greek, Food, Mediterranean",43.649481,-79.37071,Big Pita,11,3.5,0,0,0,0,2,0,0,0,0,0,0,0,0,2,0,2,1,1,1,0,1,2,1,1,2,0,0,1,0,0
kffcRahETLKXjY6j3DkHpA,"Vape Shops, Shopping, Tobacco Shops",43.6726126,-79.2871639,The Ecig Flavourium,13,4.5,0,0,0,0,2,0,0,0,0,0,2,0,0,0,0,0,0,0,0,0,0,2,0,0,0,0,2,0,2,0
lfIihPuqUd3t0EIrjlcTwQ,"Customized Merchandise, Shopping, Antiques, Local Services, Furniture Rental, Furniture Stores, Home & Garden",43.6476672,-79.4040738,RusTeak,4,4.0,0,0,0,0,2,0,1,0,0,0,0,0,0,0,0,0,0,0,0,0,0,3,0,0,0,0,0,0,0,0
nOmR49imE4GtmwWVLkHS9A,"Restaurants, Mexican",43.6543909,-79.4022305,Pancho y Emiliano,104,3.5,0,0,0,0,2,0,0,0,0,0,0,0,0,2,0,2,2,2,1,1,2,2,1,2,2,0,0,1,7,1
o2uZemnFnlyEV0YDEiWBIw,"Restaurants, Pizza",43.6689515,-79.3374253,Double D's,97,3.0,0,0,1,0,2,0,0,1,0,0,0,0,0,2,0,2,2,2,1,2,1,2,1,2,2,0,0,1,8,0
oT_p2NobcmvP4_eAataXbw,"Restaurants, Diners, Breakfast & Brunch",43.6711726,-79.3762316,Eggsmart,26,2.5,0,0,0,0,2,0,0,1,0,0,0,0,0,2,0,2,2,1,1,1,2,1,1,0,2,0,0,1,2,1
oXCsb5KefGaqPC04sLp2BQ,"Arts & Entertainment, Active Life, Fitness & Instruction, Stadiums & Arenas",43.6356681299,-79.4293314632,Allan Lamport Stadium,8,3.0,0,0,0,0,0,0,0,0,0,0,0,0,0,2,0,0,0,0,0,0,0,0,0,0,0,0,0,0,1,0
pPgyuGtcNIBRfrPFu3Vceg,"Hawaiian, Food, Restaurants, Poke, Japanese, Sushi Bars",43.759711924,-79.4107027986,Poke Eats,116,4.0,0,0,0,0,2,0,0,1,0,0,0,0,0,2,0,2,2,1,1,1,1,2,1,1,2,0,0,1,19,0
pRRgtama5ZR--7UO0ljUrw,"Walk-in Clinics, Doctors, Medical Centers, Pediatricians, Health & Medical, Urgent Care",43.703869,-79.412855,kid-E-care,3,5.0,0,0,0,0,0,0,1,0,0,0,0,0,0,0,0,0,0,0,0,0,0,0,0,0,0,0,0,0,1,0
plfchqsDkXpHdRG966VspA,"Food, Coffee & Tea",43.7193173,-79.4298287,Second Cup,13,3.0,0,0,0,0,2,0,0,0,0,0,0,0,0,0,0,0,0,2,3,0,0,2,0,0,0,0,0,3,5,0
qQsrcouREdFUk4adim1uEA,"Bakeries, Pizza, Restaurants, Sandwiches, Fast Food, Food",43.7602969,-79.3027818,Mamajoun Armenian Pizzeria,113,4.5,0,0,0,0,2,0,0,2,0,0,0,0,0,2,1,1,2,1,1,1,2,1,1,1,2,0,1,1,14,0
qhtGHIO1Qgxjh4-8Ij8Tzw,"Desserts, Ice Cream & Frozen Yogurt, Food",43.7157630014,-79.3999837339,Milkcow Cafe,87,4.0,0,0,0,0,2,0,0,1,0,0,1,1,0,2,0,0,2,0,3,0,0,2,0,0,2,0,2,3,7,0
sYUsL6Og4axZduPrJpdi0g,"Food, Restaurants, Mexican",43.6663944,-79.3853983,Fat Bastard Burrito,47,3.0,0,0,0,0,2,0,0,0,0,0,0,0,0,2,0,2,0,1,1,1,1,1,1,1,2,0,0,1,6,0
skjXX8qzEMeZ5Jgj6SpxoQ,"Coffee & Tea, Food",43.6588291,-79.3941293,The Second Cup,12,3.0,0,0,0,0,2,0,0,1,0,0,0,0,0,0,0,0,0,1,3,0,0,1,0,0,2,0,0,3,8,0
tJdC3Jnwt_0yE4Devj92hw,"Hotels, Bars, Nightlife, Hotels & Travel, Event Planning & Services",43.6822548,-79.3300454,Linsmore Tavern,9,3.0,0,0,2,0,0,0,0,0,0,0,0,0,2,0,0,2,0,1,0,0,2,2,1,0,0,0,0,0,1,0
tlyPdIY50cL0g_yH7GvY3Q,"Art Restoration, Art Galleries, Local Services, Printing Services, Arts & Entertainment, Shopping, Photography Stores & Services",43.6589534,-79.3533761,Colourgenics Fine Art Imaging,4,4.5,0,0,0,0,2,0,0,0,0,0,0,0,0,0,0,0,0,0,0,0,0,3,0,0,0,0,0,0,0,0
tnmnxPV_H4fOFkDqiDnqwg,"Sushi Bars, Restaurants, Canadian (New)",43.7066921,-79.3758028,California Roll,49,3.0,0,0,2,0,2,0,0,2,0,0,0,0,0,2,2,1,2,2,1,2,2,2,2,0,2,0,1,1,7,0
u5FaT53p0rqRr9CI8an5RA,"Food, Coffee & Tea, Grocery",43.7070701,-79.3961152,Formocha,111,4.0,0,0,0,0,2,0,0,1,0,0,0,0,0,0,0,0,0,1,3,0,0,1,0,0,2,0,0,3,18,0
uD1k76iz6c3h4doO4o7yIQ,"Shopping, Appraisal Services, Jewelry Repair, Jewelry, Local Services",43.7260026,-79.3491046,Adamar Diamonds,3,5.0,0,0,0,0,2,0,2,0,0,0,0,0,0,0,0,0,0,0,0,0,0,3,0,0,0,0,2,0,0,0
un1QSG18sZtO3lSuuHILrg,"Bakeries, Food, Desserts",43.6712445,-79.4646585,Sweet Flour Bake Shop,15,5.0,0,0,0,0,2,0,0,0,0,0,0,0,0,0,0,0,0,0,0,2,0,2,0,0,2,0,2,0,1,0
v9lgBpntXoaJJxEwuadBsQ,"Food, Restaurants, Breakfast & Brunch, Coffee & Tea",43.6377684512,-79.3922645786,Starbucks,8,3.0,0,0,0,0,1,0,0,0,0,0,0,0,0,0,0,0,0,2,3,0,0,1,0,0,2,0,0,3,1,0
vdc7trgk2b9000wM29QJ1Q,"Chiropractors, Health & Medical, Massage Therapy, Physical Therapy, Acupuncture",43.7611037,-79.4139203,Motion Care Massage & Rehab,8,5.0,2,0,0,0,0,0,2,0,0,0,0,0,0,0,0,0,0,0,3,0,0,0,0,0,0,0,0,3,0,0
wk6aHP-vxv9dhmmJVDWnPg,"Bars, Nightlife, Gay Bars",43.6641925,-79.3805449,Crews & Tangos,84,3.0,0,0,2,0,2,0,1,0,2,0,0,0,0,0,0,2,4,2,1,0,2,2,2,0,0,1,1,1,12,0
xEMkmy8K98NNyG-hwqKNDQ,"Beauty & Spas, Hair Salons",43.6525011,-79.4010388,Grace Hair Salon,20,4.5,0,0,0,0,2,0,1,0,0,0,0,0,0,2,0,0,0,0,0,0,0,1,0,0,0,0,0,0,2,0
y4sPaw0tUsAG4AxRKlF0bg,"Arts & Entertainment, Venues & Event Spaces, Cinema, Event Planning & Services",43.6655699,-79.3996052,Innis Town Hall,3,4.5,0,0,0,0,0,0,0,0,0,0,0,0,0,1,0,0,0,0,0,0,0,0,0,0,0,0,0,0,1,0
ydasIjqQ1io77Fp8fIOyTg,"Home & Garden, Baby Gear & Furniture, Shopping",43.6596895,-79.3463123,Macfab Home,3,2.0,0,0,0,0,0,0,0,0,0,0,0,0,0,0,0,0,0,0,0,0,0,0,0,0,0,0,0,0,0,0
zDJOf0uPF2BpnnTe1z26yA,"Dance Clubs, Nightlife",43.6475436,-79.3884741,Fiction Nightclub,22,1.5,0,0,2,0,1,0,0,0,0,0,0,0,2,0,0,2,4,2,0,0,2,2,0,0,0,0,0,0,2,0
