business_id,categories,latitude,longitude,name,review_count,stars,AcceptsInsurance,AgesAllowed,Alcohol,BYOB,BikeParking,BusinessAcceptsCreditCards,ByAppointmentOnly,Caters,CoatCheck,Corkage,DogsAllowed,DriveThru,GoodForDancing,GoodForKids,HappyHour,HasTV,NoiseLevel,OutdoorSeating,RestaurantsAttire,RestaurantsDelivery,RestaurantsGoodForGroups,RestaurantsPriceRange2,RestaurantsReservations,RestaurantsTableService,RestaurantsTakeOut,Smoking,WheelchairAccessible,WiFi,tips_counter_bz,total_compliments_bz
0348PkfDEyhyADjPaCEs8A,"Orthodontists, Health & Medical, Dentists, General Dentistry, Cosmetic Dentists",43.7193078,-79.4285502,Invisalign Toronto,3,4.5,0,0,0,0,0,0,2,0,0,0,0,0,0,0,0,0,0,0,0,0,0,0,0,0,0,0,0,0,0,0
0XbYWlXQrcydgJVm5q29oA,"Shopping, Cosmetics & Beauty Supply, Beauty & Spas, Hair Salons",43.6553274,-79.3632182,Blonde,15,2.5,0,0,0,0,1,0,2,0,0,0,0,0,0,1,0,0,0,0,0,0,0,3,0,0,0,0,0,0,3,0
2XibM_ahlC7kRP59gLOnCA,"Thai, Restaurants",43.648857,-79.379977,Thai Express,16,2.5,0,0,0,0,2,0,0,2,0,0,0,0,0,1,0,1,3,1,1,1,1,1,1,1,2,0,1,1,4,0
2xn5cEvhZFxFRcnxhcT0Yw,"Restaurants, Desserts, Burgers, Food, Vegan",43.6510992,-79.3791616,Planta Burger,67,3.5,0,0,0,0,2,0,0,0,0,0,0,1,0,2,0,1,3,2,1,1,1,2,1,1,2,0,0,1,5,0
3E5umUqaU5OZAV3jNLW3kQ,"Pets, Pet Services",43.6632278,-79.3293119,Tom&Sawyer Fresh Prepared Pet Meals,5,4.5,0,0,0,0,0,0,0,0,0,0,0,0,0,0,0,0,0,0,0,0,0,0,0,0,0,0,0,0,1,0
3TVquuouLqr3H5vs1iDvpg,"Makeup Artists, Shopping, Beauty & Spas, Cosmetics & Beauty Supply",43.6465177,-79.3800808,M·A·C Royal Bank Plaza,5,5.0,0,0,0,0,0,0,1,0,0,0,0,0,0,0,0,0,0,0,0,0,0,0,0,0,0,0,0,0,0,0
3xb7Ia0-Us5MP5cOZMRO6A,"Skin Care, Nail Salons, Beauty & Spas",43.7025419632,-79.4770305231,Spring Nails Beauty,4,4.0,0,0,0,0,0,0,1,0,0,0,0,0,0,0,0,0,0,0,0,0,0,2,0,0,0,0,0,0,1,0
4YaGvmVreHR0kJHavFoz7w,"Doctors, Health & Medical",43.6556377,-79.3868108,Rudd Clinic,3,2.5,0,0,0,0,0,0,1,0,0,0,0,0,0,0,0,0,0,0,0,0,0,0,0,0,0,0,0,0,0,0
4n8h8Qy7DPQnh4McWNMnAQ,"Flowers & Gifts, Shopping, Florists, Event Planning & Services",43.6469156152,-79.3792238036,Pistil Flowers,4,2.0,0,0,0,0,2,0,0,0,0,0,0,0,0,0,0,0,0,0,0,2,0,4,0,0,0,0,0,0,0,0
7AH10sZESTObfbfGZbiFlw,"Burgers, Restaurants",43.6468356,-79.3825552,Hero Certified Burgers - TD Towers,12,3.0,0,0,0,0,0,0,0,1,0,0,0,0,0,2,0,2,2,1,0,2,2,1,1,0,2,0,0,0,0,0
8OuNJzNNK2JhTPiCuaGVMw,"Italian, Restaurants",43.6482015,-79.3766134,Cantina Mercatto,21,3.5,0,0,0,0,0,0,0,0,0,0,0,0,0,0,2,2,0,2,0,0,0,0,0,0,0,0,0,0,1,0
8QwX7byTBx8bT7gKq72EGg,"Home Services, Heating & Air Conditioning/HVAC, Water Heater Installation/Repair",43.7715608,-79.3354202,Simply Green Home Services,4,2.0,0,0,0,0,0,0,2,0,0,0,0,0,0,0,0,0,0,0,0,0,0,0,0,0,0,0,0,0,0,0
8eeRctF8Tvv9TBTz7n4hGQ,"Donuts, Coffee & Tea, Food",43.6527954,-79.3788429,Tim Hortons,9,2.5,0,0,0,0,2,0,0,0,0,0,0,0,0,0,0,0,0,1,3,0,0,1,0,0,2,0,0,3,6,0
8qGgnVx8GM6-xra7_Ijzzw,"Barbeque, Restaurants, Food Trucks, Food Stands, Food",43.6425657,-79.3870557,Hogtown Smoke,22,3.0,0,0,0,0,2,0,0,2,0,0,2,0,0,2,0,1,2,2,3,1,2,2,1,1,2,0,2,3,5,0
AUXVekMhpgV7UGxXljMi3g,"Bikes, Shopping, Sporting Goods",43.659211,-79.4391431,Bike Depot,22,3.0,0,0,0,0,2,0,0,0,0,0,0,0,0,0,0,0,0,0,0,0,0,3,0,0,0,0,2,0,0,0
AWwqMTetDSTiAR_ihth2hA,"Auto Repair, Automotive, Tires",43.6399755,-79.4412702,Certified Tire & Auto,6,2.0,0,0,0,0,0,0,0,0,0,0,0,0,0,0,0,0,0,0,0,0,0,0,0,0,0,0,0,0,0,0
Afe_k1fOcOLUhEmaNlRipQ,"Musical Instruments & Teachers, DJs, Party & Event Planning, Event Planning & Services, Electronics, Musical Instrument Services, Shopping, Local Services",43.6488557,-79.3949165,Steve's Music Store,40,3.0,0,0,0,0,2,0,1,0,0,0,0,0,0,0,0,0,0,0,0,0,0,2,0,0,0,0,0,0,5,0
Aj1ocRaJoocaYEmfD5gjIQ,"Restaurants, Fast Food, Burgers, Coffee & Tea, Food",43.662008,-79.425032,McDonald's,8,3.0,0,0,0,0,2,0,0,1,0,0,0,0,0,2,0,2,2,1,3,1,2,1,1,0,2,0,0,3,1,1
CE1h6I0204noLhq7N-x36g,"Mexican, Restaurants",43.6703411,-79.2995654,Fat Bastard Burrito,22,3.0,0,0,0,0,2,0,0,1,0,0,0,0,0,2,0,2,2,1,1,2,1,1,1,1,2,0,0,1,3,0
CRIgrJTqZl4rMGdHhbvPRQ,"Sporting Goods, Active Life, Shopping, Bikes, Bike Sharing, Hotels & Travel, Bike Repair/Maintenance, Local Services, Bike Rentals, Transportation",43.6523405,-79.4013192,Bike House,8,4.0,0,0,0,0,0,0,0,0,0,0,0,0,0,2,0,0,0,0,0,0,0,1,0,0,0,0,0,0,0,0
CUHZ0FcUF9QxDrVbh3yb8w,"Nail Salons, Commissioned Artists, Beauty & Spas, Professional Services, Nail Technicians",43.6471281,-79.4054366,Danny Does Digits,3,3.5,0,0,0,0,2,0,2,0,0,0,0,0,0,0,0,0,0,0,0,0,0,2,0,0,0,0,1,0,0,0
CkS6EpvAS4MAvN8ra0SlQA,"Books, Mags, Music & Video, Shopping, Vinyl Records",43.6841909,-79.3185428,Kops Records,5,3.0,0,0,0,0,0,0,0,0,0,0,0,0,0,0,0,0,0,0,0,0,0,2,0,0,0,0,0,0,0,0
CysFFLf1G7MmHV2uoK6Phw,"Doctors, Naturopathic/Holistic, Health & Medical",43.6682091,-79.3855286,Toronto Colonics,3,2.0,0,0,0,0,0,0,0,0,0,0,0,0,0,0,0,0,0,0,0,0,0,0,0,0,0,0,0,0,0,0
DQf63-KJ25m-kDIMto614g,"Restaurants, Breakfast & Brunch",43.6508652,-79.4124287,Saving Grace,211,3.5,0,0,0,0,2,0,0,1,0,0,1,0,0,1,1,2,2,1,1,1,1,2,1,2,1,0,0,1,37,0
EEFfxnpGq4MCjR0BnKSUUg,"Local Services, Electronics Repair, IT Services & Computer Repair",43.6591828,-79.4393674,Doctor Mac,9,2.5,0,0,0,0,0,0,1,0,0,0,0,0,0,0,0,0,0,0,0,0,0,0,0,0,0,0,0,0,0,0
F7a3r2prtF5EvlfLv3clog,"Restaurants, Bars, Nightlife, Pizza, Breakfast & Brunch, Gluten-Free, Lounges",43.6444882,-79.4015886,The Parlour,16,4.0,0,0,2,0,2,0,0,1,2,0,1,0,0,0,2,2,0,2,3,1,0,0,2,2,2,1,2,3,1,0
F9qLtFU47zHR1FVuRulhaQ,"Pets, Pet Services, Pet Sitting, Pet Stores, Pet Groomers",43.6374683,-79.393787,Cosmopawlitan,15,3.5,0,0,0,0,0,0,0,0,0,0,0,0,0,0,0,0,0,0,0,0,0,0,0,0,0,0,0,0,1,0
Fky-HGbKXBGTtknuSzb8cQ,"Shopping, Flowers & Gifts, Florists",43.6550274,-79.3664642,Hello Midge The Flower Studio,4,5.0,0,0,0,0,2,0,0,0,0,0,0,0,0,0,0,0,0,0,0,2,0,2,0,0,0,0,0,0,1,0
GkT0eshEfSGTRvW8rM1-Pw,"Education, Colleges & Universities, Specialty Schools, Arts & Entertainment, Performing Arts",43.6593611971,-79.3799926312,Ryerson Theatre,9,4.0,0,0,0,0,0,0,2,0,0,0,1,0,0,2,0,0,0,0,1,0,0,0,0,0,0,0,0,1,5,0
J1Ej3TGMR7TV2HDZJaLAsQ,"Restaurants, Vietnamese, Thai",43.7633820752,-79.4899417322,Pho Nobu,6,3.5,0,0,1,1,2,0,0,2,0,1,0,0,0,0,0,2,0,1,3,2,0,0,0,2,2,0,2,3,1,0
JqNYF2EFzVmy3iUV9hsZrQ,"Hotels & Travel, Public Transportation, Transportation",43.6476547706,-79.3848610539,St. Andrew Subway Station,5,3.0,0,0,0,0,0,0,0,0,0,0,0,0,0,0,0,0,0,0,0,0,0,0,0,0,0,0,0,0,1,0
K6XIGkyk7-fuOQtA8i7p6A,"Restaurants, Bars, Breweries, Pubs, Food, Brewpubs, Nightlife, Brasseries",43.6504424511,-79.3584427521,Mill Street Brew Pub,469,3.5,0,0,2,0,2,2,1,2,1,0,1,0,1,2,2,2,2,2,3,1,2,2,2,2,2,1,2,3,55,0
KBVumy_FEKpj3Bpsnd4lmQ,"Education, Books, Mags, Music & Video, Bookstores, Shopping, Colleges & Universities",43.6550364,-79.3788051,Discount Textbooks Store,3,1.0,0,0,0,0,0,0,0,0,0,0,0,0,0,0,0,0,0,0,0,0,0,0,0,0,0,0,0,0,0,0
KrA-N1PHE-lySXQycJXmRQ,"Restaurants, Bistros",43.7462253,-79.1929429,Bickford Bistro,5,2.0,0,0,2,0,0,0,0,1,0,0,1,0,0,0,0,1,0,1,1,1,0,0,2,2,1,0,2,1,0,0
NYKxikYKbkacWumJ82TxzA,"Restaurants, Nightlife, Bars, Sports Bars, Pubs, British",43.7754496,-79.2743833,Queen Victoria Pub,16,3.5,0,0,2,0,2,0,0,2,0,0,0,0,2,1,1,2,2,2,3,1,2,2,2,0,2,0,0,3,2,0
NYsh17F0sWm-e7fVdm2CSA,"Nightlife, Cideries, Restaurants, Pubs, Food, Breweries, Bars, Brewpubs",43.6588032,-79.3496389,Brickworks Cider House,65,3.5,0,0,1,0,0,0,0,0,0,0,1,0,0,0,0,2,0,2,0,0,2,2,2,0,1,0,0,0,4,0
OEegzVs9Hr0bP96Er_rmsQ,"Coffee & Tea, Food",43.6595136,-79.3820822,Starbucks,6,3.5,0,0,0,0,2,0,0,1,0,0,0,0,0,0,0,0,0,1,3,0,0,2,0,0,2,0,0,3,3,0
PS9B-vOhM0KF1jYQhhsz1w,"Hair Salons, Beauty & Spas",43.6563334,-79.3880976,Istilo Salon,3,4.5,0,0,0,0,2,0,2,0,0,0,0,0,0,2,0,0,0,0,0,0,0,2,0,0,0,0,0,0,1,0
QWWg3mbz1VkBjfPr0gLRsQ,"Coffee & Tea, Bars, Whiskey Bars, Wine Bars, Food, Nightlife",43.6505116953,-79.3822063878,Boxcar Social,38,3.5,0,0,2,0,1,0,1,1,1,0,1,0,1,0,1,1,2,1,3,0,2,2,2,0,2,1,1,3,6,0
U8fnSVte4te75mlWYMoonQ,"Drugstores, Shopping",43.6554619,-79.3640493,Shoppers Drug Mart,11,2.0,0,0,0,0,2,0,0,0,0,0,0,0,0,0,0,0,0,0,0,0,0,2,0,0,0,0,0,0,2,0
Wb495mKQxKoJ_5JvvyCT3Q,"Hair Removal, Eyelash Service, Beauty & Spas, Nail Salons",43.6593936,-79.3853072,Bubble Bath Spa & Nails,59,4.0,0,0,0,0,2,0,1,0,0,0,0,0,0,0,0,0,0,0,0,0,0,2,0,0,0,0,0,0,7,0
Xja69DDoUqbPwFOSB3_Ckw,"Restaurants, Pizza, Sushi Bars, Kosher, Poutineries",43.7179404,-79.4296293,Slice N Bites,5,5.0,0,0,0,0,1,0,0,2,0,0,0,0,0,2,0,1,2,1,1,2,2,2,1,1,2,0,2,1,0,0
YDukMMGY8rRxm2iEl7CzqA,"Juice Bars & Smoothies, Food",43.653226,-79.3831843,Liquid Nutrition,11,3.5,0,0,0,0,0,0,0,0,0,0,0,0,0,0,0,0,0,0,0,0,0,3,0,0,0,0,0,0,1,0
YLc7Djf3GsC8IT84YkZMzw,"Thai, Restaurants, Noodles",43.6584053,-79.3657536,Sukhothai,409,4.0,0,0,0,0,2,0,0,1,0,0,0,0,0,2,0,2,2,1,1,2,1,2,2,0,2,0,0,1,58,0
ZUfmPlxbHrQVxTkkog3QqA,"Shopping, Health & Medical, Eyewear & Opticians, Optometrists",43.650864,-79.4767134,Bloor Optical,4,4.5,0,0,0,0,0,0,0,0,0,0,0,0,0,0,0,0,0,0,0,0,0,2,0,0,0,0,2,0,0,0
_6lOxgno5mnHcy89mPRJfw,"Pubs, Sports Bars, Music Venues, Bars, Arts & Entertainment, Nightlife",43.6617495204,-79.4274140149,Another Bar,7,4.5,0,0,2,0,2,0,0,0,1,0,0,0,2,1,1,2,2,1,3,0,2,1,1,0,0,0,1,3,3,0
bInADMOGP41eQpxXfyALqA,"Restaurants, Chicken Wings, Italian, Pizza",43.7749345,-79.3232085,Pizza Pizza,4,1.0,0,0,0,0,0,0,0,0,0,0,0,0,0,0,0,2,0,0,0,0,0,0,0,0,0,0,0,0,0,0
bejxx0XrZ6Ogv-o-3InELA,"Food, Taiwanese, Desserts, Restaurants",43.773284473,-79.4140255082,Sugar Marmalade,164,3.0,0,0,0,0,2,0,1,1,0,0,1,0,0,2,0,2,2,1,3,1,2,1,2,0,2,0,0,3,31,0
dBgSQubu3VuI8MX0ZhCD6g,"Hair Extensions, Beauty & Spas, Hair Salons",43.6797504,-79.3398456,Bang Salon,8,3.5,0,0,0,0,2,0,2,0,0,0,0,0,0,2,0,0,0,0,0,0,0,2,0,0,0,0,2,0,0,0
dlXgkv_R1m7LuzlG24Av9A,"Wine Bars, Cideries, Bars, Nightlife, Food, Beer Bar",43.6567713014,-79.4070108879,The Little Jerry,3,4.5,0,0,0,0,0,0,0,0,0,0,0,0,0,0,0,0,0,0,0,0,0,0,0,0,0,0,0,0,0,0
drSNuJQoHA3EB6o9KPXpRg,"Financial Services, Banks & Credit Unions, Investing",43.6833776,-79.3229608,Alterna Savings,3,1.0,0,0,0,0,0,0,0,0,0,0,0,0,0,0,0,0,0,0,0,0,0,0,0,0,0,0,0,0,0,0
fWeCh-xYQxo8VSemQrqYDQ,"Canadian (New), Restaurants, Gastropubs",43.6726452,-79.2876388,Outrigger,61,3.0,0,0,2,0,2,0,0,2,0,0,0,0,0,2,0,2,2,2,3,2,2,2,2,0,2,0,0,3,5,0
fXNea6ST3FlFpA9qmSgHGQ,"Hotels & Travel, Event Planning & Services, Boat Charters, Tours, Boating, Active Life",43.6391182,-79.3828906,Tall Ship Cruises Toronto - Tall Ship Kajama,36,3.5,0,0,0,0,0,0,0,0,0,0,0,0,0,2,0,0,0,0,0,0,0,0,0,0,0,0,0,0,4,0
fuukQ0bggEEBKVYn_e3d7Q,"Caterers, Event Planning & Services, Cafes, Restaurants, Sandwiches, Breakfast & Brunch",43.6449881563,-79.3966241141,Nook,32,4.0,0,0,0,1,2,0,0,2,0,1,1,0,0,2,1,1,2,2,1,2,2,2,1,1,2,0,1,1,2,0
fvU9EjRd8gRA9UKrLEoyQQ,"Dry Cleaning & Laundry, Local Services, Laundry Services",43.73063,-79.403445,Glenforest Cleaners,3,3.5,0,0,0,0,0,0,0,0,0,0,0,0,0,0,0,0,0,0,0,0,0,0,0,0,0,0,0,0,0,0
k4v6qIet0wXTaaMHjzqwog,"Sandwiches, Restaurants",43.6501631,-79.3765641,Sandwich Board the Tsb2000,3,2.0,0,0,0,0,0,0,0,0,0,0,0,0,0,0,0,0,0,0,0,0,0,0,0,0,0,0,0,0,1,0
nT16Y6AsJDwEpUB1JICKzg,"Farmers Market, Sandwiches, Restaurants, Grocery, Food",43.6487301,-79.3715409,St Lawrence Market,555,4.5,0,0,0,0,2,2,1,2,0,0,0,0,0,2,0,0,2,0,0,0,0,2,0,0,2,0,0,0,93,2
nY3Xn_cn5UUkRxtUmuhlaA,"Shopping, Bikes, Sports Wear, Ski & Snowboard Shops, Fashion, Sporting Goods",43.7098932,-79.3617131,Sport Chek,8,2.0,0,0,0,0,0,0,0,0,0,0,0,0,0,0,0,0,0,0,0,0,0,2,0,0,0,0,0,0,0,0
ncQTs1Sl_B-Q6AvtIxXC5w,"Food, Restaurants, Pizza, Tapas/Small Plates, Ice Cream & Frozen Yogurt, Vegan, Salad",43.6549101,-79.4145063,Virtuous Pie,46,4.5,0,0,1,0,0,0,0,1,0,0,0,0,0,0,2,1,0,0,3,2,0,0,1,0,2,0,0,3,1,0
nxGvfc8Q-Gw3HlTKkNIsQQ,"Beauty & Spas, Skin Care, Doctors, Health & Medical, Cosmetic Surgeons, Medical Spas, Laser Hair Removal, Hair Removal",43.6739492,-79.3940833,Visage Clinic,4,3.0,2,0,0,0,1,0,2,0,0,0,0,0,0,0,0,0,0,0,0,0,0,0,0,0,0,0,2,0,0,0
q0tv7o043ZVn4pMr9Cqgmw,"Beauty & Spas, Waxing, Hair Removal, Skin Care, Nail Salons",43.7121921,-79.3991297,The Ten Spot - Yonge & Eg,14,3.5,0,0,0,0,2,0,1,0,0,0,0,0,0,0,0,0,0,0,0,0,0,2,0,0,0,0,0,0,1,0
q2l6L-gdvIZewh7n5_xasQ,"American (Traditional), Restaurants, Gastropubs",43.6526085752,-79.3660836357,Banknote Bar,15,3.0,0,0,0,0,0,0,0,0,0,0,0,0,0,0,0,0,2,2,3,1,2,1,2,0,2,0,0,3,1,0
qcXZADJKWpT2lgKNTyJRxQ,"Shopping, Wedding Planning, Event Planning & Services, Flowers & Gifts, Home & Garden, Florists, Home Decor",43.6502002,-79.374674,Stôk Floral & Design,11,4.5,0,0,0,0,2,0,0,0,0,0,2,0,0,0,0,0,0,0,0,2,0,2,0,0,0,0,2,0,1,0
rC6XazDxQjHPyygERoGXvQ,"Active Life, Boating, Tours, Sailing, Hotels & Travel",43.6378226,-79.3914452,Gone Sailing Adventures,7,4.0,0,0,0,0,2,0,2,0,0,0,1,0,0,2,0,0,0,0,1,0,0,0,0,0,0,0,1,1,0,0
rnt5e8kC0uZblB7csLzYZQ,"Local Flavor, Active Life",43.6668455,-79.4578049,West Toronto Rail Path,6,5.0,0,0,0,0,2,0,0,0,0,0,0,0,0,2,0,0,0,0,0,0,0,0,0,0,0,0,0,0,12,0
rt7U1Ex5y8_u8P5p5gGEkg,"Restaurants, Burgers, Fast Food",43.675926,-79.358858,A&W,4,2.5,0,0,0,0,0,0,0,0,0,0,0,0,0,2,0,2,0,1,3,1,2,2,1,0,2,0,2,3,0,0
s9Xme3zGwJtId5_6YonmhA,"Modern European, Polish, Restaurants, Bars, Nightlife, Ukrainian",43.6499992,-79.4820306,Amber European Restaurant,32,4.0,0,0,1,0,2,0,0,2,1,0,0,0,1,2,1,2,1,1,1,1,1,2,2,2,2,1,0,1,2,0
sKwH6dkB6PEWLxyp0ICLkg,"Beer, Wine & Spirits, Chicken Wings, Pubs, Food, Bars, Nightlife, Restaurants",43.771884,-79.3213701,King George's Arms,23,3.5,0,0,2,0,1,0,0,0,0,0,0,0,0,1,0,2,1,1,1,1,2,2,1,0,2,0,0,1,6,0
tQXmUnkTEC5Oh1tgYSEF7Q,"Hobby Shops, Knitting Supplies, Arts & Crafts, Shopping",43.7314771,-79.4516349,Michaels,12,2.0,0,0,0,0,2,0,0,0,0,0,0,0,0,0,0,0,0,0,0,0,0,2,0,0,0,0,0,0,5,0
tkSOZ4ABxDxp1BTEiuhbgg,"Musical Instruments & Teachers, Shopping",43.6686007,-79.3959922,Remenyi House of Music,12,4.0,0,0,0,0,2,0,0,0,0,0,0,0,0,0,0,0,0,0,0,0,0,3,0,0,0,0,0,0,1,0
tv460aZVxuiHu1C7X2inHw,"Active Life, Tennis, Skating Rinks, Parks",43.6764023,-79.3896223,Ramsden Park,7,4.0,0,0,0,0,2,0,0,0,0,0,0,0,0,2,0,0,0,0,0,0,0,0,0,0,0,0,0,0,1,0
vo5ik86xMaMfw3_sCp_dGA,"Food, Bakeries",43.8253629004,-79.2443847656,Yaarl Cake House,3,2.5,0,0,0,0,0,0,0,0,0,0,0,0,0,0,0,0,0,0,0,0,0,0,0,0,0,0,0,0,1,0
wRvIH4SErkysd9JondMqeg,"Shopping, Tobacco Shops, Vape Shops",43.6887264,-79.3919129,Urban Vapour,3,1.0,0,0,0,0,2,0,0,0,0,0,0,0,0,0,0,0,0,0,0,0,0,4,0,0,0,0,0,0,0,0
xbmxzInleHymSlaERwhMng,"Restaurants, Sandwiches, Salad, Fast Food, Breakfast & Brunch, Soup, Vegetarian",43.670347,-79.3853019,Freshii,29,2.5,0,0,0,0,2,0,0,2,0,0,0,0,0,2,0,2,2,2,3,1,2,2,1,1,2,0,0,3,3,0
