business_id,categories,latitude,longitude,name,review_count,stars,AcceptsInsurance,AgesAllowed,Alcohol,BYOB,BikeParking,BusinessAcceptsCreditCards,ByAppointmentOnly,Caters,CoatCheck,Corkage,DogsAllowed,DriveThru,GoodForDancing,GoodForKids,HappyHour,HasTV,NoiseLevel,OutdoorSeating,RestaurantsAttire,RestaurantsDelivery,RestaurantsGoodForGroups,RestaurantsPriceRange2,RestaurantsReservations,RestaurantsTableService,RestaurantsTakeOut,Smoking,WheelchairAccessible,WiFi,tips_counter_bz,total_compliments_bz
-ICGmF2qUVKdvOehVNgPbg,"Filipino, Restaurants",43.682297,-79.423948,Lamesa Filipino Kitchen,349,4.0,0,0,2,0,2,0,0,1,0,0,1,0,0,1,0,2,2,1,3,1,2,2,2,1,2,0,1,3,34,0
-ObHuzUcFCbWGxjHl2_-qQ,"Barbers, Beauty & Spas, Hair Salons",43.7276504,-79.402644,Corallo Hair Care Centre,13,4.5,0,0,0,0,2,0,1,0,0,0,0,0,0,2,0,0,0,0,0,0,0,2,0,0,0,0,0,0,0,0
-c7xDRIj3pEv5lP_6_ATSw,"Home Services, Keys & Locksmiths",43.7210913,-79.4557975,Kinnear Lock and Key,3,1.0,0,0,0,0,0,0,0,0,0,0,0,0,0,0,0,0,0,0,0,0,0,0,0,0,0,0,0,0,0,0
-fauz1yMXy1rYt5QcdIjCA,"Beauty & Spas, Massage, Nail Salons, Waxing, Hair Removal, Day Spas",43.6876392,-79.3941028,Cozy Spa Nails,13,3.0,0,0,0,0,2,0,1,0,0,0,0,0,0,0,0,0,0,0,0,0,0,2,0,0,0,0,0,0,1,0
24EW3P7M3RBDZQawpVt5qg,"Restaurants, Salad, Sandwiches, Food Stands",43.6468356,-79.3825552,Fast Fresh Food,5,3.5,0,0,0,0,0,0,0,0,0,0,0,0,0,2,0,2,3,1,0,1,2,2,1,1,2,0,0,0,0,0
2YUPCtZkuoGQ4wBn8ncV_w,"Specialty Food, Kosher, Sushi Bars, Restaurants, Ethnic Food, Food, Imported Food",43.7175378,-79.4291488,The Kosher Gourmet,3,3.0,0,0,0,0,0,0,0,0,0,0,0,0,0,0,0,0,2,0,0,1,1,3,0,0,2,0,0,0,0,0
3HwLDQhV8nS4mgWFtRMA5A,"Sports Bars, Bars, Gay Bars, American (Traditional), Lounges, Restaurants, Nightlife",43.6656779452,-79.386706464,Striker,19,2.5,0,0,2,0,2,0,1,0,1,0,1,0,1,0,2,2,2,1,3,0,2,2,2,0,0,1,2,3,0,0
3a7Qby_IX7sU7O6ZsQZeOQ,"Home & Garden, Canadian (New), Furniture Stores, Restaurants, Shopping, American (Traditional), Breakfast & Brunch, Salad, Mediterranean, Cafes",43.7248736,-79.4555364,RH Toronto Courtyard Café,122,4.0,0,0,1,0,0,0,0,0,2,0,1,0,0,2,2,1,2,2,3,1,2,2,2,2,1,0,2,3,9,3
4bppoNRks7IdNX0PqIRTzg,"Shopping, Mobile Phones",43.775398,-79.257527,Wind Mobile,3,2.5,0,0,0,0,2,0,0,0,0,0,0,0,0,0,0,0,0,0,0,0,0,2,0,0,0,0,0,0,0,0
5HGvAbAuXCoaafL4dRcKdg,"Coffee & Tea, Food, Burgers, Fast Food, Restaurants",43.773372,-79.2818254,McDonald's,3,2.0,0,0,0,0,0,0,0,0,0,0,0,0,0,0,0,0,0,0,0,0,0,0,0,0,0,0,0,0,0,0
5asuAI4vD37n5_p4KWU9Jw,"Sporting Goods, Bikes, Shopping",43.681932,-79.4236039,Bicycles At St Clair,11,3.5,0,0,0,0,0,0,0,0,0,0,0,0,0,0,0,0,0,0,0,0,0,2,0,0,0,0,0,0,0,0
62oOH5v08ugPK5EkXYC7iA,"Local Services, Shoe Repair",43.6549817,-79.4191671,Mr Sole's Shoe Repair,5,2.0,0,0,0,0,0,0,0,0,0,0,0,0,0,0,0,0,0,0,0,0,0,0,0,0,0,0,0,0,0,0
6SVD5nIe3wuMcW9k5AMogA,"Financial Advising, Financial Services",43.7070219,-79.3960454,Inkas Merchant Services,3,1.0,0,0,0,0,0,0,0,0,0,0,0,0,0,0,0,0,0,0,0,0,0,0,0,0,0,0,0,0,0,0
6eRSdODyj9GS0w6zlhrWkg,"Restaurants, Spanish, Portuguese",43.6573112,-79.3832292,Adega Restaurante,144,4.0,0,0,2,0,2,2,0,1,0,0,0,0,0,1,0,2,2,1,1,1,2,3,2,2,1,0,0,1,15,0
7sKVHg8Kr5LJhOZCfGOH2g,"Skin Care, Hair Salons, Nail Salons, Hair Removal, Beauty & Spas, Waxing, Day Spas",43.701275,-79.397262,Pinky Nails,16,3.0,0,0,0,0,2,0,1,0,0,0,0,0,0,0,0,0,0,0,0,0,0,2,0,0,0,0,0,0,0,0
AAMGbJ2Rw6L165eWpr65Uw,"Restaurants, Food, Chicken Wings, Food Delivery Services, Pizza, Sandwiches",43.6524735178,-79.374957718,Domino's Pizza,4,2.0,0,0,0,0,0,0,0,0,0,0,0,0,0,0,0,0,0,0,0,2,2,0,0,0,2,0,0,0,3,0
Adk2VDmna8yso2WGEj8dlA,"Nightlife, Bars, Pubs",43.6626223,-79.4227446,Christie Pits Pub,6,4.5,0,0,2,0,2,0,0,0,1,0,0,0,1,0,2,2,2,1,0,0,2,2,0,0,0,0,0,0,1,0
Aov96CM4FZAXeZvKtsStdA,"Ethnic Food, Imported Food, Specialty Food, Food, Vietnamese, Restaurants",43.6658026,-79.3494489,Que Ling Restaurant,73,4.0,0,0,1,0,2,0,0,0,0,0,0,0,0,2,0,2,2,1,1,1,2,1,1,0,2,0,0,1,14,0
B4-2wA8Pj8MQK1Ylymypqg,"Restaurants, Breakfast & Brunch",43.6185096,-79.5440592,Sunny Morning,217,4.5,0,0,1,0,2,0,1,1,0,0,1,0,0,2,1,1,2,2,1,1,2,2,1,2,2,0,2,1,38,0
D-VZVpuwirkMQCFzInZLcQ,"Coffee & Tea, Shopping, Hobby Shops, Food, Knitting Supplies",43.7321202,-79.4617309,The Knitting Loft,3,5.0,0,0,0,0,0,0,0,0,0,0,0,0,0,0,0,0,0,0,0,0,0,0,0,0,0,0,0,0,0,0
DiGcxpWsHFjMyKirtyzhww,"Food, Bagels",43.6888774,-79.412606,What A Bagel,26,2.5,0,0,0,0,2,0,0,2,0,0,0,0,0,0,0,0,0,0,0,0,0,1,0,0,2,0,0,0,2,0
Dq4-B1lrW2y5YrbNc6kJnw,"Shopping, Knitting Supplies, Arts & Crafts",43.6626145,-79.4235969,EweKnit,4,3.5,0,0,0,0,2,0,0,0,0,0,0,0,0,0,0,0,0,0,0,0,0,3,0,0,0,0,0,0,0,0
Eo4s6CmPpEcXCkfg9Zk_EA,"Restaurants, Chicken Wings, Pizza, Italian, Food Delivery Services, Food",43.6778423,-79.3902487,Pizza Hut,8,2.0,0,0,0,0,0,0,0,1,0,0,0,0,0,1,0,1,0,1,0,2,1,0,1,0,2,0,0,0,1,0
F9F6IjrBBB2QW39AwbR85w,"Home Services, Apartments, Real Estate",43.6435127,-79.5328572,Serrano at Village Gate West,6,3.0,0,0,0,0,0,0,0,0,0,0,0,0,0,0,0,0,0,0,0,0,0,0,0,0,0,0,0,0,0,0
JNOHTwpu7JBgRZuunPQnOg,"Chicken Shop, Restaurants, Chicken Wings",43.6011153366,-79.5046884946,London Fried Chicken,11,3.5,0,0,0,0,0,0,0,0,0,0,0,0,0,0,0,0,0,0,1,0,0,0,1,0,2,0,0,1,0,0
LY80tYTJSgJeCalv2c62Cg,"Chinese, Restaurants",43.8229722,-79.3003888,Harmony Restaurant,28,3.5,0,0,1,0,1,0,0,2,0,0,1,0,0,2,0,2,2,0,3,1,2,1,2,2,2,0,0,3,7,0
M1viPr2C232cofWgtjKTgA,"Religious Organizations, Nightlife, Arts & Entertainment, Music Venues, Churches",43.6659727,-79.4057664,Trinity-St Paul's United Church,5,4.5,0,0,0,0,0,0,0,0,0,0,0,0,0,0,0,2,1,1,0,0,2,2,0,0,0,0,0,0,3,0
MjOFFuJpD62qNX1mbRYrkQ,"Eyelash Service, Day Spas, Beauty & Spas, Massage, Hair Salons, Nail Salons",43.7673359,-79.469949,Dazzle  Nailspa,27,4.5,0,0,0,0,2,0,2,0,0,0,0,0,0,2,0,0,0,0,3,0,0,2,0,0,0,0,2,3,1,0
O2HzJXmHYeCLcOCawU_GoQ,"Food, Ice Cream & Frozen Yogurt, Desserts, Coffee & Tea",43.6673209,-79.3129084,Brett's Ice Cream,44,4.0,0,0,0,0,2,0,0,0,0,0,1,0,0,0,0,0,0,2,3,0,0,2,0,0,2,0,0,3,4,0
P76MHwLsrlObNE0iqQ4Gjw,"Electronics, Shopping, IT Services & Computer Repair, Computers, Local Services",43.669736,-79.3020569,BeachMac,13,3.0,0,0,0,0,1,0,1,0,0,0,1,0,0,0,0,0,0,0,0,0,0,2,0,0,0,0,1,0,0,0
PfpeghKFv7RrlCCNcT_gJQ,"Beauty & Spas, Eyelash Service",43.699516,-79.514897,Exclusive Lashes,3,2.5,0,0,0,0,0,0,2,0,0,0,0,0,0,0,0,0,0,0,0,0,0,4,0,0,0,0,0,0,0,0
QA30Lo1NlV8SjnkmEkd1-A,"Korean, Restaurants, Barbeque",43.6642855,-79.4156824,Daldongnae,5,4.0,0,0,0,0,0,0,0,0,0,0,0,0,0,0,0,0,0,0,0,0,0,0,0,0,0,0,0,0,0,0
QnIJiCnX-JPomoT4QckN2g,"Parks, Active Life",43.6511645112,-79.3798359856,Cloud Gardens,6,3.5,0,0,0,0,2,0,0,0,0,0,0,0,0,2,0,0,0,0,0,0,0,0,0,0,0,0,0,0,2,0
S2eGygYWQB2yyb3-neKTlw,"Tapas Bars, Italian, Restaurants",43.6769587,-79.3538463,7 Numbers Danforth,91,3.5,0,0,2,0,2,0,0,2,0,0,0,0,0,2,0,2,3,2,1,1,2,2,2,0,2,0,0,1,8,0
ViszktJ9JnqIbfgKDbh6ug,"Towing, Automotive",43.685567,-79.34722,SSR Towing,3,1.0,0,0,0,0,0,0,0,0,0,0,0,0,0,0,0,0,0,0,0,0,0,0,0,0,0,0,0,0,1,0
VjK7IK_8KvRI2_6nSqLHEQ,"Sandwiches, Restaurants, Greek, Breakfast & Brunch",43.6887348,-79.2974507,Mr Tasty's Drive Special,9,4.0,0,0,0,0,0,0,0,0,0,0,0,0,0,2,0,0,0,0,1,2,2,1,1,0,2,0,0,1,2,0
X1feuNmpCVrNcn0wFNrnkA,"Hair Salons, Barbers, Beauty & Spas",43.6543916483,-79.3905861512,Hagen Hair & Barber,14,4.0,0,0,0,0,2,0,1,0,0,0,0,0,0,0,0,0,0,0,0,0,0,1,0,0,0,0,0,0,3,0
XWXB1MU9z4y8Is45cxJFAQ,"Food, Food Delivery Services",43.7110342,-79.3155993,Mama Earth Organics,33,4.5,0,0,0,0,1,0,0,0,0,0,0,0,0,0,0,0,0,0,0,0,0,2,0,0,1,0,0,0,0,0
XYyJ-hDPVrfJzLt4eeqO4Q,"Specialty Food, Health Markets, Food, Shopping",43.6693861,-79.3025366,Beaches Natural Foods,6,4.0,0,0,0,0,2,0,0,0,0,0,0,0,0,0,0,0,0,0,0,0,0,1,0,0,0,0,0,0,0,0
XxDjuiNzGxBiTasXOEx13g,"Lounges, Tapas Bars, Nightlife, Bars, Japanese, Arts & Entertainment, Sushi Bars, Restaurants",43.6678289,-79.3857764,Aji Sai Plus Resto Lounge,100,2.0,0,0,2,0,2,0,0,1,0,0,0,0,0,2,1,2,2,1,3,1,2,2,2,0,2,0,0,3,22,0
Y7qLUAC3UBOk70WSaigQdQ,"Active Life, Sports Clubs",43.7888361,-79.2787646,Toronto Warriors Volleyball Club,3,5.0,0,0,0,0,2,0,0,0,0,0,0,0,0,2,0,0,0,0,0,0,0,0,0,0,0,0,0,0,0,0
aPDA7_ioAYYyH5VtzQcvsA,"Arts & Entertainment, Museums",43.640834,-79.385948,Toronto Railway Museum,17,4.0,0,0,0,0,0,0,0,0,0,0,0,0,0,2,0,0,0,0,0,0,0,0,0,0,0,0,0,0,3,0
aZom2MesQIX0TUK0x8hfkQ,"Pet Stores, Active Life, Pets, Shopping, Home & Garden, Aquarium Services, Aquariums, Pet Services",43.8110863,-79.2577709,Proaquatic,5,5.0,0,0,0,0,2,0,0,0,0,0,0,0,0,2,0,0,0,0,0,0,0,0,0,0,0,0,1,0,0,0
c3fqDo9TYM8rUdTgcOhk-Q,"Home Services, Property Management, Real Estate",43.6658263,-79.3839939,Metcap Living,3,1.0,0,0,0,0,0,0,0,0,0,0,0,0,0,0,0,0,0,0,0,0,0,0,0,0,0,0,0,0,0,0
dG5gkQBQNDU0lNTSvlcZNw,"Sporting Goods, Bikes, Shopping, Sports Wear, Fashion",43.6460244,-79.4039413,Cyclemotive,24,3.5,0,0,0,0,2,0,0,0,0,0,0,0,0,0,0,0,0,0,0,0,0,3,0,0,0,0,0,0,3,0
exszgY6ZlA_xNXt4EUZyiQ,"Automotive, Auto Repair, Auto Parts & Supplies, Car Dealers",43.6653193,-79.47956,High Park Nissan,6,2.0,0,0,0,0,0,0,0,0,0,0,0,0,0,0,0,0,0,0,0,0,0,0,0,0,0,0,0,0,0,0
eyzKoMhiApfuf4XWcTxiFQ,"Bars, Nightlife, Arts & Entertainment, Arcades",43.6765767,-79.3563347,Zed 80,11,4.5,0,0,0,0,0,0,0,0,0,0,0,0,0,0,0,0,0,0,0,0,0,0,0,0,0,0,0,0,0,0
ghO61TbW7MHX-7p6E84GSw,"Used, Vintage & Consignment, Shopping, Fashion",43.6528876,-79.3997581,Breathless Vintage,3,2.0,0,0,0,0,2,0,0,0,0,0,2,0,0,0,0,0,0,0,0,0,0,0,0,0,0,0,0,0,0,0
grGqG9C9WNXLDRCG0NcT-Q,"Photographers, Event Planning & Services",43.6386659,-79.421756,Sundari Photography,3,4.0,0,0,0,0,0,0,0,0,0,0,0,0,0,0,0,0,0,0,0,0,0,0,0,0,0,0,0,0,0,0
guFIqSvxlwQnFfe301wg3A,"Nightlife, Pubs, Breweries, Restaurants, Canadian (New), Food, Bars",43.641536,-79.432141,Duggan's Brewery,46,3.0,0,0,2,0,2,0,0,2,1,0,0,0,2,1,2,2,2,1,1,1,2,2,2,2,2,1,1,1,9,0
jXEkwEYDM_FyRJC72nSI0w,"Specialty Food, Grocery, Organic Stores, Food, Health Markets",43.6389917,-79.4200335,Organic Garage,5,4.0,0,0,0,0,0,0,0,0,0,0,0,0,0,0,0,0,0,0,0,1,0,0,0,0,1,0,0,0,0,0
kimokogEV50UsOQ_ItjAeA,"Arts & Entertainment, Transportation, Limos, Hotels & Travel, Taxis",43.653226,-79.3831843,Aerofleet Services,30,3.0,0,0,0,0,0,0,0,0,0,0,0,0,0,0,0,0,0,0,0,0,0,0,0,0,0,0,0,0,2,0
kniu06ep57Y8kwW3mEwv9g,"Nail Salons, Beauty & Spas, Hair Removal, Eyelash Service, Waxing",43.6702458,-79.3922381,Gorgeous Lady Nail Salon,9,3.0,0,0,0,0,0,0,1,0,0,0,0,0,0,0,0,0,0,0,3,0,0,2,0,0,0,0,1,3,0,0
kw2nwoCyZbX4GTrP4DoNqg,"Chinese, Restaurants",43.6523896094,-79.3981377487,BAO,21,3.0,0,0,0,0,0,0,0,0,0,0,0,0,0,0,0,2,0,0,0,0,0,0,0,0,0,0,0,0,3,0
l9MreOfCh_G_qDem2LC6gw,"Hair Salons, Beauty & Spas",43.6554339,-79.4116467,Avalon Hair Design,4,4.0,0,0,0,0,0,0,0,0,0,0,0,0,0,0,0,0,0,0,0,0,0,2,0,0,0,0,0,0,0,0
mrwpkN8k5Q-X7J5mGQ0NtQ,"Pubs, Nightlife, Sports Bars, Bars, Restaurants, American (Traditional), Chicken Wings",43.6663,-79.406203,St. Louis Bar & Grill,45,3.0,0,0,2,0,2,0,0,0,0,0,0,0,0,1,0,2,3,2,3,1,2,2,2,0,2,0,0,3,10,0
pYuDNmd9TZjUy6AfA-gWXg,"Pediatricians, Occupational Therapy, Allergists, Health & Medical, Doctors",43.7087678968,-79.4122293545,Kindercare Pediatrics,3,3.5,0,0,0,0,0,0,1,0,0,0,0,0,0,0,0,0,0,0,1,0,0,0,0,0,0,0,0,1,2,0
pnf9vsKdniTLHUrbpbZu4A,"Nightlife, Dance Clubs, Lounges, Bars",43.6431345,-79.4019893,Wildflower,20,2.0,0,0,0,0,0,0,0,0,0,0,0,0,2,0,0,0,0,0,0,0,2,4,2,0,0,0,0,0,2,0
qy4WKXTBkqD4zX0rohYF8Q,"Food, Restaurants, Arts & Crafts, Cafes, Flowers & Gifts, Shopping, Cards & Stationery, Party & Event Planning, Coffee & Tea, Event Planning & Services",43.6457921,-79.4008305,Forget Me Not Cafe,98,4.0,0,0,0,0,2,0,0,2,0,0,0,0,0,2,0,1,1,1,3,1,1,1,1,0,2,0,0,3,14,0
rHxc9sR5ELjboLqd_fUzJg,"Mediterranean, Restaurants",43.6794533,-79.4374528,Barista & Chef,44,4.5,0,0,2,0,2,0,0,2,0,0,0,0,0,2,0,2,1,2,0,1,2,2,2,2,2,0,0,0,6,0
rkssUq0wCU51zqHS5VZ7bg,"Nightlife, Wine Bars, Bars, Shopping, Restaurants, Italian",43.6551859,-79.4164775,Bella Vista Trattoria & Wine Bar,19,3.5,0,0,2,0,2,0,0,0,0,0,0,0,0,2,0,2,2,2,0,1,2,2,2,0,2,0,0,0,2,0
sB-XjxJybYmPO1IPnRjc-Q,"Acupuncture, Health & Medical, Massage Therapy, Massage, Chiropractors, Beauty & Spas, Physical Therapy",43.734784,-79.345728,Physiomobility,3,3.0,0,0,0,0,0,0,1,0,0,0,0,0,0,0,0,0,0,0,0,0,0,2,0,0,0,0,0,0,0,0
sBOUPM8Vd9oTg6tE2cWZFQ,"Shopping, Photography Stores & Services",43.6405632,-79.4368166,Best-Image Photo Center,7,4.0,0,0,0,0,0,0,0,0,0,0,0,0,0,0,0,0,0,0,0,0,0,1,0,0,0,0,0,0,0,0
sCQGCmL82FmHj-Dz_Zo0Kg,"Delis, Restaurants",43.7340865,-79.3455565,Rock’n Deli,8,2.5,0,0,0,0,0,0,0,0,0,0,0,0,0,0,0,0,0,0,0,0,0,0,0,0,0,0,0,0,1,0
snFLgArPIv9-QbZZcoJEoQ,"Coffee & Tea, Food",43.6500434,-79.3910112,Starbucks,22,2.5,0,0,0,0,2,0,0,1,0,0,1,0,0,0,0,0,0,2,3,0,0,1,0,0,2,0,0,3,18,1
synyRqHFe30g3uI-p4o7vg,"Restaurants, Thai, Malaysian, Vietnamese",43.7266608,-79.4834781,Hung Long Restaurant,55,4.0,0,0,1,0,1,0,0,0,0,0,0,0,0,2,0,2,0,1,1,1,2,1,2,0,2,0,0,1,12,0
t4nQARt_JqHCuNZgzTKI4Q,"Japanese, Restaurants, Sushi Bars",43.6748118,-79.3883282,Tokyo Sushi,4,3.0,0,0,0,0,0,0,0,0,0,0,0,0,0,0,0,0,0,2,0,0,0,0,0,0,0,0,0,0,0,0
tZt9k3BZ0AaXT4XCOEeRwQ,"Pubs, American (New), American (Traditional), Nightlife, Bars, Restaurants",43.669559,-79.302306,The Stone Lion,61,3.0,0,0,2,0,2,0,0,0,0,0,0,0,0,1,0,2,2,2,3,1,2,2,0,0,2,0,0,3,15,0
u1P_N0rEqnao3T2w68rpkA,"Video/Film Production, Professional Services",43.6499683,-79.3975425,Revolve Talent,6,3.5,0,0,0,0,0,0,0,0,0,0,0,0,0,0,0,0,0,0,0,0,0,0,0,0,0,0,0,0,0,0
vs2_MbbH_Guaq7tu_bUSiw,"Food, Grocery",43.7787041783,-79.4151539728,H Mart,11,3.5,0,0,0,0,2,0,0,0,0,0,0,0,0,0,0,0,0,0,0,0,0,2,0,0,2,0,0,0,7,0
wCZyJMCNs4UNlfixpb8RrA,"Food, Coffee & Tea",43.669083,-79.336748,Dineen Outpost,20,4.0,0,0,0,0,0,0,0,0,0,0,0,0,0,0,0,0,0,2,0,0,0,2,0,0,2,0,0,0,1,0
wDRdIF_5IL6iCao-G8hVHQ,"Nightlife, Restaurants, American (Traditional), Bars, Sports Bars, Pubs",43.6852919679,-79.3155437708,The Groove Bar & Grill,14,3.5,0,0,2,0,2,0,0,2,0,0,0,0,0,1,0,2,2,2,3,1,2,1,2,0,2,0,0,3,6,0
zeJh7AoPgwtNNQSfl4eneQ,"Event Planning & Services, Caterers, American (Traditional), Restaurants, Specialty Food, Food",43.7620537,-79.3516683,Granite Bistro,5,5.0,0,0,0,0,0,0,0,2,0,0,0,0,0,0,0,2,0,1,3,2,0,1,0,0,2,0,0,3,0,0
