business_id,categories,latitude,longitude,name,review_count,stars,AcceptsInsurance,AgesAllowed,Alcohol,BYOB,BikeParking,BusinessAcceptsCreditCards,ByAppointmentOnly,Caters,CoatCheck,Corkage,DogsAllowed,DriveThru,GoodForDancing,GoodForKids,HappyHour,HasTV,NoiseLevel,OutdoorSeating,RestaurantsAttire,RestaurantsDelivery,RestaurantsGoodForGroups,RestaurantsPriceRange2,RestaurantsReservations,RestaurantsTableService,RestaurantsTakeOut,Smoking,WheelchairAccessible,WiFi,tips_counter_bz,total_compliments_bz
0zm-EEKrF9BKcfmd8lDmcw,"Automotive, Oil Change Stations, Auto Repair",43.6658066,-79.48144,Melo Auto,10,5.0,0,0,0,0,0,0,0,0,0,0,0,0,0,0,0,0,0,0,0,0,0,0,0,0,0,0,0,0,0,0
1_qcKXfm8H8zecygxHjeWw,"Restaurants, Chicken Wings, Fast Food, Food, Chicken Shop",43.669056,-79.386501,KFC,21,2.5,0,0,0,0,2,0,0,1,0,0,0,1,0,2,0,2,2,1,1,1,1,2,1,1,2,0,0,1,5,0
2SyYW8GiDZsqtPb-aCbosg,"Chinese, Noodles, Vietnamese, Restaurants",43.6511809,-79.3842377,Noodle King,86,4.0,0,0,0,0,1,0,0,1,0,0,1,0,0,2,0,1,2,1,1,1,2,1,1,0,2,0,0,1,4,0
5gxEAUGpmrtHU0jH7c7_Bw,"Shopping, Specialty Food, Grocery, Food, Cosmetics & Beauty Supply, Organic Stores, Beauty & Spas, Health Markets",43.6675398561,-79.4632940597,Organic Garage,16,4.5,0,0,0,0,2,0,1,1,0,0,1,0,0,0,0,0,0,0,0,1,0,2,0,0,2,0,2,0,1,0
5kkJswbyY-WPJ4GDK611bw,"Home Services, Movers, Self Storage, Local Services",43.647704,-79.3513774,Miracle Movers,21,2.0,0,0,0,0,0,0,2,0,0,0,0,0,0,0,0,0,0,0,0,0,0,0,0,0,0,0,0,0,0,0
5sZQ8ROz9JkkvC-guSVMTg,"Shopping, Eyewear & Opticians, Optometrists, Health & Medical",43.654178,-79.3981579,Vo Q Phong Dr,5,4.0,2,0,0,0,2,0,2,0,0,0,0,0,0,0,0,0,0,0,0,0,0,4,0,0,0,0,0,0,0,0
5w14RG5oIfgJ4SokBPIA0w,"Optometrists, Shopping, Health & Medical, Sunglasses, Eyewear & Opticians",43.6498274,-79.3713817,The Optic Zone,49,4.0,0,0,0,0,2,0,1,0,0,0,0,0,0,0,0,0,0,0,0,0,0,2,0,0,0,0,0,0,3,0
6aOnrzf15RMqFNOQ-_ElIA,"Chocolatiers & Shops, Food, Specialty Food, Desserts, Ice Cream & Frozen Yogurt",43.6575995,-79.4876834,COCO Crafted Organic Chocolate,14,5.0,0,0,0,0,2,0,0,1,0,0,1,0,0,0,0,0,0,0,0,0,0,2,0,0,2,0,2,0,7,0
7bUNv68xe0pPsjvQWkCI-w,"Local Services, Hotels & Travel, Transportation, Public Transportation",43.716775,-79.419193,511 Bathurst Streetcar,13,1.5,0,0,0,0,0,0,0,0,0,0,0,0,0,0,0,0,0,0,0,0,0,0,0,0,0,0,0,0,5,0
7pkF_WwqxxAX10p8QcraZw,"Car Dealers, Automotive",43.7544114,-79.4802445,Shalton Motors,3,5.0,0,0,0,0,0,0,0,0,0,0,0,0,0,0,0,0,0,0,0,0,0,0,0,0,0,0,0,0,0,0
85-1svKd45woQLkcEedssA,"Indian, Himalayan/Nepalese, Restaurants",43.6846953,-79.3184395,Cumin Kitchen - Fine Indian Cuisine,34,4.5,0,0,0,0,0,0,0,0,0,0,0,0,0,0,0,2,0,0,0,1,0,0,2,0,0,0,0,0,0,0
85MT9Vm82ULmBJVcUnYpmw,"Reflexology, Massage, Weight Loss Centers, Beauty & Spas, Acupuncture, Health & Medical",43.6515296122,-79.476189999,Body & Soul Massage Therapy,12,4.0,0,0,0,0,2,0,2,0,0,0,0,0,0,0,0,0,0,0,0,0,0,2,0,0,0,0,0,0,3,0
9K63lGXPOPvkQEGQQ-LHdg,"Medical Centers, Walk-in Clinics, Health & Medical",43.7082198,-79.3430576,Thornlea Medical Walk-In Clinic,3,3.0,0,0,0,0,0,0,0,0,0,0,0,0,0,0,0,0,0,0,0,0,0,0,0,0,0,0,0,0,0,0
B5JCODx4728Ce2Qca1NFHw,"Korean, Restaurants, Japanese, Asian Fusion",43.6496607271,-79.4226812888,Hanmoto,198,4.0,0,0,2,0,2,0,0,1,0,0,0,0,0,1,0,2,2,1,1,1,1,2,1,2,1,0,0,1,24,1
BG73Exa68Tk-fCHgU9Jpbg,"Pet Services, Pet Boarding, Dog Walkers, Pet Sitting, Pets",43.7063972,-79.309937,Gta Dog Walks,3,2.5,0,0,0,0,0,0,0,0,0,0,0,0,0,0,0,0,0,0,0,0,0,0,0,0,0,0,0,0,0,0
BY9JxpTr9XAHJcgOMccz1A,"Restaurants, Breakfast & Brunch, Diners, Food, Coffee & Tea",43.6495398,-79.4841695,Bloor-Jane,52,3.5,0,0,0,0,2,2,0,1,0,0,1,0,0,2,0,2,2,1,1,1,1,1,1,2,2,0,0,1,7,0
EtG-mGU0rYzxPlYY_nCQfg,"Food, Food Trucks",43.6546156895,-79.3880651386,El Trompo Movil,3,4.0,0,0,0,0,0,0,0,0,0,0,0,0,0,0,0,0,0,0,0,1,0,0,0,0,2,0,0,0,0,0
FRvkiRoqX0a0LTUiaJglmQ,"Health & Medical, Dentists, Pediatric Dentists",43.7604211,-79.4164118,Elliott A Schwartz,4,3.0,0,0,0,0,0,0,2,0,0,0,0,0,0,0,0,0,0,0,0,0,0,0,0,0,0,0,0,0,0,0
FjKxnfjL1r1fCWhEPOVE7A,"Hair Salons, Beauty & Spas",43.6704441,-79.3914061,Mco Beauty Lounge,3,3.5,0,0,0,0,0,0,0,0,0,0,0,0,0,0,0,0,0,0,0,0,0,0,0,0,0,0,0,0,3,0
GKBQjaMyD9sqBaE8efHXEA,"Print Media, Mass Media",43.6423498,-79.3962044,The Globe and Mail,4,2.0,0,0,0,0,0,0,0,0,0,0,0,0,0,0,0,0,0,0,0,0,0,0,0,0,0,0,0,0,0,0
GkCj5pRb4lYGveWVczK_oQ,"Dry Cleaning & Laundry, Men's Clothing, Shopping, Fashion, Local Services, Leather Goods, Women's Clothing",43.728421,-79.475423,Coats by Mary Ellen,3,5.0,0,0,0,0,0,0,0,0,0,0,0,0,0,0,0,0,0,0,0,0,0,3,0,0,0,0,0,0,0,0
HmIabOMHm9Y2NbZlKiG9ag,"Shopping, Mobile Phones, Electronics, Computers",43.7241239351,-79.4537709758,Microsoft Store,3,2.0,0,0,0,0,0,0,0,0,0,0,0,0,0,0,0,0,0,0,0,0,0,3,0,0,0,0,0,0,1,0
LeVpLFv4xUYGu2fyr2VEBA,"Financial Services, Insurance",43.6511701,-79.3820634,Arthur J. Gallagher Canada,3,1.0,0,0,0,0,0,0,0,0,0,0,0,0,0,0,0,0,0,0,0,0,0,0,0,0,0,0,0,0,0,0
NNs2v3f6FIdZ7cSu3LRaHw,"Restaurants, Turkish",43.7257250991,-79.4820323753,Euro Shawarma,53,4.0,0,0,0,0,1,0,0,1,0,0,0,0,0,2,0,2,2,1,1,1,2,1,1,1,2,0,0,1,11,0
NYpnwc4yt44SkcBb9dlhtA,"Restaurants, Barbeque",43.7787787,-79.3447208,Bourbon St Grill,7,3.5,0,0,0,0,0,0,0,0,0,0,0,0,0,2,0,2,3,1,0,1,2,2,1,0,2,0,0,0,3,0
OBG1j517k7aZRNC1HAL0TA,"Pizza, Italian, Breakfast & Brunch, Restaurants, Seafood, Mediterranean",43.7366198,-79.3446503,Fabbrica,201,3.5,0,0,2,0,2,0,0,1,0,0,0,0,0,2,0,2,2,2,3,1,2,3,2,0,2,0,0,3,18,0
OXhnnR6LVt-v1riuM66rbQ,"Sporting Goods, Bike Repair/Maintenance, Shopping, Community Service/Non-Profit, Bikes, Local Services",43.664861,-79.3520836,Bike Sauce,7,4.5,0,0,0,0,2,0,0,0,0,0,0,0,0,0,0,0,0,0,0,0,0,1,0,0,0,0,0,0,0,0
Og37JqBjJDpFb6oIscyrtg,"Food, Coffee & Tea, Donuts",43.6558643159,-79.3994606115,Krispy Kreme,30,4.5,0,0,0,0,2,0,0,2,0,0,0,0,0,0,0,0,0,1,3,0,0,1,0,0,2,0,0,3,8,0
PyIF7dcDPNpfmi8ks-sKOQ,"Korean, Restaurants, Japanese",43.7640936389,-79.3992555141,Gangnam Sushi Restaurant,12,3.5,0,0,0,0,0,0,0,0,0,0,0,0,0,2,0,0,1,1,0,0,2,0,2,0,2,0,0,0,2,0
QJf992yAgUpNeFMuTTPQ1A,"Food, Venues & Event Spaces, Event Planning & Services, Coffee & Tea, Cafes, Restaurants, Breakfast & Brunch",43.6502593623,-79.3887091801,HotBlack Coffee,136,4.5,0,0,1,2,2,0,1,2,0,1,1,0,0,0,1,1,0,2,1,2,1,2,0,1,2,0,2,1,17,0
SgOOwbMWyenHSiTWCW0U_g,"Urgent Care, Health & Medical",43.6632594,-79.3883665,Telehealth Ontario,7,2.5,0,0,0,0,0,0,1,0,0,0,0,0,0,0,0,0,0,0,0,0,0,0,0,0,0,0,0,0,0,0
Shja00IwlHOtB0lQl-oSxw,"Currency Exchange, Financial Services, Travel Services, Hotels & Travel",43.6509548513,-79.3973713521,NHVN Currency Exchange,6,5.0,0,0,0,0,0,0,0,0,0,0,0,0,0,0,0,0,0,0,0,0,0,0,0,0,0,0,0,0,0,0
U5MnRUS9jNhq8a3-abfmcw,"Food, Event Planning & Services, Personal Chefs, Caterers",43.6786654,-79.4429186,King Catering,4,4.0,0,0,0,0,0,0,0,0,0,0,0,0,0,0,0,0,0,0,0,0,0,0,0,0,0,0,0,0,0,0
U7JrKn4fYW2RpJa7Nl-X_g,"Restaurants, Canadian (New)",43.6617125,-79.3811043,The Carlton Restaurant,6,4.5,0,0,0,0,0,0,0,0,0,0,0,0,0,0,0,2,0,0,0,0,0,0,0,0,0,0,0,0,1,0
Vyh7hhYbzC82sgIzqYH67Q,"Bars, Nightlife",43.6492822,-79.4220855,The Red Light,21,4.0,0,0,2,0,2,0,0,0,0,0,0,0,0,0,0,1,3,1,0,0,2,2,0,0,0,0,0,0,20,0
WeRUSktbta--yeW17HLZ3w,"Meat Shops, Grocery, Bakeries, Specialty Food, Food",43.6580825,-79.3303733,Farm Boy,11,3.5,0,0,0,0,0,0,0,0,0,0,0,0,0,0,0,0,0,0,0,0,0,0,0,0,0,0,0,0,0,0
Y5vtCtpQqusKSaCJM-9bmA,"Health & Medical, Chiropractors, Physical Therapy, Sports Medicine, Doctors",43.6381221,-79.4181561,Village Rehab Team,3,5.0,2,0,0,0,0,0,2,0,0,0,0,0,0,0,0,0,0,0,0,0,0,0,0,0,0,0,0,0,0,0
ZbXCpschvaKSWoofi7IMYA,"Health & Medical, Acupuncture, Massage Therapy, Reflexology",43.7804228,-79.2985768,King Thai Massage Health Care Centre,6,4.0,2,0,0,0,0,0,1,0,0,0,0,0,0,0,0,0,0,0,3,0,0,0,0,0,0,0,0,3,0,0
_16UIujIApt_EC-NYbp-2w,"Event Planning & Services, Party & Event Planning, Party Characters",43.7408485,-79.4230913,My Perfect Princess Party,3,3.5,0,0,0,0,0,0,0,0,0,0,0,0,0,0,0,0,0,0,0,0,0,0,0,0,0,0,0,0,0,0
_crbEZ55ve6OFkoWa09R9A,"Bars, Canadian (New), Beer, Wine & Spirits, Cocktail Bars, Food, Nightlife, Restaurants",43.6657528,-79.3855792,The Wickson Social,111,4.0,0,0,2,0,2,0,0,2,1,0,1,0,1,1,1,2,2,2,3,1,2,2,2,2,2,1,2,3,10,0
auECNmvnG0gCOWNygIBbSA,"Movers, Home Services, Self Storage, Local Services, Shredding Services, Professional Services",43.6677971,-79.4571772,Frogbox Toronto,21,5.0,0,0,0,0,0,0,1,0,0,0,0,0,0,0,0,0,0,0,0,0,0,0,0,0,0,0,0,0,0,0
b78OMuOntgDZBYYuxSVhzg,"Food, Coffee & Tea",43.6511783,-79.3679551,Starbucks,6,2.5,0,0,0,0,2,0,0,1,0,0,0,0,0,0,0,0,0,2,3,0,0,2,0,0,2,0,0,3,1,0
bLNbyxYP9WFZ2K-kt7tmTQ,"Event Planning & Services, Bed & Breakfast, Hotels, Guest Houses, Hotels & Travel",43.6674577,-79.3822142,Victoria's Mansion,7,4.5,0,0,0,0,0,0,0,0,0,0,0,0,0,0,0,0,0,0,3,0,0,2,0,0,0,0,0,3,0,0
cp_hGwmhtVs9HmG1ksTqRA,"Hair Salons, Beauty & Spas, Barbers",43.6719147,-79.3920657,Miami Fades,7,2.0,0,0,0,0,0,0,2,0,0,0,0,0,0,0,0,0,0,0,0,0,0,4,0,0,0,0,0,0,0,0
diu20LNdUe_nHvrRDo9PNg,"Flea Markets, Shopping",43.727075,-79.2884709,Merchants Flea Market,6,3.5,0,0,0,0,1,0,0,0,0,0,0,0,0,0,0,0,0,0,0,0,0,1,0,0,0,0,0,0,1,0
eAydZhKjvFK0-6_7ykjLYg,"Beauty & Spas, Nail Salons",43.6817029,-79.4252835,Tracey Nails,4,3.0,0,0,0,0,0,0,0,0,0,0,0,0,0,0,0,0,0,0,0,0,0,0,0,0,0,0,0,0,0,0
e_vguiiAy096g8-e0oQDDg,"Restaurants, Sandwiches, Fast Food",43.6829074,-79.4185039,Subway,5,2.0,0,0,0,0,0,0,0,0,0,0,0,0,0,2,0,2,1,1,0,2,1,1,1,0,2,0,0,0,1,0
fCTlL2j57yVz93XguxoNCQ,"Beauty & Spas, Hair Salons",43.6607782,-79.3414021,Maral Salon,3,3.5,0,0,0,0,0,0,1,0,0,0,0,0,0,0,0,0,0,0,0,0,0,3,0,0,0,0,0,0,0,0
hbculKnTyMBeMQgN3j0QxQ,"Fashion, Shopping, Shoe Stores",43.653224,-79.3803279,SoftMoc,19,1.0,0,0,0,0,0,0,0,0,0,0,0,0,0,0,0,0,0,0,0,0,0,3,0,0,0,0,0,0,0,0
iH2rDJxeGiHOutYJadQYog,"Skin Care, Laser Hair Removal, Beauty & Spas, Massage, Waxing, Hair Removal",43.6468118,-79.4069383,Red Carpet On Queen,4,5.0,0,0,0,0,0,0,0,0,0,0,0,0,0,0,0,0,0,0,0,0,0,0,0,0,0,0,0,0,0,0
iTcf6h6MFULjvaA3B1A5tw,"Local Services, Mobile Phones, Mobile Phone Repair, IT Services & Computer Repair, Shopping",43.7041233,-79.3882077,iFix Mobile,3,4.5,0,0,0,0,2,2,0,0,0,0,2,0,0,0,0,0,0,0,0,0,0,2,0,0,0,0,2,0,1,0
j7nQl9D3MypukqV_U0QLlg,"Toy Stores, Shopping",43.7072693,-79.3996009,Toys 'R' Us,7,3.0,0,0,0,0,2,0,0,0,0,0,0,0,0,0,0,0,0,0,0,0,0,2,0,0,0,0,0,0,2,0
jrhasKCnbsA3DwVd9XIg_g,"Food, Coffee & Tea",43.7146492,-79.4003392,The Second Cup,3,3.5,0,0,0,0,2,0,2,2,0,0,0,0,0,0,0,0,0,2,3,0,0,1,0,0,2,0,2,3,1,0
lGmH0HJnygckIi6Egbl5lA,"Pet Services, Veterinarians, Pets",43.6727001,-79.4413103,Dufferin Davenport Animal Hospital,5,5.0,0,0,0,0,0,0,0,0,0,0,0,0,0,0,0,0,0,0,0,0,0,0,0,0,0,0,0,0,1,1
lP-Rs8R0IKNMAhbSXziPiw,"Restaurants, Korean",43.6251942,-79.508719,Don Chon,5,4.0,0,0,0,0,0,0,0,0,0,0,0,0,0,0,0,0,0,0,0,0,0,0,0,0,0,0,0,0,0,0
mBWJ_bmISrcd7_c3lln9Cw,Arts & Entertainment,43.6719017,-79.3784149,Greenwin Square Lottery Centre,3,1.5,0,0,0,0,0,0,0,0,0,0,0,0,0,0,0,0,0,0,0,0,0,0,0,0,0,0,0,0,0,0
n7lNKANrcI1vWf7ujXFL2Q,"Mortgage Brokers, Banks & Credit Unions, Home Services, Real Estate, Financial Advising, Financial Services",43.653226,-79.3831843,True North Mortgage,3,3.5,0,0,0,0,0,0,1,0,0,0,0,0,0,0,0,0,0,0,0,0,0,0,0,0,0,0,0,0,0,0
oAhhMnuNp4p0h4y-g6TIRQ,"Go Karts, Amusement Parks, Venues & Event Spaces, Active Life, Event Planning & Services",43.7481008,-79.4745952,K1 Speed,6,2.5,0,0,0,0,2,0,0,0,0,0,1,0,0,0,0,0,0,0,0,0,0,0,0,0,0,0,2,0,0,0
oSLNLAIEaVFv6EfNg-M7jQ,"Local Services, Professional Services, Videographers, Video/Film Production, Event Planning & Services, Recording & Rehearsal Studios",43.6552665,-79.3405143,NYB Media,4,4.5,0,0,0,0,0,0,0,0,0,0,0,0,0,0,0,0,0,0,0,0,0,0,0,0,0,0,0,0,0,0
p9Yx6jPSZY0cMBbmn80pNQ,"Health & Medical, Counseling & Mental Health, Hypnosis/Hypnotherapy",43.667967,-79.3676753,Toronto Hypnotherapy,8,5.0,1,0,0,0,0,0,2,0,0,0,0,0,0,0,0,0,0,0,0,0,0,0,0,0,0,0,0,0,0,0
qcqDjeirxvdgW5kQVkEwSA,"Pubs, Thai, Beer, Wine & Spirits, Chinese, Restaurants, Nightlife, Indian, Food, Bars, Asian Fusion, Pakistani, Canadian (New), Lounges",43.6570704,-79.4001528,The Red Room,135,3.0,0,0,2,0,2,0,0,1,0,0,0,0,0,1,1,2,3,2,1,1,2,1,2,2,2,0,0,1,16,0
qk_GhJr3sg1LS4dQjA0nWA,"Shopping, Accessories, Fashion, Shoe Stores",43.6489787,-79.3943874,Little Burgundy,6,4.0,0,0,0,0,0,0,0,0,0,0,0,0,0,0,0,0,0,0,0,0,0,3,0,0,0,0,0,0,2,0
r2wtv92crR_huYQMB4ZTsA,"Bars, Dance Clubs, Nightlife",43.6449036,-79.3994368,The Everleigh,46,2.5,0,0,2,0,2,0,0,0,0,0,0,0,0,0,0,2,4,2,0,0,2,2,2,0,0,2,0,0,1,0
sQJEPiuBJHN5GVoeJi_-Fw,"Specialty Food, Grocery, Food",43.6502082,-79.4791551,Max's Market,30,3.0,0,0,0,0,2,0,0,0,0,0,0,0,0,0,0,0,0,0,0,0,0,3,0,0,2,0,0,0,6,0
svA7cdHkTf0iyPi6nosbAg,"Laundry Services, Dry Cleaning & Laundry, Local Services",43.6668642,-79.3756625,Platis Cleaners & Alterations,4,3.0,0,0,0,0,0,0,0,0,0,0,0,0,0,0,0,0,0,0,0,0,0,2,0,0,0,0,0,0,0,0
t4B1WcR1Vtbgxo3lYDgCpg,"Restaurants, Taiwanese",43.7751654182,-79.4138386846,Monga Fried Chicken,8,4.0,0,0,0,0,0,0,0,0,0,0,0,0,0,0,0,0,0,0,0,0,0,0,0,0,0,0,0,0,1,0
uDsSlyB8x6jSfwSqglocfA,"Nail Salons, Threading Services, Waxing, Hair Removal, Beauty & Spas",43.6865366,-79.3936564,Nail Attraction,7,4.0,0,0,0,0,2,0,1,0,0,0,0,0,0,0,0,0,0,0,0,0,0,2,0,0,0,0,0,0,0,0
vOdFaWm5VgenJODzk_nIQg,"Indian, Pakistani, Restaurants",43.6563207,-79.4025011,Spicy Grill Indo Pak Cuisine,7,2.5,0,0,0,0,0,0,0,0,0,0,0,0,0,0,0,2,2,2,0,2,0,2,0,0,2,0,0,0,1,0
vqYCZseV9WqasZnO-iSQtg,"Seafood, Restaurants, Thai, Noodles",43.7279574,-79.4031537,Joy Thai Restaurant,36,4.0,0,0,1,0,2,0,0,1,0,0,0,0,0,2,0,2,1,1,1,1,1,2,2,0,2,0,0,1,2,0
xyDURCgsDbygq04G-YglJQ,"Costumes, Arts & Crafts, Shopping",43.6670222,-79.3856521,Theatrics Plus,3,3.5,0,0,0,0,2,0,0,0,0,0,0,0,0,0,0,0,0,0,0,0,0,2,0,0,0,0,0,0,0,0
yahT3zGKnjzo6-ueRdLBwA,"Coffee & Tea, Food",43.734539,-79.345035,Aroma Espresso Bar,67,3.0,0,0,0,0,2,0,0,2,0,0,1,0,0,0,0,0,0,2,3,0,0,2,0,0,2,0,0,3,9,0
zX5BS7b7s8jAqe03RkZw2g,"Nail Salons, Beauty & Spas",43.6602951,-79.4334444,Tips 2 Toes,19,4.0,0,0,0,0,2,0,1,0,0,0,0,0,0,0,0,0,0,0,0,0,0,2,0,0,0,0,0,0,3,0
