business_id,categories,latitude,longitude,name,review_count,stars,AcceptsInsurance,AgesAllowed,Alcohol,BYOB,BikeParking,BusinessAcceptsCreditCards,ByAppointmentOnly,Caters,CoatCheck,Corkage,DogsAllowed,DriveThru,GoodForDancing,GoodForKids,HappyHour,HasTV,NoiseLevel,OutdoorSeating,RestaurantsAttire,RestaurantsDelivery,RestaurantsGoodForGroups,RestaurantsPriceRange2,RestaurantsReservations,RestaurantsTableService,RestaurantsTakeOut,Smoking,WheelchairAccessible,WiFi,tips_counter_bz,total_compliments_bz
1L_bnL4xm-Z05k_kx314IQ,"Real Estate, Couriers & Delivery Services, Local Services, Home Staging, Movers, Home Services",43.6448676,-79.4095775,In & Out Moving,65,5.0,0,0,0,0,0,2,2,0,0,0,0,0,0,0,0,0,0,0,0,0,0,0,0,0,0,0,0,0,1,0
2FzX-j9HfWv9-nYH10IFMg,"Food, Bakeries",43.6544381871,-79.3806993216,Auntie Anne's,3,4.5,0,0,0,0,0,0,0,0,0,0,0,0,0,0,0,0,0,0,0,0,0,0,0,0,0,0,0,0,1,0
2Hc_JqGw01a2PlOlXtniaQ,"Art Supplies, Shopping, Arts & Crafts",43.657224,-79.399883,Gwartzman's Art Supplies,21,4.0,0,0,0,0,2,0,0,0,0,0,0,0,0,0,0,0,0,0,0,0,0,1,0,0,0,0,2,0,4,0
3M35_fZ4jp9K502AHHtF4g,"Noodles, Restaurants, Chinese, Soup",43.7726441,-79.4134515,Yunshang Rice Noodle,28,4.0,0,0,0,0,1,0,0,1,0,0,1,0,0,2,2,1,2,1,3,2,2,2,1,2,2,0,2,3,3,0
4-KtlBtWZenODXQKCrBNyg,"Car Dealers, Automotive, Auto Repair, Auto Detailing, Auto Loan Providers",43.6617301,-79.3568961,Lexus Downtown,7,1.5,0,0,0,0,0,0,0,0,0,0,0,0,0,0,0,0,0,0,0,0,0,0,0,0,0,0,0,0,0,0
59gz9i2bVcdifaiGqf_chw,"Arts & Entertainment, Venues & Event Spaces, Archery, Leisure Centers, Event Planning & Services, Amateur Sports Teams, Party & Event Planning, Axe Throwing, Sports Clubs, Active Life, Nightlife, Bars, Recreation Centers, Sports Bars",43.673068,-79.468469,BATL - The Backyard Axe Throwing League,21,4.5,0,0,2,0,2,0,0,0,0,0,0,0,0,1,0,2,0,0,0,0,0,0,2,0,0,0,2,0,2,0
6NffysI3E7L4kr71dxInIg,"Fast Food, Restaurants, Poutineries, Burgers, Canadian (New)",43.7527891,-79.3592021,Big Smoke Burger,46,3.0,0,0,0,0,2,0,0,0,0,0,0,1,0,2,0,2,2,1,3,1,2,2,1,1,2,0,0,3,2,0
76LLUmnfMjBnppNUw0J4fA,"Pakistani, Indian, Restaurants",43.7752348978,-79.2579922825,Biryani,6,2.5,0,0,0,0,0,0,0,0,0,0,0,0,0,1,0,0,0,0,0,0,0,0,0,0,2,0,0,0,0,0
8bsX9mC-WBmLu3p53n41fw,"Food, Desserts, Bakeries",43.646306,-79.408456,Dufflet Pastries,72,3.5,0,0,0,0,2,0,0,1,0,0,1,0,0,0,0,0,0,0,0,2,0,2,0,0,2,0,1,0,7,0
A5uYuBPSy7lmQmCMsFsJPw,"Barbers, Beauty & Spas, Hair Salons",43.6185789,-79.5440988,Sport Clips Queensway,5,2.5,0,0,0,0,2,0,1,0,0,0,0,0,0,0,0,0,0,0,0,0,0,2,0,0,0,0,0,0,1,0
A_hY8kcA9237y-uNVJPzew,"Cafes, Restaurants",43.690664,-79.576068,Orchid Cafe,3,2.5,0,0,0,0,0,0,0,0,0,0,0,0,0,0,0,0,0,0,0,0,0,0,0,0,0,0,0,0,0,0
DAX9vgyXP9ywTFdHzPT8IA,"Coffee & Tea Supplies, Food",43.6710563,-79.2960004,Pippins Tea Company,5,4.0,0,0,0,0,0,0,0,0,0,0,0,0,0,0,0,0,0,0,0,0,0,0,0,0,0,0,0,0,0,0
FVLveNsa_rpmJbv5k8onfw,"Restaurants, Sushi Bars",43.7090825634,-79.4441503286,Miyako Sushi,36,4.0,0,0,1,0,2,0,0,2,0,0,0,0,0,2,0,2,1,1,3,2,2,2,2,2,2,0,0,3,6,0
GZ12skjXwuMuH3LidRN-mA,"Restaurants, Spanish, Mexican, Fast Food",43.735182,-79.3440358,Chipotle Mexican Grill,64,3.5,0,0,0,0,2,0,0,2,0,0,0,1,0,2,0,2,2,2,1,1,2,2,1,1,2,0,0,1,3,0
Gc-eMRKW4KiAeQFp3ztc7g,"Fast Food, Restaurants, Sandwiches",43.64714,-79.37962,Subway,3,1.0,0,0,0,0,0,0,0,0,0,0,0,0,0,2,0,0,0,0,0,0,0,0,0,0,0,0,0,0,0,0
Gc8xWVpbUlBYHAoOT9MTyQ,"Sandwiches, Desserts, Food, Cuban, Restaurants",43.6462083,-79.419674,La Cubana,207,4.0,0,0,0,0,2,0,0,1,0,0,0,0,0,2,0,2,2,1,3,2,2,2,1,2,2,0,0,3,17,0
HrpUTslC8C3icEgaDD6oIw,"Restaurants, Bakeries, Food, Caribbean",43.6240062,-79.5142003,Allwyn's Bakery,20,4.5,0,0,0,0,0,0,0,0,0,0,0,0,0,0,0,0,0,0,0,2,0,2,0,0,2,0,0,0,1,0
IkF3EG9oVJBe8FvjY6C3XA,"Museums, Arts & Entertainment",43.6789935,-79.4081472,Spadina Historic House Museum,12,4.0,0,0,0,0,0,0,0,0,0,0,0,0,0,2,0,0,0,0,0,0,0,0,0,0,0,0,0,0,2,0
Imx6jA3Z4bKsDdQ_eD3bpw,"Computers, Local Services, Electronics Repair, IT Services & Computer Repair, Shopping",43.7265611521,-79.4499814404,Microsoft Store,5,4.0,0,0,0,0,2,0,0,0,0,0,0,0,0,0,0,0,0,0,0,0,0,2,0,0,0,0,0,0,2,0
QMj3DbUwntH6bTRN6PJ-HA,"African, Portuguese, South African, Restaurants",43.646351,-79.4069366,Nando's,55,3.5,0,0,1,0,2,0,0,2,0,0,0,0,0,2,0,2,3,2,3,2,2,2,1,2,2,0,0,3,3,0
QSRL-F23Rw9gGrsKx0zwHw,"Active Life, Swimming Pools",43.649584,-79.465768,High Park Pool,8,2.5,0,0,0,0,2,0,1,0,0,0,0,0,0,2,0,0,0,0,0,0,0,0,0,0,0,0,0,0,5,0
QrfBSMFmAw8HeOXESEwXhQ,"Beauty & Spas, Nail Salons",43.7452189,-79.3259559,Nail Princess,3,1.5,0,0,0,0,0,0,0,0,0,0,0,0,0,0,0,0,0,0,0,0,0,0,0,0,0,0,0,0,0,0
R3uWM4Yyrlz3eifRX4IErw,"Restaurants, Wine Bars, Bars, Nightlife, French",43.7095715,-79.249383,Aiolio,23,4.0,0,0,1,0,2,0,0,2,0,0,0,0,0,2,1,2,1,1,0,1,2,2,2,2,2,0,0,0,2,0
RhVyBw7a6I87c7vDKjC4XA,"Event Planning & Services, Venues & Event Spaces",43.7566165,-79.3607933,York Mills Gallery,7,3.0,0,0,0,0,0,0,0,0,0,0,0,0,0,0,0,0,0,0,0,0,0,0,0,0,0,0,0,0,0,0
S6OCkZ-l1aOZcqb_G5DMCA,"Shopping, Hobby Shops",43.6657364,-79.3852053,Central Surplus,3,2.5,0,0,0,0,0,0,0,0,0,0,0,0,0,0,0,0,0,0,0,0,0,2,0,0,0,0,0,0,0,0
STukQhp01a__zTsHMBiyow,"Restaurants, Food, Vegetarian, Indian, Cafes, Sandwiches, Specialty Food",43.6850116,-79.3165863,East of York Gourmet Food,30,4.5,0,0,0,0,2,0,0,2,0,0,1,0,0,2,0,1,2,1,1,2,1,2,1,1,2,0,2,1,5,0
T7yKffTuhiIZclsgjfgowA,"Restaurants, Pizza, Italian",43.6541053,-79.4019622,Pizzeria Via Mercanti,223,4.0,0,0,2,0,2,2,0,2,0,0,0,0,0,2,0,2,2,1,3,1,2,2,2,0,2,0,0,3,23,0
TCmRVuiWBRhy5M9UrFQOyg,"Tours, Food Tours, Hotels & Travel",43.6592178,-79.3478286,Toronto Food Tours,9,4.0,0,0,0,0,0,0,0,0,0,0,0,0,0,0,0,0,0,0,1,0,0,0,0,0,0,0,0,1,0,0
TnuL2q2mc7O_J73oVve7fw,"Veterinarians, Pet Services, Pets",43.6980067992,-79.3981289864,Usher Animal Hospital,7,3.5,0,0,0,0,0,0,0,0,0,0,0,0,0,0,0,0,0,0,0,0,0,0,0,0,0,0,0,0,0,0
UwiHDmY_dLb1jXLzNOvgjA,"Arts & Entertainment, Cinema",43.6493360752,-79.3909835815,NFB Mediatheque,3,4.5,0,0,0,0,0,0,0,0,0,0,0,0,0,2,0,0,0,0,0,0,0,0,0,0,0,0,0,0,0,0
W8X0OcZsU2HuDI4-QH0iBQ,"Restaurants, Fish & Chips",43.662949,-79.310186,Johnny Catch,3,3.0,0,0,0,0,0,0,0,0,0,0,0,0,0,0,0,0,0,0,0,0,0,0,0,0,0,0,0,0,0,0
WSQ2-Z46J5VG_D875EEv0A,"Cheese Shops, Food, Specialty Food, Fast Food, Restaurants, Ice Cream & Frozen Yogurt",43.6244758,-79.5085882,Dairy Queen,4,4.0,0,0,0,0,2,0,0,0,0,0,0,0,0,2,0,0,0,0,1,1,2,2,1,0,2,0,0,1,2,0
WSvIxQAgLbLpPPBbg5ckpg,"Financial Advising, Tax Services, Professional Services, Accountants, Financial Services",43.6516055,-79.3816479,Toronto Tax Consulting,3,1.5,0,0,0,0,0,0,0,0,0,0,0,0,0,0,0,0,0,0,0,0,0,0,0,0,0,0,0,0,0,0
ZCz5QTWvk8BtkBDiR0ZZhw,"Lounges, Bars, Nightlife",43.6490882,-79.3762537,Le Meridan King Edward - Cocktail Lounge,4,3.0,0,0,2,0,0,0,0,0,0,0,0,0,0,0,0,0,1,0,0,0,1,0,0,0,0,0,0,0,1,0
ZDDzKXN_JXe7694zePRuTQ,"Chinese, Restaurants, Taiwanese, Tea Rooms, Ethnic Food, Specialty Food, Food, Coffee & Tea",43.6556573,-79.384737,Chatime - Dundas,311,3.5,0,0,0,0,2,0,1,1,0,0,1,0,0,2,0,1,3,1,3,2,2,2,1,0,2,0,0,3,80,1
ZW_5Sqkw314wwWeS-mpd-w,Health & Medical,43.7667085,-79.4109959,North York Vision Centre,6,3.0,0,0,0,0,0,0,1,0,0,0,0,0,0,0,0,0,0,0,0,0,0,0,0,0,0,0,0,0,0,0
ZgvK2Jp62FOF4_fvydbJ7A,"Home Services, TV Mounting, Furniture Assembly, Movers, Home Cleaning, Electricians, Professional Services, Office Cleaning, Local Services, Handyman, Carpenters, Painters",43.6573155,-79.4744314,Mike the Downtown Handyman,19,4.0,0,0,0,0,0,0,2,0,0,0,0,0,0,0,0,0,0,0,0,0,0,0,0,0,0,0,0,0,0,0
_h09QZHzPLEBwcHABMNaCw,"Event Planning & Services, Venues & Event Spaces",43.7103399,-79.4566069,Sala Caboto,3,4.5,0,0,0,0,0,0,0,0,0,0,0,0,0,0,0,0,0,0,0,0,0,0,0,0,0,0,0,0,0,0
al66Hs7oNe5w9SBSzutJBg,"Beauty & Spas, Hair Salons, Barbers",43.66961,-79.4829597,Tom's Barber Shop,13,5.0,0,0,0,0,2,0,1,0,0,0,0,0,0,2,0,0,0,0,0,0,0,1,0,0,0,0,0,0,1,0
bW_PZvHEl7-j5Dj-xIo74g,"Specialty Food, Food, Bakeries",43.8205156126,-79.2458984169,Martin's Bakery,6,4.0,0,0,0,0,0,0,0,0,0,0,0,0,0,0,0,0,0,0,0,1,0,1,0,0,2,0,0,0,0,0
bXCf_Fl9DqP8pOus1-WwMg,"Beauty & Spas, Hair Salons, Blow Dry/Out Services",43.6700794,-79.3932896,Blo Blow Dry Bar,30,2.5,0,0,0,0,2,0,1,0,0,0,0,0,0,1,0,0,0,0,0,0,0,2,0,0,0,0,0,0,0,0
bZgfnQtLXly82_XmLBqOwQ,"American (Traditional), Restaurants, Bars, Sports Bars, Nightlife",43.6453305,-79.391842,Wayne Gretzky's,268,3.0,0,0,2,0,2,0,0,1,0,0,0,0,1,2,2,2,2,2,3,2,2,2,2,0,2,1,2,3,31,0
boHc9QLqfh2dDmAS9lVeeg,"Coffee & Tea, Restaurants, Cafes, Food",43.7957861663,-79.4218826294,Timothy's World Coffee,3,2.5,0,0,0,0,0,0,0,1,0,0,0,0,0,2,0,1,2,1,3,1,2,1,1,0,2,0,0,3,1,0
dhOFu8Su6aJrs0uRn_dJvw,"Local Services, Dry Cleaning & Laundry, Dry Cleaning, Laundry Services, Shoe Repair, Sewing & Alterations",43.6361998,-79.4027185,Classy Dry Cleaners & Alterations,4,1.0,0,0,0,0,0,0,0,0,0,0,0,0,0,0,0,0,0,0,0,0,0,0,0,0,0,0,0,0,1,0
eXuwlFQ8YOXDzFWvaXIsAw,"Korean, Restaurants",43.6643894,-79.4141941,Cutlet House,4,3.0,0,0,1,0,0,0,0,0,0,0,0,0,0,2,0,2,2,1,3,2,2,2,2,0,2,0,0,3,1,0
en4dhG7NjjvFC4OdQXxkxQ,"Computers, Mobile Phone Repair, Shopping, Local Services, IT Services & Computer Repair",43.7031403,-79.3973083,i-Technique,11,4.5,0,0,0,0,0,0,0,0,0,0,0,0,0,0,0,0,0,0,0,0,0,0,0,0,0,0,0,0,1,0
eoFxbFSepG5-Puc8zsRhoQ,"Costumes, Toy Stores, Pop-up Shops, Arts & Crafts, Shopping, Flowers & Gifts, Gift Shops",43.6505322078,-79.4154740605,Kigurumi,6,4.0,0,0,0,0,2,0,0,0,0,0,2,0,0,0,0,0,0,0,0,0,0,2,0,0,0,0,0,0,2,0
ermGRX6p_dkwDo44YWvJpA,"Beauty & Spas, Barbers, Hair Stylists, Music Venues, Nightlife, Hair Salons, Arts & Entertainment",43.6397277,-79.4419404,"Rod, Gun, & Barbers",3,3.5,0,0,0,0,0,0,0,0,0,0,0,0,0,0,0,0,0,0,0,0,0,0,0,0,0,0,0,0,0,0
fEHYeuPJ1CAlq02KNI88HA,"Local Services, Movers, Couriers & Delivery Services, Home Services, Junk Removal & Hauling, Shipping Centers",43.7063972,-79.309937,Swift Moving And Deliveries,8,1.5,0,0,0,0,0,0,2,0,0,0,0,0,0,0,0,0,0,0,0,0,0,0,0,0,0,0,0,0,1,0
fgT8s1YSsgeBVNg__xDlSQ,"Building Supplies, Paint Stores, Hardware Stores, Shopping, Home Services, Home & Garden, Home Decor, Interior Design, Contractors",43.7772730661,-79.4737593304,Exclusive Paints,3,4.5,0,0,0,0,2,0,1,0,0,0,0,0,0,0,0,0,0,0,0,0,0,2,0,0,0,0,0,0,2,0
gmGHRByX_Z1iJenUuaW0kw,"Skin Care, Beauty & Spas, Day Spas, Nail Salons",43.6578045831,-79.3833461841,Elmwood Spa,220,3.0,0,0,0,0,2,0,2,0,0,0,0,0,0,0,0,0,0,0,0,0,0,3,0,0,0,0,0,0,15,0
hGL0I-qv771etyNBxmOF2w,"Arts & Entertainment, Cinema",43.6654163,-79.4103853,Hot Docs Ted Rogers Cinema,66,4.0,0,0,0,0,0,0,0,0,0,0,0,0,0,2,0,0,0,0,0,0,0,0,0,0,0,0,0,0,17,0
hQ3Y5mY7ycvxe7zgGcIIMg,"Recreation Centers, Gyms, Fitness & Instruction, Active Life, Pilates",43.6891336,-79.4127096,Studio Lagree,11,4.0,0,0,0,0,0,0,2,0,0,0,0,0,0,1,0,0,0,0,0,0,0,0,0,0,0,0,0,0,0,0
iJaR6BFCHeBKRcSTUH_zRg,"Women's Clothing, Formal Wear, Shopping, Fashion, Accessories",43.7023938,-79.3974554,Poor Little Rich Girl,3,1.5,0,0,0,0,0,0,0,0,0,0,0,0,0,0,0,0,0,0,0,0,0,2,0,0,0,0,0,0,0,0
jm4kg7PvAIRW7ISGPeggjA,"Arts & Entertainment, Costumes, Event Planning & Services, Performing Arts, Shopping, Party & Event Planning, Sewing & Alterations, Arts & Crafts, Local Services",43.641038,-79.430781,Theatrix Costume House,8,4.5,0,0,0,0,2,0,0,0,0,0,0,0,0,0,0,0,0,0,0,0,0,0,0,0,0,0,0,0,0,0
kvUmiPg2g5d0OrsMiBZScg,"Religious Organizations, Churches",43.8027779191,-79.2968286225,OneChurch.to,3,5.0,0,0,0,0,0,0,1,0,0,0,0,0,0,0,0,0,0,0,0,0,0,0,0,0,0,0,0,0,2,0
l57pPj8XxRxmzsplMCeV9w,"Nightlife, American (Traditional), Bars, Pubs, Restaurants",43.6746075642,-79.4320964813,The Gem,48,3.5,0,0,2,0,2,0,0,1,0,0,0,0,0,1,0,2,3,2,1,1,2,2,1,0,2,0,0,1,8,0
mlP1iHr6mennBBsIKklBZA,"Women's Clothing, Accessories, Shopping, Fashion, Used, Vintage & Consignment",43.649753,-79.4291274,V S P,5,4.5,0,0,0,0,2,0,0,0,0,0,0,0,0,0,0,0,0,0,0,0,0,3,0,0,0,0,0,0,0,0
nlHyVFkcPLDkjswfwlzHew,"Food, Grocery",43.7057953,-79.3460184,Food Basics,9,2.5,0,0,0,0,2,0,0,0,0,0,0,0,0,0,0,0,0,0,0,0,0,1,0,0,2,0,0,0,3,1
o5t33JVLpZWf269AEPB95Q,"Vegan, Vegetarian, Restaurants, Chinese",43.652093,-79.402622,Greens Vegetarian Restaurant,103,4.0,0,0,0,0,2,0,0,1,0,0,0,0,0,2,0,2,1,1,1,2,2,2,2,2,2,0,0,1,10,0
pXakzQzAISugLlRn9HovLA,"Nail Salons, Beauty & Spas, Day Spas",43.6639633179,-79.4168624878,Home Nails & Spa,25,2.5,0,0,0,0,2,0,1,0,0,0,0,0,0,0,0,0,0,0,0,0,0,2,0,0,0,0,0,0,2,0
pYw7eJnc3WmXqpHNyko-6w,"Acupuncture, Health & Medical, Chiropractors, Rehabilitation Center",43.779321,-79.417788,Jason Mazzarella,3,5.0,0,0,0,0,0,0,0,0,0,0,0,0,0,0,0,0,0,0,0,0,0,0,0,0,0,0,0,0,0,0
q9X0rwLBGehmRwXFqlWE-A,"Restaurants, Sandwiches, Food, Coffee & Tea, Breakfast & Brunch",43.6575439,-79.3900848,Aroma Espresso Bar,7,4.0,0,0,0,0,2,0,0,2,0,0,0,0,0,2,0,2,2,1,3,1,2,1,1,1,2,0,0,3,1,0
sDMgMEEZzcuLQj6VG15aDg,"Local Services, Printing Services",43.6687020048,-79.3872070312,Captain Printworks,10,4.0,0,0,0,0,0,0,0,0,0,0,0,0,0,0,0,0,0,0,0,0,0,0,0,0,0,0,0,0,1,0
sNKYHOtRrhwc_-owYB8q9g,"Bars, Karaoke, Nightlife",43.7869345,-79.2762698,VSOP KTV,4,2.0,0,0,2,0,2,0,0,0,1,0,1,0,0,0,2,2,2,1,3,0,2,2,2,0,0,2,2,3,0,0
svijhRN0hWIHfKb421D1Tg,"American (Traditional), Restaurants, Nightlife, Canadian (New), Lounges, Bars",43.6116933,-79.557183,JOEY Sherway,159,3.5,0,0,2,0,2,0,1,1,1,0,0,0,1,2,2,2,2,2,3,1,2,2,2,2,2,2,0,3,20,0
tdGCRjuxg3VJ-2HVaC27lw,"Erotic Massage, Beauty & Spas",43.7706979,-79.5414642,Vivid Spa,3,2.5,0,0,0,0,0,0,0,0,0,0,0,0,1,0,0,2,0,0,1,0,0,0,0,0,0,2,0,1,0,0
timQP0K05kY3dIUtNui96w,"Event Planning & Services, Wedding Planning, Hotels & Travel",43.6387,-79.417724,LUXE Destination Weddings,26,3.5,0,0,0,0,0,0,0,0,0,0,0,0,0,0,0,0,0,0,0,0,0,0,0,0,0,0,0,0,0,0
uh9NhQhOs6a0w3Vhk0xyvg,"Restaurants, Korean",43.6653067,-79.4108916,The Fry,86,2.5,0,0,1,0,2,0,0,1,0,0,1,0,0,1,0,1,2,1,3,1,2,2,2,2,2,0,1,3,8,0
viuOUhGjq6WgJyUG9QB0zA,"Public Services & Government, Libraries",43.7578368,-79.2246247,Cedarbrae Public Library,4,4.0,0,0,0,0,0,0,0,0,0,0,0,0,0,0,0,0,0,0,3,0,0,0,0,0,0,0,0,3,1,1
wSwRG4rrcZmA5zF5ZO_GEw,"Japanese, Restaurants",43.6461717,-79.3811365,Benihana Japanese Steakhouse & Sushi Lounge,72,3.0,0,0,2,0,2,0,0,1,0,0,0,0,0,2,0,1,2,1,2,1,2,4,2,2,1,0,2,2,7,0
xMbr0C6EuvaDEhDXWTFUzg,"Sushi Bars, Restaurants",43.6396681734,-79.4212111734,KoJa Restaurant,82,3.5,0,0,1,0,2,0,0,1,0,0,0,0,0,2,0,2,2,2,1,2,2,2,2,2,2,0,0,1,14,0
xZoQIKfOLoKcDCgcan6pKA,"Food, Restaurants, Salad, Poke",43.6588089,-79.3909892,The Poké Box,5,4.5,0,0,0,1,2,0,0,2,0,0,0,0,0,0,0,1,0,2,1,2,0,0,1,1,2,0,2,1,1,0
yLZAThtPscqQ6XIvXftUMg,"Restaurants, Greek",43.6785506,-79.348127,Anestis Taverna,54,4.0,0,0,0,0,1,0,0,0,0,0,0,0,0,2,0,2,2,2,1,2,2,2,2,2,2,0,0,1,5,0
ym4zQit5BHrOk53lk8dFJg,"Food, Ice Cream & Frozen Yogurt",43.6817191517,-79.4277874113,Bar Ape,76,4.5,0,0,0,0,2,0,0,1,0,0,2,1,0,0,0,0,0,0,1,0,0,1,0,0,2,0,2,1,10,0
