business_id,categories,latitude,longitude,name,review_count,stars,AcceptsInsurance,AgesAllowed,Alcohol,BYOB,BikeParking,BusinessAcceptsCreditCards,ByAppointmentOnly,Caters,CoatCheck,Corkage,DogsAllowed,DriveThru,GoodForDancing,GoodForKids,HappyHour,HasTV,NoiseLevel,OutdoorSeating,RestaurantsAttire,RestaurantsDelivery,RestaurantsGoodForGroups,RestaurantsPriceRange2,RestaurantsReservations,RestaurantsTableService,RestaurantsTakeOut,Smoking,WheelchairAccessible,WiFi,tips_counter_bz,total_compliments_bz
-4uT6QFVaRtc2Zmxvtd9Vg,"Barbeque, Restaurants, Fast Food",43.6703239574,-79.3906814978,BBQ Express,6,4.5,0,0,0,0,0,0,0,0,0,0,0,0,0,2,0,0,0,0,0,0,2,0,1,0,2,0,0,0,1,0
-CLTZ0cO-ooKDDmXHFoGMg,"Restaurants, Pizza, Salad, Gluten-Free, Italian",43.670165,-79.389908,Pi Co,100,4.0,0,0,0,0,2,0,0,2,0,0,0,0,0,2,0,1,2,1,1,2,1,2,1,1,2,0,0,1,5,0
-V0pOIbGahSsp76k5wON2w,"Skin Care, Beauty & Spas",43.7018307,-79.3878664,Belle Boutique Facial Rejuvenation By Tammy,3,5.0,0,0,0,0,0,0,0,0,0,0,0,0,0,0,0,0,0,0,0,0,0,2,0,0,0,0,0,0,0,0
-aIDAzPJTUexM3Skp78wlQ,"Pizza, Restaurants",43.7492612,-79.3120184,Famous Pizza Town,4,5.0,0,0,0,0,0,0,0,0,0,0,0,0,0,2,0,0,2,0,0,0,0,0,0,0,0,0,0,0,0,0
-dhIHdDixS01TpQhXlOrWw,"Health & Medical, Orthodontists, Cosmetic Dentists, Dentists",43.741641,-79.313939,James Noble,3,5.0,0,0,0,0,0,0,0,0,0,0,0,0,0,0,0,0,0,0,0,0,0,0,0,0,0,0,0,0,0,0
09x-yFf6sNslMLfz9BI20A,"Playgrounds, Dog Parks, Skate Parks, Active Life, Parks",43.6511,-79.405,Alexandra Park,11,3.5,0,0,0,0,2,0,0,0,0,0,0,0,0,2,0,0,0,0,0,0,0,0,0,0,0,0,0,0,4,0
1hmNiljuFBO2zJXkxF9-Gg,"Wigs, Beauty & Spas, Cosmetics & Beauty Supply, Shopping",43.7931367,-79.2401707,Clore Beauty Supply,12,2.5,0,0,0,0,2,0,1,0,0,0,0,0,0,0,0,0,0,0,0,0,0,2,0,0,0,0,0,0,1,0
2x5m2E_n0K4ZCVzLfsEPUw,"Department Stores, Auto Repair, Fashion, Automotive, Tires, Sporting Goods, Shopping",43.688249,-79.2981385,"Canadian Tire - Toronto Main & Danforth, ON",16,2.0,0,0,0,0,2,2,0,0,0,0,0,0,0,0,0,0,0,0,0,0,0,2,0,0,0,0,0,0,1,0
41XhzOPK28B_DPLQVSFgwg,"Real Estate Services, Professional Services, Home Services, Lawyers, Real Estate Law, Real Estate",43.7799021,-79.3081118,Bradshaw & Mancherjee,3,5.0,0,0,0,0,0,0,0,0,0,0,0,0,0,0,0,0,0,0,0,0,0,0,0,0,0,0,0,0,0,0
4aoXwVHoYMxOC-iwPm9A_g,"Shopping, Home & Garden, Nurseries & Gardening",43.673273,-79.453333,Caledonia Garden Centre,4,4.0,0,0,0,0,1,0,0,0,0,0,0,0,0,0,0,0,0,0,0,0,0,2,0,0,0,0,0,0,0,0
4jAcSxjVb0XzZZ18xptGYA,"Home Cleaning, Junk Removal & Hauling, Local Services, Home Services",43.6575787,-79.3452785,1-800-GOT-JUNK? Toronto and G.T.A.,36,3.5,0,0,0,0,0,0,2,0,0,0,0,0,0,0,0,0,0,0,0,0,0,0,0,0,0,0,0,0,1,0
5ID843Ti7L0aa7BQIeXNaw,"Hair Removal, Day Spas, Nail Salons, Beauty & Spas",43.7175256,-79.4008303,NAILSENSE,193,4.0,0,0,0,0,2,0,1,0,0,0,0,0,0,0,0,0,0,0,0,0,0,2,0,0,0,0,0,0,16,1
5S5KpaAD6G1HWgYw7l5EHw,"General Dentistry, Health & Medical, Endodontists, Cosmetic Dentists, Dentists",43.647981,-79.395712,Soho Dental,11,4.5,2,0,0,0,0,0,2,0,0,0,0,0,0,0,0,0,0,0,1,0,0,0,0,0,0,0,0,1,1,0
66m_zCy5JIDijS9F5OLC2A,"Department Stores, Women's Clothing, Men's Clothing, Shopping, Shoe Stores, Fashion",43.6441021,-79.4194873,Gravitypope-Toronto,13,3.5,0,0,0,0,2,0,0,0,0,0,0,0,0,0,0,0,0,0,0,0,0,3,0,0,0,0,0,0,2,1
7bIs86w27NuVWhOPHrQgXw,"Home & Garden, Shopping, Home Decor",43.7018611,-79.3969356,Au Lit Fine Linens Outlet,9,3.0,0,0,0,0,0,0,0,0,0,0,0,0,0,0,0,0,0,0,0,0,0,4,0,0,0,0,0,0,0,0
9Ria7fcus1uPr3EfClef0g,"Food, Grocery",43.6563463285,-79.3822160379,The Kitchen Table,16,3.0,0,0,0,0,2,0,0,0,0,0,1,0,0,0,0,0,0,0,0,0,0,3,0,0,2,0,0,0,8,0
AZI3oDl8_5nA7i4m74q0Dg,"Fitness & Instruction, Sporting Goods, Shopping, Active Life, Trainers",43.7175084,-79.4003941,Fitness Depot Yonge St,3,2.0,0,0,0,0,2,0,1,0,0,0,2,0,0,2,0,0,0,0,0,0,0,3,0,0,0,0,2,0,0,0
B_R1qvyOiMozYkzeV98K0w,"Bars, Nightlife, Cocktail Bars",43.6416888883,-79.4303486869,Pretty Ugly,37,4.5,0,0,2,0,0,0,0,0,2,0,0,0,1,0,0,0,0,0,3,0,1,2,0,0,0,0,0,3,7,0
GMrFxo9zw2xoTfPV-jQlYg,"Japanese, Sushi Bars, Restaurants, Kosher",43.7286207,-79.431533,Umami Sushi,8,4.0,0,0,0,0,0,0,0,2,0,0,0,0,0,2,1,1,1,1,1,2,2,2,1,0,2,0,0,1,1,0
I25sFwfFGkC_ueNRiR3TSw,"Nail Salons, Hair Salons, Beauty & Spas, Skin Care, Hair Removal, Waxing",43.6394626,-79.4429011,Tibet Hair and Beauty Salon,13,4.5,0,0,0,0,0,0,0,0,0,0,0,0,0,2,0,0,0,0,0,0,0,2,0,0,0,0,0,0,0,0
I4kAXwZU_BdIyCQPB6dScQ,"Blow Dry/Out Services, Nail Salons, Hair Salons, Beauty & Spas, Cosmetics & Beauty Supply, Shopping",43.6418999754,-79.3796991929,Trade Secrets - One York,3,3.5,0,0,0,0,0,0,2,0,0,0,0,0,0,0,0,0,0,0,3,0,0,0,0,0,0,0,2,3,0,0
JFX1lf5vxJAMzAGJV_MMjQ,"Restaurants, Sandwiches, Fast Food",43.6614153,-79.3806632,Subway,4,1.5,0,0,0,0,0,0,0,0,0,0,0,0,0,0,0,0,0,0,0,1,0,0,1,0,2,0,0,0,1,0
JaCVVKVoKnAsk6_DHwKTTA,"Shopping, Flowers & Gifts",43.7803804,-79.4154014,Secret Garden,5,5.0,0,0,0,0,2,0,0,0,0,0,0,0,0,0,0,0,0,0,0,0,0,2,0,0,0,0,2,0,1,0
KnVhr0sjt84wgO5pymWXsg,"Home Services, Home Decor, Shopping, Paint Stores, Home & Garden, Building Supplies, Wallpapering",43.66523,-79.4682352,West Toronto Paint & Wallpaper,5,1.5,0,0,0,0,2,0,0,0,0,0,2,0,0,0,0,0,0,0,0,0,0,2,0,0,0,0,0,0,1,0
KuClb-_LdAXaDlNSDv4wAQ,"Keys & Locksmiths, Home Services",43.6728102,-79.3952555,Locksmith 24 7,3,1.5,0,0,0,0,0,0,0,0,0,0,0,0,0,0,0,0,0,0,0,0,0,0,0,0,0,0,0,0,0,0
MFgcXs8uHFXdSjcgldMx1Q,"Tea Rooms, Bubble Tea, Coffee & Tea, Food",43.6399890714,-79.396429171,Bobo Tea & Juice,29,4.5,0,0,0,0,2,0,0,2,0,0,0,0,0,0,0,0,0,2,3,0,0,2,0,0,2,0,0,3,2,0
NfrN-_TFIo4w4J__Da1pmw,"Real Estate, Home Services, Home Decor, Real Estate Agents, Shopping, Home & Garden, Estate Liquidation, Antiques, Real Estate Services, Furniture Stores",43.772429,-79.3318052,MaxSold Estate Sales,3,2.5,0,0,0,0,0,0,1,0,0,0,0,0,0,0,0,0,0,0,0,0,0,1,0,0,0,0,0,0,0,0
NgwQXTr-6EBs5h9C3LF6sg,"Barre Classes, Pilates, Yoga, Active Life, Fitness & Instruction",43.666921,-79.4313239,Liberty Movement Studio,4,4.0,0,0,0,0,2,0,1,0,0,0,0,0,0,2,0,0,0,0,0,0,0,0,0,0,0,0,1,0,0,0
NumovRCL1dMSLGpoPnSeWA,"Halal, Middle Eastern, Falafel, Mediterranean, Restaurants",43.708528,-79.295665,Viva Shawarma,30,5.0,0,0,0,0,2,0,1,0,0,0,0,0,0,2,0,2,2,1,1,1,1,1,1,1,2,0,1,1,4,0
Nvj_rKyKainH4QDPU59AIg,"Education, Specialty Schools, Food Delivery Services, Cooking Schools, Food, Event Planning & Services, Caterers, Party & Event Planning",43.6735113,-79.351375,Elle Cuisine,4,5.0,0,0,0,0,0,0,0,0,0,0,0,0,0,0,0,0,0,0,0,0,0,0,0,0,0,0,0,0,0,0
OAMF8Dlk8OwfGG_1HP2ZRw,"Restaurants, Korean, Bars, Nightlife, Chicken Shop",43.6642528083,-79.3844366446,The Fry,62,3.5,0,0,1,0,1,0,0,0,1,0,0,0,1,1,0,2,2,2,1,2,2,2,1,2,2,1,0,1,3,0
OKwVSvwSdkxVYBLtZjHz0Q,"Beauty & Spas, Day Spas",43.6618917,-79.3811677,Caesar Spa,24,3.0,0,0,0,0,2,0,2,0,0,0,0,0,0,0,0,0,0,0,0,0,0,2,0,0,0,0,0,0,2,0
OW2Y9HjvwCT0T9aHmm-dpg,"Financial Services, Currency Exchange",43.6508006,-79.4759488,Kantor Currency Exchange,8,4.0,0,0,0,0,0,0,0,0,0,0,0,0,0,0,0,0,0,0,0,0,0,0,0,0,0,0,0,0,2,0
OeGUIyvzW6RsXNVhIUqclA,"Travel Services, Hotels & Travel",43.7358147,-79.3475084,CAA Store - Don Mills,3,2.5,0,0,0,0,0,0,0,0,0,0,0,0,0,0,0,0,0,0,0,0,0,0,0,0,0,0,0,0,1,0
P1mpnDuyiablVgbKdW4k-Q,"Doctors, Ophthalmologists, Health & Medical, Shopping, Eyewear & Opticians",43.6676544,-79.4420834,OpticalStore.ca,3,1.0,0,0,0,0,0,0,1,0,0,0,0,0,0,0,0,0,0,0,0,0,0,2,0,0,0,0,0,0,0,0
QD6k_wORU3yrbt1AseXg7w,"Japanese, Restaurants, Sushi Bars",43.6501631,-79.3765641,Mr Sushi,16,3.0,0,0,0,0,1,0,0,2,0,0,0,0,0,2,0,2,2,2,1,0,1,1,1,0,2,0,0,1,3,0
QZU9tafhRnRxnvSO6tFgDw,"Radio Stations, Mass Media",43.6574553,-79.3571601,Classical 96.3 FM,6,2.5,0,0,0,0,0,0,0,0,0,0,0,0,0,0,0,0,0,0,0,0,0,0,0,0,0,0,0,0,0,0
RWFC8Ht9gWcRc2vX57OPsA,"Italian, Pizza, Restaurants",43.6632763,-79.4025875,Papa CEO King Slice,59,3.5,0,0,1,0,2,0,0,1,0,0,0,0,0,2,0,2,2,1,3,2,2,1,1,0,2,0,0,3,4,0
StjUke9uj6T6qB4hpyzMMA,"Specialty Food, Restaurants, Health Markets, Vegan, Vegetarian, Beer, Wine & Spirits, Juice Bars & Smoothies, Food, Burgers",43.6451384,-79.4149767,Fresh on Crawford,176,3.5,0,0,2,0,2,0,0,1,0,0,1,0,0,2,0,1,3,2,1,1,2,2,2,0,2,0,0,1,32,0
UpOI4SvSNoeOrW6rw_IIeA,"Active Life, Parks, Dog Parks",43.6672577,-79.3432381,Gerrard - Carlaw Parkette,4,4.0,0,0,0,0,0,0,0,0,0,0,0,0,0,1,0,0,0,0,0,0,0,0,0,0,0,0,0,0,4,0
UpRphLjFnPIoklQhIO8fhA,"Beauty & Spas, Hair Salons",43.6625556,-79.3338976,JustB Salon,3,2.5,0,0,0,0,2,0,2,0,0,0,0,0,0,2,0,0,0,0,0,0,0,2,0,0,0,0,2,0,1,0
V35TCgNoosIBZG3HRFQvKA,"Caribbean, Restaurants",43.6781385,-79.4410688,Royal Caribbean Cafe,24,3.5,0,0,2,0,0,0,0,2,0,0,0,0,0,2,0,2,2,1,0,0,2,2,2,0,2,0,0,0,2,0
V6p6slLP11_yJjuFPGtEaw,"Specialty Food, Chocolatiers & Shops, Food",43.648637,-79.382088,Rocky Mountain Chocolate Factory,4,2.5,0,0,0,0,1,0,0,0,0,0,0,0,0,0,0,0,0,0,0,0,0,3,0,0,1,0,0,0,3,0
VA95qAV2PRH9gtTi2Vfv4Q,"Food, Salad, Pizza, Italian, Restaurants, Coffee & Tea",43.6710199,-79.3910854,Trattoria Nervosa,328,4.0,0,0,2,0,2,0,0,2,0,0,0,0,0,1,0,1,3,2,1,2,2,2,2,0,2,0,0,1,29,0
VDgcNqOAf9kzvyrkYWxvvQ,"International Grocery, Food, Salvadoran, Latin American, Restaurants, Mexican",43.6792815,-79.438193,Latin World,16,3.0,0,0,0,0,2,0,0,0,0,0,0,0,0,0,0,0,0,0,0,0,0,1,0,0,2,0,0,0,0,0
VDhLScy4FneNi9LcVOg-aQ,"Middle Eastern, Restaurants, Afghan",43.6871903,-79.396706,Shawarma Q,11,4.5,0,0,0,0,0,0,0,0,0,0,0,0,0,2,0,0,0,0,0,0,2,0,1,0,0,0,0,0,1,0
X0rCJQeIOwphjaVGnQOq-Q,"Local Services, Professional Services, Watch Repair",43.6551447,-79.3800494,Oyster Time Watch Repair Experts,20,4.5,0,0,0,0,0,0,0,0,0,0,0,0,0,0,0,0,0,0,0,0,0,0,0,0,0,0,0,0,0,0
XpZ1i9GLShFmJO6voy5qEQ,"Laundry Services, Local Services, Dry Cleaning & Laundry, Dry Cleaning",43.664673,-79.3676171,Carlton Dry Cleaners,6,4.0,0,0,0,0,0,0,0,0,0,0,0,0,0,0,0,0,0,0,1,0,0,2,0,0,0,0,0,1,0,0
Y4SxtwM0Vbixomer3lqSiw,"Skin Care, Day Spas, Beauty & Spas, Hair Removal, Nail Salons, Makeup Artists",43.6513463,-79.4759575,Janina's Esthetics,25,4.5,0,0,0,0,2,0,2,0,0,0,0,0,0,0,0,0,0,0,0,0,0,2,0,0,0,0,0,0,2,0
YguQLsQqdFVs1P6hrkQnxQ,"Veterinarians, Pet Groomers, Pets, Pet Services",43.6414237,-79.399315,Front Street Animal Hospital,24,4.0,0,0,0,0,0,0,0,0,0,0,0,0,0,0,0,0,0,0,0,0,0,0,0,0,0,0,0,0,5,0
Yi6Y7SHNp83dpVEBKhyfhQ,"Jewelry, Jewelry Repair, Shopping, Local Services",43.6614194858,-79.3833359466,Strada Jewellery,34,5.0,0,0,0,0,2,0,1,0,0,0,0,0,0,0,0,0,0,0,0,0,0,2,0,0,0,0,0,0,2,0
_f4ECv0_dCMJ__NkUsXNXg,"Parks, Active Life",43.8298791,-79.2742672,Milliken Park,11,4.0,0,0,0,0,2,0,0,0,0,0,0,0,0,2,0,0,0,0,0,0,0,0,0,0,0,0,0,0,2,0
_mo-QIcmJgUwcjeunAwtew,"Fashion, Shopping, Men's Clothing, Professional Services, Local Services, Sewing & Alterations",43.6747609727,-79.3956903364,Espinosa Master Tailor,6,4.0,0,0,0,0,0,0,0,0,0,0,0,0,0,0,0,0,0,0,0,0,0,3,0,0,0,0,1,0,0,0
_nsuZ7Fl1aMwqZGWEraQHw,"Breakfast & Brunch, Restaurants",43.6179340342,-79.5391701027,Cora,45,2.5,0,0,0,0,2,0,0,1,0,0,0,0,0,2,0,2,2,1,3,1,2,2,1,2,2,0,0,3,10,0
bwS2g3-Gv3A7tpgPfIycbQ,"Massage, Beauty & Spas",43.64842,-79.3819,Tranquility Studio,3,1.0,0,0,0,0,0,0,0,0,0,0,0,0,0,0,0,0,0,0,0,0,0,0,0,0,0,0,0,0,0,0
cg_1Z2S9KDfOSfuEKckYJA,"Organic Stores, Cafes, Food, Coffee & Tea, Bakeries, Restaurants, Specialty Food, Grocery, Health Markets, Juice Bars & Smoothies",43.7607335108,-79.4103984237,Whole Foods Market,55,3.5,0,0,0,0,2,2,0,2,0,0,0,0,0,0,0,0,2,0,0,1,0,3,0,0,2,0,0,0,11,0
dRjU-uxMeInyYgBb61Ap7A,"Fast Food, Mexican, Restaurants",43.6793908547,-79.4371611625,Itacate,31,4.5,0,0,0,0,2,0,0,0,0,0,0,0,0,2,0,2,0,1,1,1,2,2,1,1,2,0,0,1,3,0
eXOepvG_wg5JftJaQ1C3dg,"Education, Swimming Lessons/Schools, Fitness & Instruction, Specialty Schools, Active Life",43.6559745,-79.3955634,Felix's Swim Schools,3,2.0,0,0,0,0,2,0,1,0,0,0,0,0,0,2,0,0,0,0,0,0,0,0,0,0,0,0,2,0,0,0
fb8KDlxoY7hblHDrDwoUnw,"Event Planning & Services, Venues & Event Spaces",43.7700247,-79.3221581,Armenian Community Centre,3,4.5,0,0,0,0,0,0,0,0,0,0,0,0,0,0,0,0,0,0,0,0,0,0,0,0,0,0,0,0,0,0
g5CXBoGd3sYNEGAEbYqp1Q,"Pets, Veterinarians",43.6387751612,-79.389464,Harbourfront Animal Hospital,4,4.0,0,0,0,0,0,0,0,0,0,0,0,0,0,0,0,0,0,0,0,0,0,0,0,0,0,0,0,0,0,0
gEt2b4t34Zz3Q2HzkrT53g,"Restaurants, Food, Desserts, Bakeries, Greek",43.6794873,-79.3434874,Akropolis Pastries,18,4.5,0,0,1,0,2,2,0,1,0,0,0,0,0,2,0,2,2,2,1,1,2,1,1,2,2,0,0,1,2,0
h4I0iB0jNDd2LZJ4PeHZ1Q,"Restaurants, Mexican, Fast Food, Tex-Mex",43.7780455,-79.495472,z-teca Gourmet Burritos,16,2.5,0,0,0,0,2,0,0,2,0,0,1,0,0,2,0,2,4,1,1,1,2,2,1,0,2,0,2,1,2,0
hDy-uY7Vy_TZdGBzw59lhA,"Japanese, Sushi Bars, Restaurants, Breakfast & Brunch",43.6481305,-79.4002902,Saku Sushi,467,4.0,0,0,2,0,2,0,1,2,0,0,1,0,0,2,0,1,2,1,1,2,2,2,2,2,2,0,1,1,46,1
hQTrYnSza4itD46MMknUuw,"Thai, Restaurants",43.6473661,-79.4037259,EAT BKK,15,4.0,0,0,0,0,2,0,0,2,0,0,1,0,0,0,1,1,2,1,1,2,0,0,2,2,2,0,1,1,2,0
jM6JjZXFAQQANwdlEwbH3g,"Coffee & Tea, Restaurants, Italian, Food, Cafes",43.6719307,-79.4219481,Faema Caffe,40,2.5,0,0,2,0,2,0,0,2,0,0,0,0,0,2,0,2,2,2,3,1,2,2,2,0,2,0,0,3,6,0
kBt12nJhnruF9NQ36vRSZA,"Food, Coffee & Tea",43.6787173,-79.3476132,Marvel Coffee Company,23,4.5,0,0,0,0,2,0,1,0,0,0,0,0,0,0,0,0,0,2,3,0,0,1,0,0,2,0,0,3,2,0
leMIHa6TogufHv5HNYjnfw,"Food, Restaurants, Soup",43.6432975696,-79.4239881013,Ravi Soups,72,4.0,0,0,0,0,2,0,0,1,0,0,0,0,0,2,0,2,1,1,1,1,2,2,1,0,2,0,0,1,18,0
lh2ezG3kYADZ_y9qe8bkmg,"Sports Wear, Fashion, Outdoor Gear, Sporting Goods, Shopping",43.6394737952,-79.4199266905,Running Room,3,2.5,0,0,0,0,0,0,0,0,0,0,0,0,0,0,0,0,0,0,0,0,0,0,0,0,0,0,0,0,0,0
mUGDDv2j1qIzbh1JsAoBGQ,"Japanese, Restaurants, Sushi Bars",43.6893066,-79.2955409,Double Sushi,74,3.5,0,0,2,0,2,0,0,2,0,0,0,0,0,2,0,1,1,1,1,2,2,2,2,0,2,0,0,1,12,0
nv14hi82FfVR1a-LgMS_BQ,"Coffee & Tea, Food, Juice Bars & Smoothies, Tea Rooms, Bubble Tea",43.80488,-79.288067,Chatime Scarborough,83,3.5,0,0,0,0,1,2,1,1,0,0,1,0,0,2,0,0,2,1,3,0,0,1,0,0,2,0,0,3,18,0
pJWMjr0lGExrQ9gt_LoE_g,"Dumplings, Korean, Restaurants",43.7550080681,-79.4422459602,Suhan Dumplings,8,4.0,0,0,0,0,0,0,0,0,0,0,0,0,0,0,0,0,0,0,0,0,0,0,0,0,0,0,0,0,1,0
rF3gqVKAynwU6xz1Ljdo4A,"Sandwiches, Halal, Restaurants, Middle Eastern",43.7705425,-79.5427708,Pita Land,10,3.5,0,0,0,0,1,0,0,2,0,0,0,0,0,2,0,2,2,1,0,1,1,1,1,1,2,0,0,0,0,0
sNfMRwBmMKiN_dZCKU9HEw,"Specialty Schools, Cosmetology Schools, Hair Salons, Education, Beauty & Spas",43.6901043,-79.2941299,Marca College Of Hair And Esthetics,9,3.5,0,0,0,0,0,0,1,0,0,0,0,0,0,0,0,0,0,0,0,0,0,1,0,0,0,0,0,0,1,0
uGaAXhxiFGl5zRQULiic6w,"Hotels & Travel, Travel Services",43.6540644,-79.3806966,Flight Centre,3,1.0,0,0,0,0,0,0,0,0,0,0,0,0,0,0,0,0,0,0,0,0,0,0,0,0,0,0,0,0,0,0
uIPCRKIuq4aSVmsWgAa6tA,"Food, Restaurants, Juice Bars & Smoothies, Vegetarian, Vegan",43.6669673,-79.4033819,Fennel Eatery,6,3.5,0,0,0,0,2,0,0,2,0,0,1,0,0,0,0,1,0,1,1,2,1,2,1,1,2,0,2,1,0,0
xolNHbVTDWxQ9FIZNtkcNg,"Fashion, Sewing & Alterations, Shopping, Men's Clothing, Local Services",43.6782996271,-79.3468696065,Korry’s Clothiers to Gentlemen,15,2.0,0,0,0,0,2,0,0,0,0,0,0,0,0,0,0,0,0,0,0,0,0,2,0,0,0,0,0,0,0,0
y3wCvlnoIR9ZDOp_Vt8U1w,"Battery Stores, Shopping",43.6511809,-79.3842377,Batteries and Gadgets,3,1.0,0,0,0,0,0,0,0,0,0,0,0,0,0,0,0,0,0,0,0,0,0,1,0,0,0,0,0,0,0,0
y5mvFeC4xyWPIMkhtSQqPg,"Bars, Nightlife",43.6250764,-79.5092088,The Galway Arms,15,3.5,0,0,2,0,1,0,0,0,0,0,0,0,0,0,2,2,2,2,0,0,2,2,0,0,0,0,0,0,4,0
yFQCdWr_k1pTObzHPGis9Q,"Vegan, Restaurants, Vegetarian, Salad",43.6577161,-79.4020982,Grasshopper Restaurant,177,4.0,0,0,2,0,2,0,0,1,0,0,1,0,0,2,0,1,2,1,3,2,2,2,2,2,2,0,1,3,13,0
