business_id,categories,latitude,longitude,name,review_count,stars,AcceptsInsurance,AgesAllowed,Alcohol,BYOB,BikeParking,BusinessAcceptsCreditCards,ByAppointmentOnly,Caters,CoatCheck,Corkage,DogsAllowed,DriveThru,GoodForDancing,GoodForKids,HappyHour,HasTV,NoiseLevel,OutdoorSeating,RestaurantsAttire,RestaurantsDelivery,RestaurantsGoodForGroups,RestaurantsPriceRange2,RestaurantsReservations,RestaurantsTableService,RestaurantsTakeOut,Smoking,WheelchairAccessible,WiFi,tips_counter_bz,total_compliments_bz
-1NPtXJaDSoqxQPxt3rg3Q,"Vape Shops, Shopping",43.6690855,-79.4837762,Mister Vapor,5,5.0,0,0,0,0,2,0,0,0,0,0,2,0,0,0,0,0,0,0,0,0,0,2,0,0,0,0,2,0,2,0
-NEKCdgMmaZ-E1vvdViNLA,"Home Services, Movers",43.7785175,-79.3465557,CityBoxes,5,5.0,0,0,0,0,0,0,0,0,0,0,0,0,0,0,0,0,0,0,0,0,0,0,0,0,0,0,0,0,0,0
0ExE0tVCsPDMnNdvip1Kzg,"Bars, Pubs, Restaurants, Nightlife",43.6643306,-79.4162651,Pour Boy,57,3.5,0,0,2,0,2,0,0,0,0,0,0,0,0,1,0,1,2,2,3,1,2,1,2,0,0,0,0,3,16,0
1fNZDOcQmbom92Eq4s7tPw,"Shopping, Vape Shops",43.6483291,-79.399404,Vape29,6,2.5,0,0,0,0,2,0,0,0,0,0,2,0,0,0,0,0,0,0,0,0,0,2,0,0,0,0,1,0,1,0
2-0Z3UeQZ_Mx98m8Dv3oeQ,"Restaurants, Italian",43.6434168969,-79.3805038909,Aria Ristorante,86,3.0,0,0,2,0,2,0,0,1,0,0,0,0,0,1,0,2,2,2,1,1,2,3,2,0,1,0,0,1,9,0
3TSLeP0sqMmWvyypvrsKkg,"Beauty & Spas, Hair Salons",43.6787891,-79.3580181,Denise's On Broadview Hair Salon,3,4.5,0,0,0,0,2,0,1,0,0,0,0,0,0,2,0,0,0,0,0,0,0,2,0,0,0,0,0,0,1,0
49z7eFkyC6YuJpPT_KC83Q,"Tobacco Shops, Shopping, Drugstores, Hobby Shops",43.6655739,-79.4080403,420 Zone,7,3.0,0,0,0,0,2,0,0,0,0,0,0,0,0,0,0,0,0,0,0,0,0,2,0,0,0,0,0,0,3,0
4BBda3yy_8GXGmYLcgggHw,"Pizza, Restaurants, Italian",43.6442169,-79.398686,Pizzeria Libretto,107,4.0,0,0,2,0,2,0,0,0,0,0,0,0,0,2,0,1,2,2,1,1,2,2,2,2,2,0,0,1,10,0
4go65xzOKqlDA00sV5rjXg,"Food, Grocery",43.6785419,-79.3457196,Foodland,12,2.0,0,0,0,0,2,0,0,0,0,0,0,0,0,0,0,0,0,0,0,0,0,3,0,0,2,0,0,0,1,0
4nOFzonin3g2kg9kph7aIQ,"Local Services, Accessories, Sewing & Alterations, Shopping, Men's Clothing, Fashion, Formal Wear, Bespoke Clothing",43.6485527,-79.3758798,Garrison Bespoke,3,3.5,0,0,0,0,2,0,0,0,0,0,0,0,0,0,0,0,0,0,0,0,0,4,0,0,0,0,0,0,1,0
5G6tkZu1h-M08tip2V_6oA,"Desserts, Food",43.6526355,-79.3983795,Sugar Marmalade,132,3.0,0,0,0,0,2,0,0,1,0,0,1,1,0,2,0,0,0,0,0,0,0,1,0,0,2,0,0,0,26,0
5JrQA9mgp-OnjUr4I_wOJA,"Shopping, Drugstores",43.7152182,-79.4523692,Shoppers Drug Mart,3,4.0,0,0,0,0,1,0,0,0,0,0,0,0,0,0,0,0,0,0,0,0,0,2,0,0,0,0,0,0,4,0
5a2WPziZW2HoW10H1ovbpQ,"Breakfast & Brunch, Restaurants, Italian, Canadian (New), American (New), Gastropubs, Comfort Food",43.6595356509,-79.3473240556,The Peasant Table,68,3.5,0,0,2,0,2,0,0,0,0,0,0,0,0,2,0,2,2,2,1,0,2,2,2,2,2,0,0,1,3,0
6DYCxvDvSQbh3bGD2zFsOA,"Fashion, Men's Clothing, Shopping, Women's Clothing, Accessories",43.641496,-79.380258,Winners,3,3.5,0,0,0,0,0,0,0,0,0,0,0,0,0,0,0,0,0,0,0,0,0,0,0,0,0,0,0,0,1,0
6W6HfPk1umIjiFFTdtEdcA,"Event Planning & Services, Venues & Event Spaces",43.6350739,-79.4123625,Coca-Cola Coliseum,21,3.0,0,0,0,0,0,0,0,0,0,0,0,0,0,0,0,0,0,0,0,0,0,0,0,0,0,0,0,0,2,0
6yhhRjPaBMhUye8QWxslzA,"Italian, Restaurants",43.6451182,-79.5203186,Campo de Fiori Restaurant,6,4.5,0,0,1,0,0,0,0,0,0,0,0,0,0,0,0,2,2,0,0,0,2,2,2,2,0,0,0,0,2,0
750E29lQdlg1mkN8RPIZbg,"Electricians, Lighting Fixtures & Equipment, Home Services",43.653226,-79.3831843,Electric Matter,16,4.5,0,0,0,0,0,0,2,0,0,0,0,0,0,0,0,0,0,0,0,0,0,0,0,0,0,0,0,0,1,0
77k6QRc4yDhLBkbFW6fD0g,"Massage, Beauty & Spas, Physical Therapy, Health & Medical",43.6667446,-79.4119881,BStreet Registered Massage Therapy,7,4.5,2,0,0,0,2,0,2,0,0,0,0,0,0,0,0,0,0,0,0,0,0,2,0,0,0,0,1,0,0,0
7PWUo0_T_1Il0CqSp-3ifQ,"Breweries, Food",43.6450071,-79.4028996,YEE: 2nd Annual Hoppy Holidays Elite Party at Northern Maverick,18,5.0,0,0,0,0,0,0,0,0,0,0,0,0,0,0,0,0,0,0,0,0,0,0,0,0,0,0,0,0,3,0
7QT11ZPHnkiJYZVqcFGE8w,"Beauty & Spas, Skin Care, Cosmetics & Beauty Supply, Shopping",43.6703275,-79.3901641,DECIEM The Abnormal Beauty,13,3.0,0,0,0,0,1,0,1,0,0,0,1,0,0,0,0,0,0,0,0,0,0,2,0,0,0,0,1,0,1,0
7b5yIW8_t0hvI5T1rSOoOQ,Shopping,43.6503731,-79.3901756,El Mundo,3,2.5,0,0,0,0,0,0,0,0,0,0,0,0,0,0,0,0,0,0,0,0,0,3,0,0,0,0,0,0,1,0
7jEzkqlxMoURlK8LEs_ZWg,"Nightlife, Pubs, Bars",43.6473609,-79.3811231,The Duke of Devon,52,3.5,0,0,2,0,2,0,0,0,0,0,0,0,0,0,0,2,3,2,0,0,2,2,2,0,0,0,0,0,6,0
8KizCFDQopAZ7aCMyeEVDw,"Shopping, Art Supplies, Arts & Crafts",43.6542472,-79.3908683,Curry's Art Store,6,3.5,0,0,0,0,2,0,0,0,0,0,0,0,0,0,0,0,0,0,0,0,0,2,0,0,0,0,0,0,0,0
90kBvyG0CgTBSvXHv2Da-g,"Thai, Fast Food, Food Court, Restaurants",43.697534199,-79.3962941393,Thai Express,9,3.0,0,0,0,0,2,0,0,0,0,0,0,0,0,2,0,2,0,0,1,1,2,2,1,0,2,0,0,1,3,0
9xdVIIzHp12Zrox5aFaaHA,"Italian, Pizza, Restaurants",43.6487056,-79.4498592,Pizzeria Defina,126,4.0,0,0,2,0,2,0,0,2,0,0,0,0,0,2,0,2,2,1,3,1,2,2,1,0,2,0,0,3,13,0
Ae4ABFarGMaI5lk1i98A0w,"Restaurants, Himalayan/Nepalese, Indian",43.640247,-79.4389164,Himalayan Kitchen,107,4.5,0,0,1,0,2,0,0,2,0,0,0,0,0,2,1,2,2,1,3,2,2,2,2,0,2,0,0,3,11,0
BQmrbbfd-7RLj_mqFie3Dw,"Japanese, Sushi Bars, Restaurants",43.7251083,-79.4528087,Mac's Sushi,5,2.5,0,0,0,0,1,0,0,1,0,0,0,0,0,2,0,2,2,1,1,1,1,2,1,0,2,0,0,1,2,0
Cx0o524EbpLh8Luvjx6DMw,"Mediterranean, Middle Eastern, Cafes, Restaurants",43.6694450818,-79.4385803863,Parallel,62,4.0,0,0,2,0,0,0,0,0,0,0,0,0,0,2,0,2,0,1,1,1,2,0,2,0,2,0,0,1,7,0
DE90wJCKRRkePq4KzGFUpA,"Beauty & Spas, Hair Salons, Barbers",43.6496428,-79.3766983,Ivan Hair Salon,14,3.5,0,0,0,0,2,0,1,0,0,0,0,0,0,2,0,0,0,0,0,0,0,1,0,0,0,0,0,0,0,0
DGKrN40DY1NojJvxiY4oaQ,"Art Classes, Education, Shopping, Local Services, Jewelry Repair, Jewelry",43.6434658,-79.4230102,The Devil's Workshop,14,5.0,0,0,0,0,2,0,1,0,0,0,2,0,0,0,0,0,0,0,0,0,0,2,0,0,0,0,1,0,0,0
F2i-7Lz1KqwDPn6d7Ter0Q,"Pet Groomers, Pets, Pet Services",43.6839826,-79.2996046,DigginTheDog,9,3.5,0,0,0,0,0,0,0,0,0,0,0,0,0,0,0,0,0,0,0,0,0,0,0,0,0,0,0,0,1,0
FCm95D5JghRimGSbzz_E_g,"Hair Salons, Beauty & Spas, Nail Salons, Massage",43.6543235461,-79.3656314568,My Salon On Richmond,3,2.5,1,0,0,0,2,0,1,0,0,0,0,0,0,2,0,0,0,0,0,0,0,2,0,0,0,0,1,0,0,0
FQsvoj2nbVVNPoY_8a6Z-g,"Books, Mags, Music & Video, Bookstores, Shopping",43.660393,-79.432657,The Monkey's Paw,19,4.5,0,0,0,0,2,0,0,0,0,0,0,0,0,0,0,0,0,0,0,0,0,2,0,0,0,0,0,0,1,0
GEvolb_U74NXgfgdxrVtyQ,"Restaurants, Sushi Bars",43.8229701,-79.3063733,Nichiban Sushi 4 U,153,4.0,0,0,1,0,1,0,1,2,0,0,0,0,0,2,1,2,1,1,1,1,2,2,2,2,2,0,0,1,23,0
GxR7k3dajHli9KvHJTkPug,"Bakeries, Food",43.6511973,-79.3758138,Treats,4,3.0,0,0,0,0,0,0,0,0,0,0,0,0,0,0,0,0,0,0,0,0,0,1,0,0,0,0,0,0,0,0
HzZWnYs_qINLuXCjXyLPhw,"Food, Farmers Market",43.6569852,-79.4336351,Dufferin Grove Organic Farmers' Market,12,4.0,0,0,0,0,2,0,0,0,0,0,0,0,0,0,0,0,0,0,0,0,0,2,0,0,2,0,0,0,12,0
Omc0l15umc8_Q4F4I1ERjQ,"Home & Garden, Furniture Stores, Shopping",43.6477081,-79.3743841,Mobilia,3,1.5,0,0,0,0,0,0,0,0,0,0,0,0,0,0,0,0,0,0,0,0,0,2,0,0,0,0,0,0,0,0
Op0n40WLc7m_-VqcOFXcrg,"Bars, Performing Arts, Nightlife, Arts & Entertainment",43.676598,-79.3575302,The Social Capital,8,4.5,0,0,2,0,2,0,0,0,0,0,0,0,0,1,1,2,0,0,0,0,2,2,2,0,0,0,0,0,1,0
P4gNbRbndZCNK3LIqvGj5Q,"Automotive, Car Dealers",43.7188458429,-79.3492215872,Lexus On The Park,3,3.5,0,0,0,0,0,0,0,0,0,0,0,0,0,0,0,0,0,0,0,0,0,0,0,0,0,0,0,0,0,0
PT92mIFSqhkDNfbi0Hq9BQ,"Beer, Wine & Spirits, Historical Tours, Hotels & Travel, Beer Tours, Event Planning & Services, Party & Event Planning, Bus Tours, Breweries, Food, Tours",43.6411007,-79.385442,Old Toronto Beer Tour,3,5.0,0,0,0,0,0,0,0,0,0,0,0,0,0,0,0,0,0,0,0,0,0,2,0,0,0,0,0,0,1,0
PUWaJw25IBK1rgdev8VzfQ,"Shopping, Flowers & Gifts, Toy Stores, Jewelry, Personal Shopping",43.6645778,-79.4143312,Just You Sarah & Tom,64,4.5,0,0,0,0,2,0,1,0,0,0,1,0,0,0,0,0,0,0,0,0,0,2,0,0,0,0,0,0,9,0
QWoj22W-gc05jd8q_LPXOA,"Food, Juice Bars & Smoothies",43.6453166,-79.3804073,Jugo Juice,4,3.0,0,0,0,0,0,0,0,0,0,0,0,0,0,0,0,0,0,0,0,0,0,0,0,0,0,0,0,0,0,0
QvVRV-XkZeWWmRyIO1Oq6g,0,43.6435865,-79.4031669,Meet Market Adventures,3,1.0,0,0,0,0,0,0,0,0,0,0,0,0,0,0,0,0,0,0,0,0,0,0,0,0,0,0,0,0,0,0
QxMgkraDxkA7dmKo8DFHRw,"Specialty Schools, Education, Dance Schools",43.6627174,-79.4298159,Bees Knees Dance,3,4.5,0,0,0,0,0,0,0,0,0,0,0,0,0,0,0,0,0,0,0,0,0,0,0,0,0,0,0,0,0,0
Rq9sShky3e9itcncUfqD0A,"Restaurants, Cafes",43.6677097,-79.3947771,Food Studio Cafe,3,2.5,0,0,0,0,0,0,0,0,0,0,0,0,0,0,0,0,0,0,0,1,0,0,1,0,0,0,0,0,0,0
TibTrHAfWQwTKRIdIy1kSg,"Sandwiches, Canadian (New), Pubs, Restaurants, Steakhouses, Bars, Seafood, Nightlife",43.66283,-79.3675404,The Tilted Dog Pub & Kitchen,68,4.5,0,0,2,0,2,2,0,2,0,0,0,0,0,2,0,2,2,2,3,1,2,2,2,2,2,1,0,3,10,0
U0IDo1IWRdInEPozUqB_Sg,"Food, Coffee & Tea",43.6475456,-79.4493992,Extra Butter Coffee,26,3.5,0,0,0,0,2,0,0,0,0,0,0,0,0,0,0,0,0,2,3,0,0,1,0,0,2,0,0,3,1,0
UjKOk1J45MWP6xm_nPmpMg,"Truck Rental, Hotels & Travel, Automotive, Car Rental",43.6551047,-79.4028708,Wheels 4 Rent,5,3.0,0,0,0,0,0,0,0,0,0,0,0,0,0,0,0,0,0,0,0,0,0,0,0,0,0,0,0,0,0,0
VqReGefofdaspLlQVph2LA,"Restaurants, Sushi Bars, Food",43.6465919,-79.3812685,Umi Sushi Express,14,3.0,0,0,0,0,1,0,0,0,0,0,0,0,0,1,0,2,4,1,1,1,1,1,1,0,2,0,0,1,1,0
Wm7RROKOfPZBHuG1QMT7pw,"Food, Coffee & Tea",43.6387093134,-79.386319924,Tim Horton's,7,3.5,0,0,0,0,2,0,0,0,0,0,0,0,0,0,0,0,0,2,3,0,0,1,0,0,2,0,0,3,1,0
_uDkdt4ThY7PtS8LzWSC3Q,"Arts & Entertainment, Stadiums & Arenas",43.6332133743,-79.4185701434,BMO Field,57,3.5,0,0,0,0,0,0,0,0,0,0,0,0,0,2,0,0,0,0,0,0,0,0,0,0,0,0,0,0,35,1
alWXstljFU-q8K8rXtt2yg,"Food, Grocery",43.8251238,-79.2762536,Oriental Food Mart,8,2.0,0,0,0,0,2,0,0,1,0,0,0,0,0,0,0,0,0,0,0,0,0,2,0,0,2,0,0,0,5,0
chwG4PHe_wwyLIGIaGEH1A,"Food, Restaurants, Desserts, Thai",43.6517657,-79.4049646,Nantana Thai Food & Desserts,3,4.5,0,0,0,0,0,0,0,0,0,0,0,0,0,0,0,0,0,0,0,0,0,0,0,0,0,0,0,0,1,0
ck57kpQ7uO_t5bX5j4N50Q,"Breakfast & Brunch, Restaurants, Food, Coffee & Tea",43.774527775,-79.5011168646,Second Cup,14,4.0,0,0,0,0,1,0,0,2,0,0,0,0,0,2,0,1,2,1,3,1,2,1,1,0,2,0,0,3,2,0
dMipe28uBrRnqk8vhcoNgA,"Day Spas, Beauty & Spas",43.7482843,-79.3850513,Mane Society Salon & Spa,5,1.5,0,0,0,0,0,0,2,0,0,0,0,0,0,0,0,0,0,0,0,0,0,3,0,0,0,0,0,0,0,0
eB67Ak5iop5pqzKhXRzECQ,"Coffee & Tea Supplies, Health Markets, Coffee & Tea, Middle Eastern, Cafes, Food, Restaurants, Specialty Food",43.6557137,-79.4027869,Livelihood Cafe,33,4.5,0,0,0,0,2,0,0,2,0,0,0,0,0,0,1,0,0,2,3,0,0,1,0,0,2,0,1,3,1,0
f9ailp2V0V1Q_qGx6dKpvg,"Nightlife, Bars, Pubs",43.6655087,-79.4652663,Celtes Pub,4,3.0,0,0,2,0,0,0,0,0,0,0,0,0,0,0,0,2,4,0,0,0,2,1,0,0,0,0,0,0,2,0
h8vVxwP6FnlkRDONKBHT-w,"Caribbean, Restaurants",43.6453331,-79.4007017,Chubby's Jamaican Kitchen,223,4.0,0,0,2,0,2,0,0,2,0,0,1,0,0,1,1,1,2,2,1,1,2,2,2,2,2,0,2,1,10,0
hFJhkaTIT7hfqXZ8MvnqLg,"Grocery, Bakeries, Seafood Markets, Food, Specialty Food",43.6719017,-79.3784149,Joe''s No Frills,22,3.5,0,0,0,0,2,0,0,0,0,0,0,0,0,0,0,0,0,0,0,1,0,2,0,0,1,0,0,0,23,0
ilAhddvSrWIcQjzOBZf12A,"Dry Cleaning & Laundry, Local Services, Laundromat, Laundry Services",43.6672448,-79.427856,George's Coin Laundry,3,3.5,0,0,0,0,0,0,0,0,0,0,0,0,0,0,0,0,0,0,1,0,0,0,0,0,0,0,0,1,0,0
jDh9sMdTluxVyLNG3wf6RQ,"Fashion, Department Stores, Shopping, Home Services, Building Supplies",43.6713903,-79.4695096,The Home Depot,12,2.5,0,0,0,0,2,0,0,0,0,0,0,0,0,0,0,0,0,0,0,0,0,2,0,0,0,0,0,0,1,0
kxbHgnYIrNgSyvAqLIug2w,"Fashion, Used, Vintage & Consignment, Accessories, Shopping",43.6416486,-79.4303805,House of Vintage,6,4.5,0,0,0,0,0,0,0,0,0,0,0,0,0,0,0,0,0,0,0,0,0,3,0,0,0,0,0,0,0,0
m8lPhWEBUWCmzOLu3N9EBA,"Eyelash Service, Beauty & Spas",43.658603,-79.4531179,Keiko's Eyelashes,20,3.0,0,0,0,0,2,0,2,0,0,0,0,0,0,0,0,0,0,0,0,0,0,1,0,0,0,0,1,0,4,0
mCNzKFTukMYHkZVRMXIIyw,"Restaurants, Sushi Bars",43.6653037,-79.409141,Sushi On Bloor,151,3.5,0,0,1,0,2,0,0,1,0,0,0,0,0,2,0,2,2,1,1,2,2,2,2,2,2,0,0,1,15,0
mHV6YRI_KWIUsVtI4qXJkg,"Restaurants, Chinese",43.7064074,-79.5048956,China Town,4,2.0,0,0,0,0,0,0,0,0,0,0,0,0,0,0,0,0,0,0,0,0,0,1,0,0,0,0,0,0,0,0
mJqSZsjPkvvhJQxqdy0rQQ,"Bubble Tea, Food, Juice Bars & Smoothies",43.6700829,-79.3891872,Real Fruit Bubble Tea,3,2.5,0,0,0,0,0,0,0,0,0,0,0,0,0,0,0,0,0,0,0,0,0,0,0,0,0,0,0,0,0,0
p9azPSLFqqVXMLxezgWxyQ,"Greek, Restaurants, Persian/Iranian, Food",43.6467858,-79.5141071,Greek Olives,3,4.5,0,0,2,0,0,0,0,0,0,0,0,0,0,0,0,2,0,0,0,0,0,2,0,0,0,0,0,0,1,0
sXGU3gzvUT_QyL4Yl8T_GA,"Food, Chocolatiers & Shops, Specialty Food",43.6710659,-79.3857432,Purdys Chocolatier,4,4.0,0,0,0,0,2,0,0,0,0,0,0,0,0,0,0,0,0,0,0,0,0,2,0,0,2,0,0,0,0,0
tGMx-EvYkAxiFBDMh3JTgw,"Dentists, Health & Medical, General Dentistry",43.6474734,-79.3839517,Partnoy Glen Dr,3,4.5,0,0,0,0,0,0,2,0,0,0,0,0,0,0,0,0,0,0,0,0,0,0,0,0,0,0,0,0,0,0
tHSGXkfiKQAAnAJ_ta_DXQ,"Sandwiches, Scandinavian, Restaurants, Soup, Salad, British",43.6626632,-79.4445121,Donna's,17,4.5,0,0,0,0,0,0,0,0,0,0,0,0,0,0,0,2,0,0,0,1,0,0,0,0,0,0,0,0,0,0
u0YqV9eoMDVdYxMegrSxqw,"African, Restaurants, Indian",43.7450057,-79.2984151,Pili Pili,38,4.5,0,0,0,0,1,0,0,2,0,0,0,0,0,2,0,2,1,2,1,1,1,2,1,0,2,0,0,1,7,0
upZ9FEpOh1Pr_GY-rUh0vw,"Restaurants, Event Planning & Services, Canadian (New), Hotels, Nightlife, Hotels & Travel, Bars",43.6494377,-79.3920668,The Beverley Hotel,17,3.5,0,0,0,0,0,0,0,0,0,0,2,0,0,0,0,0,0,0,3,0,0,2,0,0,0,0,0,3,0,0
v_xuLfW7TXBsQctpOuPvQw,"Chinese, Restaurants, Ramen, Japanese, Noodles",43.6625908,-79.4035401,Magic Noodle,102,3.0,0,0,0,0,2,0,0,1,0,0,0,0,0,2,0,2,2,1,1,2,2,2,2,2,2,0,2,1,9,0
vqtblEvEH7gD9jVFw2qDnw,"Parks, Active Life",43.5848457901,-79.545196317,Marie Curtis Park,5,4.5,0,0,0,0,2,0,0,0,0,0,0,0,0,2,0,0,0,0,0,0,0,0,0,0,0,0,0,0,0,0
xHuwJckpFVB2sWL62rU36Q,"Noodles, Restaurants, Thai",43.6601367,-79.3858692,Boat King of Thai Noodles,30,3.0,0,0,0,0,0,0,0,0,0,0,0,0,0,0,0,0,0,0,0,0,0,0,0,0,0,0,0,0,2,0
xUsYf7lB0bi1zGEw41-aTw,"Food, Barbeque, Food Trucks, Restaurants",43.7124762,-79.3530658,Stoke Stack Barbecue,4,5.0,0,0,0,0,0,0,0,2,0,0,0,0,0,2,0,0,0,2,0,1,2,3,1,0,0,0,0,0,0,0
xYGneww55nDQyyrgG5Ys3g,"Skin Care, Cosmetic Surgeons, Health & Medical, Doctors, Laser Hair Removal, Hair Removal, Beauty & Spas",43.6772278,-79.4450061,St. Clair Cosmetic & Laser Clinic,3,5.0,0,0,0,0,0,0,0,0,0,0,0,0,0,0,0,0,0,0,0,0,0,0,0,0,0,0,0,0,0,0
yX4anPCzNGDQ-v8_uug2yg,"Desserts, Bakeries, Shopping, Food, Specialty Food, Vegetarian, Restaurants, Ice Cream & Frozen Yogurt, Health Markets",43.66565,-79.4092064,Kensington Natural Bakery,19,3.0,0,0,0,0,2,0,0,2,0,0,1,0,0,0,0,0,0,0,3,1,0,1,0,0,2,0,0,3,2,0
z294HIW-wFrHr2BRJuSOLw,"Food, Ethical Grocery",43.7384341,-79.5652916,India Bazaar,3,3.0,0,0,0,0,0,0,0,0,0,0,0,0,0,0,0,0,0,0,0,0,0,0,0,0,0,0,0,0,0,0
