business_id,categories,latitude,longitude,name,review_count,stars,AcceptsInsurance,AgesAllowed,Alcohol,BYOB,BikeParking,BusinessAcceptsCreditCards,ByAppointmentOnly,Caters,CoatCheck,Corkage,DogsAllowed,DriveThru,GoodForDancing,GoodForKids,HappyHour,HasTV,NoiseLevel,OutdoorSeating,RestaurantsAttire,RestaurantsDelivery,RestaurantsGoodForGroups,RestaurantsPriceRange2,RestaurantsReservations,RestaurantsTableService,RestaurantsTakeOut,Smoking,WheelchairAccessible,WiFi,tips_counter_bz,total_compliments_bz
-VGkjR0809iK_kbqot_kug,"Community Service/Non-Profit, Fashion, Department Stores, Local Services, Shopping, Thrift Stores",43.6571345003,-79.4442275595,Value Village,35,3.5,0,0,0,0,2,0,0,0,0,0,0,0,0,0,0,0,0,0,1,0,0,1,0,0,0,0,0,1,6,0
0B3W6KxkD3o4W4l6cq735w,"Burgers, Restaurants, Poutineries",43.65459,-79.38049,Big Smoke Burger,62,3.0,0,0,0,0,2,0,0,1,0,0,0,0,0,2,0,1,4,1,3,1,2,2,1,0,2,0,0,3,8,0
1wSDQwtIDkjRF7zZmmAUMQ,0,43.6472627,-79.3879983,Lory Berger the Firm,3,2.5,0,0,0,0,0,0,0,0,0,0,0,0,0,0,0,0,0,0,0,0,0,0,0,0,0,0,0,0,1,0
3Ht66Q5QqWaazRy30Oi2GQ,"Coffee & Tea, Food",43.6624803,-79.3863353,Starbucks,9,3.5,0,0,0,0,2,0,0,2,0,0,0,0,0,0,0,0,0,1,3,0,0,2,0,0,2,0,0,3,2,0
3OtwI9usuWqdqSiHTewKlQ,"Nail Salons, Massage, Skin Care, Health & Medical, Beauty & Spas, Waxing, Massage Therapy, Hair Removal",43.6877259,-79.3947538,King Thai Massage Health Care Centre,23,3.5,2,0,0,0,1,0,1,0,0,0,0,0,0,0,0,0,0,0,3,0,0,2,0,0,0,0,1,3,3,0
3cXsW6HxqW1HS4fcNCP1HQ,"Restaurants, American (Traditional)",43.7963261,-79.4196176,The Pickle Barrel,73,1.5,0,0,2,0,2,0,0,2,0,0,0,0,0,2,0,2,2,1,3,2,2,2,2,2,2,0,0,3,5,1
3rtMbY6lpwi_rCtmIOBGFw,"Local Services, Dry Cleaning & Laundry, Laundry Services",43.6548492,-79.3896749,Sketchley Cleaners,3,1.0,0,0,0,0,0,0,0,0,0,0,0,0,0,0,0,0,0,0,0,0,0,0,0,0,0,0,0,0,0,0
4B_QPqOwmRJNQRAaTfXIfg,"Food, Ice Cream & Frozen Yogurt, Desserts",43.6472616,-79.3785998,Pinkberry,6,3.5,0,0,0,0,0,0,0,0,0,0,0,0,0,0,0,0,0,0,0,0,0,0,0,0,0,0,0,0,1,0
5n9qVP5vbbJuDnl0dL8GlA,"Shopping, Jewelry",43.7761307,-79.2576385,Michael Hill Scarborough,6,1.5,0,0,0,0,2,0,1,0,0,0,0,0,0,0,0,0,0,0,0,0,0,4,0,0,0,0,0,0,2,0
5rE5PvGhChzttr74lkGF0g,"Eyelash Service, Hair Removal, Beauty & Spas, Nail Salons",43.7036792,-79.388022,Vanessa Nails & Spa,11,3.5,0,0,0,0,0,0,1,0,0,0,0,0,0,0,0,0,0,0,0,0,0,2,0,0,0,0,0,0,2,0
6qBpzAjYiv9zEcWWVUHVPw,"Bagels, Coffee & Tea, Bakeries, Donuts, Food",43.6478833787,-79.3850146607,Tim Hortons,9,3.5,0,0,0,0,2,0,0,0,0,0,0,0,0,0,0,0,0,1,3,1,0,1,0,0,2,0,0,3,3,0
7aeLrn18FMX8pmoXAxuTEg,"Hair Salons, Beauty & Spas",43.6695816,-79.3885728,Andre-Pierre,8,3.0,0,0,0,0,0,0,1,0,0,0,0,0,0,0,0,0,0,0,0,0,0,2,0,0,0,0,0,0,0,0
7azfFXMtlWioQHXDdc6fiA,"Fashion, Home & Garden, Shopping, Home Decor, Accessories, Shoe Stores, Women's Clothing",43.6463274,-79.4078138,Anthropologie,10,4.5,0,0,0,0,2,0,0,0,0,0,0,0,0,0,0,0,0,0,0,0,0,3,0,0,0,0,0,0,3,0
8YpjCNG6tiDLCJsm53-xZQ,"Juice Bars & Smoothies, Food",43.77529,-79.346936,Freshly Squeezed,5,3.0,0,0,0,0,2,0,0,0,0,0,0,0,0,0,0,0,0,0,3,0,0,3,0,0,2,0,0,3,0,0
9ppEX-SZQMiqG50y3ip__g,"Public Services & Government, Travel Services, Hotels & Travel, Passport & Visa Services",43.6512348625,-79.3776188046,Passport Canada,11,4.5,0,0,0,0,0,0,0,0,0,0,0,0,0,0,0,0,0,0,0,0,0,0,0,0,0,0,0,0,2,0
BUfxepveQVVrtRmHai1OTw,"Restaurants, Pizza",43.8355856,-79.253969,Pizza Nova,5,3.5,0,0,0,0,0,0,0,0,0,0,0,0,0,0,0,0,0,0,0,2,1,0,1,0,2,0,0,0,1,0
C8hcAvh1x4YsjqUsKdcAzw,"Women's Clothing, Fashion, Shoe Stores, Men's Clothing, Accessories, Shopping",43.6480584,-79.3985031,Neon Clothing,5,3.5,0,0,0,0,2,0,0,0,0,0,0,0,0,0,0,0,0,0,0,0,0,2,0,0,0,0,0,0,1,0
CcZG-ITBPSDDTxFHVZEOeg,"Bars, Arts & Entertainment, Music Venues, Dive Bars, Nightlife",43.6491162,-79.4223658,The Garrison,34,3.5,0,0,2,0,2,0,0,0,0,0,0,0,0,1,2,2,4,1,0,0,2,2,0,0,0,0,0,0,6,0
E0QRR3IO5fs9gXst0lOfpA,"Restaurants, Music Venues, Canadian (New), Bars, Nightlife, Arts & Entertainment, Cocktail Bars, Arcades",43.6546916,-79.4157868,Nightowl,33,4.0,0,0,2,0,2,0,0,0,2,0,0,0,2,1,1,2,3,2,3,1,2,2,2,2,1,1,0,3,6,0
FuKre8xuy7jl4tqfuAyRrQ,"Women's Clothing, Sports Wear, Men's Clothing, Shopping, Sporting Goods, Leather Goods, Fashion",43.654436,-79.380692,Roots - Eaton Center,20,3.5,0,0,0,0,2,0,1,0,0,0,0,0,0,0,0,0,0,0,0,0,0,2,0,0,0,0,2,0,0,0
H2gXfJQXltAqnpEwc58Img,"Bubble Tea, Food",43.652108,-79.397971,Kung Fu Tea on Spadina,77,4.0,0,0,0,0,2,0,0,1,0,0,1,0,0,2,0,0,2,0,0,0,0,1,0,0,2,0,0,0,9,0
I5zC_Qw8tpAckO5i6KC5dQ,"Shopping, Books, Mags, Music & Video, Videos & Video Game Rental, Art Galleries, Bars, Arts & Entertainment, Nightlife, Cafes, Restaurants",43.6646982,-79.4639064,See-Scape,15,4.0,0,0,2,0,2,0,1,1,0,0,0,0,0,2,0,2,2,2,3,1,2,2,2,2,0,3,0,3,1,0
IEH1v6d2wP8EqQSrYfArtQ,"Mediterranean, Greek, Restaurants",43.6537960804,-79.3910516426,Souvlaki House,13,3.5,0,0,0,0,2,0,0,0,0,0,0,0,0,2,0,1,2,1,1,1,2,1,1,0,2,0,1,1,5,0
IOqYT27UorjB7qTyrEsx3A,"Laser Hair Removal, Health & Medical, Medical Spas, Acne Treatment, Hair Removal, Beauty & Spas, Day Spas",43.7040757,-79.4100979,Dermedica Laser & Spa,6,2.0,0,0,0,0,2,0,2,0,0,0,0,0,0,0,0,0,0,0,0,0,0,2,0,0,0,0,0,0,0,0
J8EO8a44OWxtgJTS8ZiLgg,"Shopping, Children's Clothing, Fashion, Toy Stores",43.6466735,-79.4070894,Kol Kid,26,2.5,0,0,0,0,2,0,0,0,0,0,0,0,0,0,0,0,0,0,0,0,0,3,0,0,0,0,0,0,2,0
JK_DiDwbl7HX5OhCAh3h4g,"Event Planning & Services, Pizza, Caterers, Gluten-Free, Bars, Restaurants, Italian, Breakfast & Brunch, Nightlife",43.655255,-79.413732,Cafe Diplomatico Restaurant & Pizzeria,190,3.0,0,0,2,0,2,0,0,2,0,0,1,0,0,2,0,2,2,2,3,2,2,2,2,0,2,0,1,3,25,0
JLPRHZC0QDT731abIbawTg,"Local Services, Sewing & Alterations",43.7663193,-79.2389812,The Village Seamstress,11,5.0,0,0,0,0,0,0,2,0,0,0,0,0,0,0,0,0,0,0,0,0,0,0,0,0,0,0,0,0,0,0
JeGnpVwVNO8M8i5gO2Lp8A,"Ice Cream & Frozen Yogurt, Restaurants, Fast Food, Food, Beer, Wine & Spirits",43.63047,-79.414163,Vista Eatery,3,4.0,0,0,1,0,0,0,0,0,0,0,2,0,0,0,0,0,0,2,0,1,0,0,1,0,0,0,0,0,0,0
K2CdjES-IZDDEgetOnf0Vw,"Asian Fusion, Restaurants, Fast Food, Malaysian, Chinese",43.7871904907,-79.2766229063,One2 Snacks,213,4.5,0,0,0,0,2,0,0,2,0,0,1,1,0,2,1,1,2,1,1,1,1,1,1,1,2,0,0,1,48,0
KHLS5S3g9W4eleIA94HY-g,"Hotels & Travel, Car Rental",43.6194127,-79.5483141,Jim Peplinski Leasing,3,2.5,0,0,0,0,0,0,0,0,0,0,0,0,0,0,0,0,0,0,0,0,0,0,0,0,0,0,0,0,0,0
KSYAPEob8CqFba2zXhtjuA,"Fashion, Shopping, Lingerie",43.7779901,-79.3440914,Victoria's Secret,3,2.5,0,0,0,0,1,0,0,0,0,0,0,0,0,0,0,0,0,0,0,0,0,3,0,0,0,0,0,0,2,0
L6PDAxh5HgBlPeF4Mxj78g,"Restaurants, Fast Food, Food, Food Trucks, Hot Dogs",43.6443497443,-79.386719875,Don Juan's,5,3.0,0,0,0,0,1,0,0,0,0,0,0,0,0,2,0,0,3,1,2,1,1,1,1,0,2,0,0,2,4,0
Nj8aQbb6S_ZUpzSGdYzl0Q,"Auto Detailing, Automotive, Car Wash",43.7701174,-79.3701703,Special Car Wash,12,2.0,0,0,0,0,0,0,0,0,0,0,0,0,0,0,0,0,0,0,0,0,0,0,0,0,0,0,0,0,2,0
OOR7VcqIARWprmRH9NWEMA,"Delicatessen, Coffee & Tea, Donuts, Food",43.6497483,-79.387175,Tim Hortons,10,2.0,0,0,0,0,0,0,0,0,0,0,0,0,0,0,0,0,0,1,3,0,0,1,0,0,2,0,0,3,4,1
Pb--hnqqksCHP7UIU_a3zg,"Event Planning & Services, DJs, Venues & Event Spaces, Party & Event Planning",43.6137696,-79.4894543,Maximum Music,3,5.0,0,0,0,0,0,0,2,0,0,0,0,0,0,0,0,0,0,0,1,0,0,0,0,0,0,0,0,1,0,0
QQJK_pfCyeNrylJxN1DzXQ,"Shoe Repair, Local Services",43.6549817,-79.4191671,Mr Soles Shoe Repair,11,2.0,0,0,0,0,0,0,0,0,0,0,0,0,0,0,0,0,0,0,0,0,0,0,0,0,0,0,0,0,0,0
Rd6Nk0rYburd6G21QUxa8Q,"Restaurants, Chinese",43.6378188,-79.5392906,Li's Oriental Kitchen,11,3.5,0,0,0,0,0,0,0,2,0,0,0,0,0,1,0,2,2,1,1,2,1,2,1,1,2,0,0,1,2,0
Ro5Kduh_Y2D4L9tmIYibfg,"Health & Medical, Midwives",43.6597589,-79.3633417,Seventh Generation Midwives Toronto,5,2.5,0,0,0,0,0,0,2,0,0,0,0,0,0,0,0,0,0,0,0,0,0,0,0,0,0,0,0,0,0,0
TRfbx45alj29jwOe-SgAzQ,"Ice Cream & Frozen Yogurt, Food, Specialty Food, Chocolatiers & Shops",43.725631,-79.4523582,Purdys Chocolatier,5,3.5,0,0,0,0,1,0,0,0,0,0,0,0,0,0,0,0,0,0,0,0,0,2,0,0,0,0,0,0,1,0
WCCq9GziBRcppxZBYbo6Pg,"Restaurants, Sushi Bars, Korean, Food, Specialty Food",43.6571797376,-79.4476240147,Kibo Sushi House,9,4.5,0,0,1,0,1,0,0,1,0,0,1,0,0,0,1,1,0,1,1,1,0,0,2,2,2,0,1,1,1,0
Y2kM7ClTzAXniF9xJ2Lv2Q,"Health & Medical, Medical Centers",43.7075374,-79.3762384,The Morgentaler Clinic,3,2.0,0,0,0,0,0,0,0,0,0,0,0,0,0,0,0,0,0,0,0,0,0,0,0,0,0,0,0,0,0,0
YJzqbM3e3eonUfqtPbkjhw,"Beauty & Spas, Hair Salons, Hair Removal, Laser Hair Removal",43.6779593,-79.3491017,Vaffi Salon,9,3.5,0,0,0,0,2,0,1,0,0,0,0,0,0,2,0,0,0,0,3,0,0,2,0,0,0,0,0,3,0,0
ZG-c6IDFCcTl5akKG6qW0A,"Auto Repair, Automotive, Body Shops",43.6535184,-79.359844,Assured Automotive,6,2.5,0,0,0,0,0,2,0,0,0,0,0,0,0,0,0,0,0,0,0,0,0,0,0,0,0,0,0,0,0,0
at9gHrpvfL0DsknzfJvBDA,"Shopping, Fashion, Women's Clothing",43.71516,-79.45484,White House Black Market,3,2.5,0,0,0,0,2,0,0,0,0,0,0,0,0,0,0,0,0,0,0,0,0,3,0,0,0,0,0,0,1,0
bxsXU-aCEwFgEJ8Ojfv84Q,"Coffee & Tea, Food",43.7148818,-79.3997964,Tim Hortons,6,4.0,0,0,0,0,0,0,0,0,0,0,0,0,0,0,0,0,0,2,0,0,0,1,0,0,2,0,0,0,0,0
c0mqmFUNQKE0APAF1r9Ezg,"Education, Colleges & Universities",43.661273,-79.392959,University of Toronto,41,3.5,0,0,0,0,0,0,0,0,0,0,0,0,0,0,0,0,0,0,0,0,0,0,0,0,0,0,0,0,18,0
c15s-P1wv55ShT_quaFOag,"Fast Food, Chinese, Restaurants",43.6537169,-79.3950274,Yang's Braised Chicken Rice,6,3.5,0,0,0,0,0,0,0,0,0,0,0,0,0,0,0,0,0,0,0,2,0,0,0,2,2,0,0,0,0,0
d4P7boUqiA2pR59jOlzYLA,"Japanese, Pizza, Coffee & Tea, Ramen, Barbeque, Food, Cafes, Food Court, Restaurants, Nightlife, Public Markets, Shopping, Vegan, Diners, Sushi Bars, Breakfast & Brunch, Bars",43.6503522,-79.3837951,Assembly Chef's Hall,278,4.0,0,0,2,0,2,0,1,2,0,0,1,0,0,2,0,2,3,2,3,2,2,2,1,1,2,0,2,3,28,2
e178giuAicIhb16ymOtiBg,"Chinese, Restaurants, Asian Fusion",43.6514935,-79.3971849,R&D Restaurant,245,3.5,0,0,2,0,2,0,0,1,0,0,1,0,0,1,2,2,2,1,3,1,2,3,2,2,2,0,2,3,16,0
e6UDJBEIoXBbnXtdwkqIGA,"Fast Food, Food, Taiwanese, Chicken Wings, Restaurants",43.6587887,-79.3822273,Hot-Star,260,3.5,0,0,0,0,2,2,0,1,0,0,0,1,0,2,0,2,2,1,1,1,2,2,1,1,2,0,0,1,25,0
f0xNSOQRNbRxyYp8_pbA5A,"Soup, Restaurants, Hot Pot",43.8227120104,-79.3008523062,Coconut Seasons Hot Pot,15,3.0,0,0,0,0,0,0,0,0,0,0,0,0,0,0,0,2,0,0,0,0,2,0,0,0,0,0,0,0,2,0
fYxwv_y5tJG5Y5dHlgjH7w,"Burgers, Gastropubs, Salad, American (Traditional), Restaurants, Food, Desserts",43.7080941,-79.2504752,The Victorian Monkey,20,4.0,0,0,2,0,0,0,0,1,0,0,1,1,0,2,0,2,2,1,1,1,2,2,2,2,2,0,2,1,0,0
gBRuDwkub_ikzb2wIEC9Hw,"Travel Services, Hotels & Travel",43.6671282,-79.3880081,New Wave Travel,3,2.5,0,0,0,0,0,0,0,0,0,0,0,0,0,0,0,0,0,0,0,0,0,0,0,0,0,0,0,0,1,0
hNlzRMXfuqWS-Uh2eQow3g,"Hair Removal, Skin Care, Beauty & Spas, Laser Hair Removal",43.7078302,-79.3918249,IMD Laser Clinic,9,2.5,0,0,0,0,0,0,1,0,0,0,0,0,0,0,0,0,0,0,0,0,0,3,0,0,0,0,0,0,0,0
hr_yV0GW1O9nFE0Q54XEgg,"Day Spas, Beauty & Spas, Nail Salons",43.7124565,-79.4286751,La Mademoiselle Spa & Nails,6,4.5,0,0,0,0,1,0,1,0,0,0,0,0,0,0,0,0,0,0,0,0,0,2,0,0,0,0,0,0,0,0
ighRZaUZCRAzjtzl5Hr8qA,"Shopping, Furniture Stores, Home & Garden",43.7018143,-79.3971041,The Chesterfield Shop,6,2.0,0,0,0,0,0,0,0,0,0,0,0,0,0,0,0,0,0,0,0,0,0,3,0,0,0,0,2,0,0,0
kYD9E14AijONhJ7rFsyLrg,"Mediterranean, Modern European, Restaurants",43.6572873032,-79.383696553,The Elm Tree Restaurant,261,4.5,0,0,2,0,2,0,0,2,0,0,1,0,0,1,0,1,2,2,1,1,2,2,2,2,1,0,0,1,25,0
kuKrqRwfWLeCaqzKN1IV5g,"Colleges & Universities, Health & Medical, Education, Physical Therapy, Chiropractors, Doctors, Acupuncture, Sports Medicine",43.6879716,-79.3955961,SEMI-Sports & Exercise Medicine Institute,3,5.0,0,0,0,0,0,0,2,0,0,0,0,0,0,0,0,0,0,0,0,0,0,0,0,0,0,0,0,0,0,0
lcp_eVp7keL1TEBzcYkpzg,"Food, Grocery, Beer, Wine & Spirits",43.6511104,-79.4750905,Blo Blow Dry Bar,8,3.0,0,0,0,0,2,0,0,1,0,0,0,0,0,0,0,0,0,0,0,0,0,2,0,0,2,0,0,0,2,0
lsVuBeIvmCLZQWRAOqvj-A,"Beauty & Spas, Hair Extensions, Jewelry, Shopping, Cosmetics & Beauty Supply, Hair Salons",43.7464977,-79.487265,Beauty Collection-Keele,4,3.0,0,0,0,0,1,0,1,0,0,0,1,0,0,0,0,0,0,0,0,0,0,0,0,0,0,0,2,0,0,0
np8wj1g3cgCoIcJ26zozpA,"Restaurants, Mediterranean, Canadian (New)",43.6705327,-79.2987972,Green Eggplant Restaurant,70,3.5,0,0,2,0,2,0,0,0,0,0,0,0,0,2,0,2,2,2,3,2,2,2,2,2,2,0,0,3,11,0
nwQq25Nuf-AmtHT9l0BXIw,"Music Venues, Event Planning & Services, Venues & Event Spaces, Latin American, Arts & Entertainment, Dance Clubs, Nightlife, Restaurants, Breakfast & Brunch",43.6497277,-79.4345802,Lula Lounge,53,3.0,0,0,2,0,2,0,0,1,0,0,0,0,0,1,2,2,3,1,1,1,2,2,2,0,1,0,0,1,6,0
oHwHEnks9WNP6innmm9-Qw,"Hair Salons, Beauty & Spas, Shopping, Cosmetics & Beauty Supply, Skin Care",43.6787419,-79.3902583,Delineation Hair & Skin Essentials,8,4.5,0,0,0,0,2,0,1,0,0,0,0,0,0,1,0,0,0,0,0,0,0,4,0,0,0,0,2,0,1,0
pOe045d08sWNYEMwD7q0Vg,"Cards & Stationery, Arts & Crafts, Framing, Flowers & Gifts, Event Planning & Services, Shopping",43.6486472,-79.4208159,Telegramme Prints and Custom Framing,9,3.5,0,0,0,0,2,0,0,0,0,0,0,0,0,0,0,0,0,0,0,0,0,2,0,0,0,0,0,0,1,0
pRfQNSJwLfk6WQqYVnJM8g,"Home Services, Real Estate, Apartments",43.6690558,-79.374951,Medallion Corporation,6,1.5,0,0,0,0,0,0,1,0,0,0,0,0,0,0,0,0,0,0,0,0,0,0,0,0,0,0,0,0,0,0
qRQPfzTXw7UujKoZB510Hg,"Food, Beer, Wine & Spirits",43.6391236152,-79.417759914,The Beer Boutique,10,3.0,0,0,0,0,0,0,0,0,0,0,0,0,0,0,0,0,0,0,0,0,0,2,0,0,0,0,0,0,1,0
rySv_5Cmqm6J2HcZAb2JTg,"Hotels & Travel, Travel Agents, Travel Services",43.6604317,-79.3414951,TourRadar,3,1.0,0,0,0,0,0,0,0,0,0,0,0,0,0,0,0,0,0,0,0,0,0,0,0,0,0,0,0,0,0,0
s8dlSG93tMvHIm_3l5IUxA,"Toy Stores, Hobby Shops, Shopping",43.7043947,-79.3660276,The Little Dollhouse Company,6,4.0,0,0,0,0,0,0,0,0,0,0,0,0,0,0,0,0,0,0,0,0,0,3,0,0,0,0,0,0,0,0
sy50KIA8OhgC8NMaPsRkzQ,"Donairs, Food",43.6642258,-79.4161222,East Coast Donair & Grill,3,2.0,0,0,0,0,0,0,0,0,0,0,0,0,0,0,0,0,0,0,0,0,0,0,0,0,0,0,0,0,1,0
tCTMmTfqD1PD8_VDOgoB0w,"Restaurants, Burgers, Sandwiches, Hot Dogs, Fast Food",43.7541711,-79.3494929,Five Guys,57,3.5,0,0,0,0,2,0,0,1,0,0,0,0,0,2,0,1,2,1,1,1,2,2,1,0,2,0,0,1,12,2
u0KWFEkp2KCaB0ebmvi4Kw,"Karaoke, Sports Bars, Restaurants, Food, Beer, Wine & Spirits, Gastropubs, Bars, Nightlife, Pubs, American (Traditional)",43.6481482,-79.3902307,The Office Pub,126,3.0,0,0,2,0,2,0,0,2,0,0,0,0,1,1,0,2,3,2,3,2,2,2,2,0,2,0,0,3,12,1
uCB5ua_Ss8n5ZZe5EzTYng,"Web Design, Professional Services, Graphic Design, Photography Stores & Services, Shopping, Local Services, Event Planning & Services, Printing Services, Photographers",43.670045,-79.413239,A Nerd's World,7,2.5,0,0,0,0,2,0,0,0,0,0,0,0,0,0,0,0,0,0,0,0,0,2,0,0,0,0,0,0,1,0
vPEV4e2exiG0sQlQLBSlZg,"Beauty & Spas, Hair Salons",43.6429294712,-79.4068103596,Good Hearts Salon And Spa,7,3.0,0,0,0,0,0,0,0,0,0,0,0,0,0,0,0,0,0,0,0,0,0,0,0,0,0,0,0,0,0,0
vtrtF2hnF9ZeXiJNcAl81g,"Coffee & Tea, Food",43.7693810878,-79.3870827007,Starbucks,12,2.5,0,0,0,0,2,0,0,0,0,0,0,0,0,0,0,0,0,2,3,0,1,1,0,0,2,0,0,3,5,0
wJhdPi4tvJGV24NXQv3Vnw,"American (Traditional), Nightlife, Seafood, Bars, Canadian (New), Restaurants",43.6696804,-79.3757831,Gabby's at the Isabella Hotel,24,3.0,0,0,2,0,2,0,0,1,0,0,0,0,0,1,0,2,2,2,0,2,2,2,0,0,2,0,0,0,7,0
wSi_ZrZLVWS1TSDfETTrCA,0,43.6414342,-79.4320217,Hanoi Restaurant,3,2.0,0,0,0,0,0,0,0,0,0,0,0,0,0,0,0,0,0,0,0,0,0,0,0,0,0,0,0,0,0,0
xxOoUtfJtNZoek6biU207g,"Laundry Services, Dry Cleaning, Dry Cleaning & Laundry, Local Services",43.6432436,-79.4046742,Mr Lees Dry Cleaning,7,3.0,0,0,0,0,2,0,0,0,0,0,0,0,0,0,0,0,0,0,0,0,0,1,0,0,0,0,0,0,1,0
yGDiAVoQB8LX3OsJ4e2I0A,"Food, Chinese, Coffee & Tea, Restaurants, Bakeries",43.6559041,-79.383606,Kin-Kin Bakery & Bubble Tea,29,3.5,0,0,0,0,0,0,0,0,0,0,0,0,0,0,0,0,0,1,1,1,0,1,0,0,2,0,0,1,6,0
yHxCbP1LRyiS842SbZMq0A,"Accountants, Professional Services, Financial Services, Tax Services, Financial Advising, Payroll Services, Business Consulting",43.6505712,-79.3845675,Your Modern Accountant,39,4.0,0,0,0,0,0,0,1,0,0,0,0,0,0,0,0,0,0,0,0,0,0,0,0,0,0,0,0,0,0,0
