business_id,categories,latitude,longitude,name,review_count,stars,AcceptsInsurance,AgesAllowed,Alcohol,BYOB,BikeParking,BusinessAcceptsCreditCards,ByAppointmentOnly,Caters,CoatCheck,Corkage,DogsAllowed,DriveThru,GoodForDancing,GoodForKids,HappyHour,HasTV,NoiseLevel,OutdoorSeating,RestaurantsAttire,RestaurantsDelivery,RestaurantsGoodForGroups,RestaurantsPriceRange2,RestaurantsReservations,RestaurantsTableService,RestaurantsTakeOut,Smoking,WheelchairAccessible,WiFi,tips_counter_bz,total_compliments_bz
-Rb2Jt9g4Kslzt3UTSM-Qg,"Arts & Entertainment, Wine Tasting Room, Wineries, Food, Beer, Wine & Spirits",43.6654314,-79.3878054,The Wine Shop and Tasting Room,3,4.5,0,0,0,0,2,0,0,1,0,0,2,0,0,0,1,0,0,0,3,0,0,0,0,0,1,0,2,3,0,0
-axYDnGQUJ1-tSRRVPWq0Q,"Movers, Home Services, Self Storage, Local Services",43.7191624,-79.3063272,BlueLine Moving & Storage,3,2.5,0,0,0,0,0,0,2,0,0,0,0,0,0,0,0,0,0,0,0,0,0,0,0,0,0,0,0,0,0,0
0MpIkT4bWVmothCksJysKg,"Caterers, Event Planning & Services, Venues & Event Spaces",43.6498372,-79.3738291,La Maquette,5,4.0,0,0,0,0,0,0,0,0,0,0,0,0,0,0,0,0,0,0,0,0,0,0,0,0,0,0,0,0,1,0
1JRNlzw3no3UyfV3VG3NEw,"Medical Centers, Chiropractors, Health & Medical, Massage, Massage Therapy, Acupuncture, Beauty & Spas",43.6717578,-79.3931303,Satori Health & Wellness,20,4.0,0,0,0,0,2,0,1,0,0,0,0,0,0,0,0,0,0,0,0,0,0,3,0,0,0,0,0,0,0,0
2w1--YfQAvafK03GjkIx-Q,"Active Life, Gyms, Cardio Classes, Fitness & Instruction, Trainers",43.7024882,-79.3772875,Conquer Boot Camp,4,5.0,0,0,0,0,2,0,0,0,0,0,0,0,0,0,0,0,0,0,0,0,0,0,0,0,0,0,1,0,0,0
3A3D0Me1hezAn9EdrTLICA,"Health & Medical, Beauty & Spas, Massage Therapy, Massage, Day Spas",43.6461677,-79.5154212,Northwestern Massage Therapy,3,4.5,2,0,0,0,2,0,2,0,0,0,0,0,0,0,0,0,0,0,0,0,0,2,0,0,0,0,2,0,0,0
3N5bwNdig7uRddd3kozENA,"Chicken Wings, Restaurants, Fast Food",43.6679005751,-79.3856279494,Popeyes Louisiana Kitchen,23,2.0,0,0,0,0,2,0,0,1,0,0,0,1,0,2,0,2,2,1,1,2,2,2,1,1,2,0,1,1,4,0
3nlPMhz5YN5nzdUY2rBhdA,"Education, Specialty Schools, Driving Schools",43.6757693,-79.3579891,AMB Driving School,34,2.5,0,0,0,0,0,0,0,0,0,0,0,0,0,0,0,0,0,0,0,0,0,0,0,0,0,0,0,0,2,0
3yuvRrw-2Z4rPaZexgUJXA,"Hair Salons, Beauty & Spas",43.7206319,-79.6000253,Melonheads,3,1.0,0,0,0,0,0,0,0,0,0,0,0,0,0,0,0,0,0,0,0,0,0,0,0,0,0,0,0,0,0,0
4Hxfjuuawg8s2xa0c3xp8w,"Libraries, Public Services & Government",43.7207857,-79.4321844,Toronto Public Library,3,2.5,0,0,0,0,0,0,0,0,0,0,0,0,0,0,0,0,0,0,3,0,0,0,0,0,0,0,0,3,4,0
4YnTxQ5j7tsbBhlasnDnPw,"Bars, Burgers, Restaurants, Nightlife",43.6752007,-79.40636,Madam Boeuf And Flea,5,4.5,0,0,0,0,0,0,0,0,0,0,0,0,0,2,0,0,0,0,0,0,0,0,1,0,2,0,0,0,0,0
5ARqwl-RIa-KNaPPeRtv5w,"Grocery, Food",43.6755483,-79.4028457,Food Depot,14,2.5,0,0,0,0,2,0,0,0,0,0,0,0,0,0,0,0,0,0,0,0,0,3,0,0,2,0,0,0,2,0
7CP79bfBOEmi88UIj-zG7g,"Fashion, Shopping",43.6487164,-79.3952175,Star Fashion,3,3.0,0,0,0,0,0,0,0,0,0,0,0,0,0,0,0,0,0,0,0,0,0,1,0,0,0,0,0,0,0,0
85yWZB-boZ1n57kS99HdHg,"Restaurants, Caribbean",43.6698399,-79.3757037,PAUL’S ROTI SHOP,5,3.0,0,0,0,0,0,0,0,0,0,0,0,0,0,0,0,0,0,0,0,0,0,0,0,0,0,0,0,0,0,0
8Ke2LwrJgB4eVvaDSiPKyg,"Arts & Entertainment, Race Tracks, Stadiums & Arenas",43.713033,-79.603263,Woodbine Racetrack,51,3.5,0,0,0,0,0,0,0,0,0,0,0,0,0,1,0,0,0,0,0,0,0,0,0,0,0,0,0,0,9,0
8us2oNvQyZtEwpKYDW1ZAg,"Food, Juice Bars & Smoothies, Specialty Food, Fruits & Veggies",43.653226,-79.3831843,St Lawrence Market Juice Bar,5,4.5,0,0,0,0,0,0,0,0,0,0,0,0,0,0,0,0,0,0,0,0,0,2,0,0,0,0,0,0,1,0
9ddDHdNU2PRTl_1LbkQM5g,"Shopping, Skin Care, Cosmetics & Beauty Supply, Beauty & Spas",43.6455176983,-79.4114511833,Deciem The Abnormal Beauty,5,4.5,0,0,0,0,1,0,1,0,0,0,1,0,0,0,0,0,0,0,0,0,0,1,0,0,0,0,1,0,2,0
BK65zrlMIaXo8ybbBJ3PuQ,"Train Stations, Public Transportation, Hotels & Travel, Transportation",43.667129,-79.404596,Spadina Subway Station,15,3.0,0,0,0,0,0,0,0,0,0,0,0,0,0,0,0,0,0,0,0,0,0,0,0,0,0,0,0,0,2,0
BhZXQi6Hwrqfao7gCEwysA,"Doctors, Health & Medical",43.6825306,-79.4224294,Solutions Health Care Associates,3,5.0,0,0,0,0,0,0,0,0,0,0,0,0,0,0,0,0,0,0,0,0,0,0,0,0,0,0,0,0,2,0
C7oHVsJyxNGH2D9yXUB2kw,"Restaurants, Chinese, Thai",43.6474686,-79.3839517,Modern Wok,30,4.0,0,0,0,0,2,0,0,1,0,0,0,0,0,2,0,2,2,1,1,1,1,1,1,0,2,0,0,1,4,0
D0VV8vMjWoxx-ADJY9JKmg,"Health & Medical, Pharmacy, Doctors, Medical Centers, Family Practice, Urgent Care, Walk-in Clinics",43.7693355,-79.2809224,Progress Centre Medical,7,3.0,2,0,0,0,0,0,1,0,0,0,0,0,0,0,0,0,0,0,1,0,0,0,0,0,0,0,0,1,0,0
EmYQiAEpd6vvxEv8o-QYog,"Restaurants, Cajun/Creole",43.6449355,-79.386151,Bourbon St Grill,4,1.5,0,0,0,0,0,0,0,0,0,0,0,0,0,2,0,0,0,1,0,1,2,1,1,0,2,0,0,0,1,0
FOypa62NIqVvD57VTBFU4w,"Body Shops, Automotive",43.688109,-79.2971259,Gill Auto Collision,3,4.5,0,0,0,0,0,0,0,0,0,0,0,0,0,0,0,0,0,0,0,0,0,0,0,0,0,0,0,0,0,0
HCS_nBKLxY0_N3yyk4-Fiw,"Appliances & Repair, Local Services",43.648712,-79.3871626,Dyson Canada,4,2.0,0,0,0,0,0,0,0,0,0,0,0,0,0,0,0,0,0,0,0,0,0,0,0,0,0,0,0,0,0,0
I6p-SzL35d26ULk50DlOrA,"Automotive, Towing, Body Shops",43.653717,-79.36179,AWIN Downtown Bodyshop,3,4.5,0,0,0,0,0,0,1,0,0,0,0,0,0,0,0,0,0,0,1,0,0,0,0,0,0,0,0,1,0,0
Iov02yUKZVj-Z3A3u37ExA,"Restaurants, Specialty Food, Food, Thai, Ethnic Food, Chinese",43.6629816,-79.4030688,River Tai Restaurant,17,4.0,0,0,0,0,0,0,0,0,0,0,0,0,0,1,0,2,1,1,1,2,2,1,0,0,0,0,0,1,1,0
K1nBA8UblVNUYHmhDh6hQA,"Arabian, Middle Eastern, Restaurants, Halal",43.6614929,-79.4283863,Laziza,28,4.0,0,0,0,0,0,0,0,0,0,0,0,0,0,2,0,2,1,1,1,0,1,1,1,1,2,0,0,1,5,0
KqaeYHk5Iz4fwQFC8wA_1Q,"Hospitals, Health & Medical",43.723853,-79.489237,Humber River Hospital,25,1.5,2,0,0,0,0,0,1,0,0,0,0,0,0,0,0,0,0,0,0,0,0,0,0,0,0,0,0,0,1,0
LXFfsl2ImgGS9lybKTwHIg,"Massage, Eyelash Service, Beauty & Spas, Reflexology, Acupuncture, Day Spas, Massage Therapy, Health & Medical",43.700943,-79.42702,Natural Healing Health Centre & Spa,9,5.0,2,0,0,0,2,0,1,0,0,0,0,0,0,0,0,0,0,0,3,0,0,2,0,0,0,0,2,3,1,0
MS-hfug4QDXqb_Mws3qlzA,"Restaurants, Mexican, Bars, Nightlife",43.6416745,-79.4316079,Grand Electric,689,3.5,0,0,2,0,2,0,0,2,0,0,0,0,1,1,0,1,4,2,1,2,2,2,1,0,2,0,0,1,111,1
MjsZIPXYhaMvo7jumJBW0A,"Restaurants, Caribbean",43.6486658,-79.4207925,Roywoods Ossington,11,3.5,0,0,0,0,0,0,0,0,0,0,0,0,0,0,0,0,0,0,0,0,0,0,0,0,0,0,0,0,2,0
NT_jvYrU2aCw5iymUbyBrA,"Gastropubs, Restaurants, Nightlife, Pubs, Bars, American (Traditional)",43.68194,-79.3302284,Morgan's On the Danforth,82,4.0,0,0,2,0,2,0,0,2,0,0,1,0,0,2,2,2,2,2,3,2,2,2,2,2,2,0,1,3,7,0
OVrNItYaf-AWNGgeJA1Tsw,"Bistros, French, Cafes, Restaurants",43.662715335,-79.4034854592,Cafe CanCan,100,3.5,0,0,2,0,1,0,0,0,0,0,0,0,0,1,0,1,2,2,1,1,1,3,2,0,1,0,0,1,4,0
QfpOEjm_Ar9KCdjMyJLJUg,"Thrift Stores, Used, Vintage & Consignment, Shopping, Fashion",43.6411498,-79.434764,Common Sort,25,2.5,0,0,0,0,2,0,0,0,0,0,0,0,0,0,0,0,0,0,0,0,0,2,0,0,0,0,0,0,3,0
R1YBPobZ-EtNeY8-goCMaQ,"Korean, Restaurants",43.6526355,-79.3983795,The Owl,75,3.5,0,0,1,0,2,0,0,1,0,0,1,0,0,2,2,2,2,1,3,1,2,1,1,2,2,0,0,3,13,0
R39q-GVgLaEIh2Ce8PQGDQ,"Pizza, Restaurants, Food",43.7856298,-79.2793312,Pizza Nova,4,2.0,0,0,0,0,0,0,0,0,0,0,0,0,0,2,0,2,0,1,3,2,2,2,2,0,2,0,0,3,1,0
RUd_M7DPJq1I3DPq0oF--w,"Indian, Pakistani, Barbeque, Halal, Restaurants",43.6714591,-79.3246451,Lahore Tikka House,494,3.5,0,0,0,0,2,0,0,2,0,0,0,0,0,2,0,1,2,2,3,1,2,2,1,0,2,0,0,3,59,2
SnMPkBXDvMd37Xp6qHKqqA,"Beauty & Spas, Massage, Acupuncture, Counseling & Mental Health, Health & Medical",43.7076991,-79.394878,KMA Therapy,3,4.5,0,0,0,0,0,0,2,0,0,0,0,0,0,0,0,0,0,0,0,0,0,2,0,0,0,0,0,0,0,0
UjbyrtPM3FPG8Yt40O7QPQ,"Couriers & Delivery Services, Local Services, Food, Food Delivery Services",43.6443734,-79.3991697,Favour Delivery,3,2.5,0,0,0,0,1,0,0,0,0,0,0,0,0,0,0,0,0,0,0,0,0,4,0,0,0,0,0,0,0,0
V3hRG0JLX5kVkmKpTykBVQ,"Food, Coffee & Tea",43.6570197,-79.3804447,Black Canary Espresso Bar,89,4.5,0,0,0,0,2,0,0,0,0,0,0,0,0,0,0,0,0,1,3,0,0,1,0,0,2,0,0,3,14,1
ViUfT5SN-CBA8NO_kR4k7A,"Health & Medical, Dentists",43.6716822,-79.3768696,Family Dentistry - Dr. Victoria R. Santiago & Associates,3,4.5,0,0,0,0,0,0,2,0,0,0,0,0,0,0,0,0,0,0,0,0,0,0,0,0,0,0,0,0,0,0
WaRPKKd5AOYj87c4tCExYQ,"Bookstores, Shopping, Beauty & Spas, Books, Mags, Music & Video, Music & DVDs",43.6785179,-79.3477169,Re: Reading Used Books,8,3.0,0,0,0,0,2,0,0,0,0,0,2,0,0,0,0,0,0,0,0,0,0,1,0,0,0,0,1,0,0,0
XCiZ0AfTEDS4nnTV7V2vjA,"Cosmetics & Beauty Supply, Shopping, Beauty & Spas",43.7781188376,-79.3439088017,Lush Fresh Handmade Cosmetics,5,4.5,0,0,0,0,2,0,1,0,0,0,0,0,0,0,0,0,0,0,0,0,0,2,0,0,0,0,0,0,0,0
XlR2j6whEV2gYjiGMYyG4Q,"Interior Design, Flooring, Home Services",43.6419035,-79.379113,KANDY Outdoor Flooring,3,4.5,0,0,0,0,0,0,2,0,0,0,0,0,0,0,0,0,0,0,0,0,0,0,0,0,0,0,0,0,0,0
YQ_z9iDgdNjwJhZ-owHSjA,"Flowers & Gifts, Florists, Specialty Food, Food, Shopping, Fruits & Veggies",43.6742442,-79.3966891,Yang's Fruit & Flower Market,6,3.0,0,0,0,0,0,0,0,0,0,0,0,0,0,0,0,0,0,0,0,0,0,2,0,0,0,0,0,0,3,0
_UGote6xTEKjB3rUsUmpnQ,"Food, Convenience Stores",43.6647824,-79.3847104,Ultra Convenience,3,3.5,0,0,0,0,0,0,0,0,0,0,0,0,0,0,0,0,0,0,0,0,0,1,0,0,0,0,0,0,0,0
ajHLLUe-A9dTd7WyU12XZQ,"Restaurants, Pakistani, Gluten-Free, Vegan, Southern, Indian",43.6631596,-79.4219229,Madras Masala,144,4.0,0,0,1,0,2,0,0,2,0,0,0,0,0,2,1,1,2,2,1,2,2,2,2,2,2,0,1,1,12,0
cpjAqwVzGjDn6EpVl4n2mw,"Bakeries, Food",43.6197184222,-79.5001294112,The Bread Essentials,4,5.0,0,0,0,0,0,0,0,0,0,0,0,0,0,0,0,0,0,0,0,0,0,0,0,0,0,0,0,0,0,0
e-Y2ZCpcwszBYn_Z28eHRw,"Food, Grocery",43.6721783,-79.4206291,Loblaws Supermarkets,31,3.0,0,0,0,0,2,0,0,1,0,0,0,0,0,0,0,0,0,0,0,0,0,3,0,0,2,0,0,0,12,1
eBbAEg9DwtmTITdJylTD7A,"Burgers, Breakfast & Brunch, Fast Food, Restaurants",43.6459842,-79.3899415,A&W,18,4.0,0,0,0,0,0,0,0,0,0,0,0,1,0,2,0,2,0,2,3,1,2,1,1,0,2,0,0,3,2,0
eUkYS1p7gdh4pBgm5ZLtjA,"Shopping, Cosmetics & Beauty Supply, Beauty & Spas, Hair Salons, Day Spas",43.6821986,-79.4240713,Hair Play Salon & Spa,5,4.0,0,0,0,0,2,0,2,0,0,0,0,0,0,2,0,0,0,0,0,0,0,2,0,0,0,0,0,0,0,0
eremwEUrZUbg9FHMleD0_A,"Middle Eastern, Restaurants",43.7010624,-79.4520835,Taste of Shawarma,43,3.0,0,0,0,0,2,0,0,1,0,0,0,0,0,2,0,2,1,1,1,1,1,1,1,0,2,0,0,1,10,0
esr30Kcmr7Z5PtTnWLAm-Q,"Family Practice, Doctors, Health & Medical",43.6728208,-79.4150052,"Bowen Chan, MD",3,3.0,0,0,0,0,0,0,0,0,0,0,0,0,0,0,0,0,0,0,0,0,0,0,0,0,0,0,0,0,0,0
hDz1BxLSVdXyXQi_AaLGGg,"Mediterranean, Restaurants, Middle Eastern",43.6413177,-79.5387161,Good Times Shawarma,8,4.0,0,0,0,0,0,0,0,0,0,0,0,0,0,0,0,2,0,0,0,0,0,0,0,0,0,0,0,0,0,0
isYj0rlYyUv3bUd4ZChxlQ,"Restaurants, Japanese, Sushi Bars",43.6546969,-79.4150229,Sashimi Island,67,3.0,0,0,1,0,2,0,0,2,0,0,0,0,0,2,0,2,2,1,1,2,2,2,2,0,2,0,0,1,6,0
jNw0Lnb_HVfhFVWe5q-qmw,"Italian, Restaurants",43.6590509,-79.4223089,Terrazza,43,4.0,0,0,2,0,2,0,0,2,0,0,0,0,0,2,0,2,2,2,3,1,2,2,2,0,2,0,0,3,10,0
lAmxu3CTXkWeGzANKbN9lQ,"Pubs, Food, Bars, Nightlife, Breweries",43.6706710652,-79.4646855524,People's Pint Brewing,10,4.0,0,0,0,0,2,0,0,1,0,0,0,0,0,2,0,0,0,0,0,0,0,0,0,0,2,0,1,0,0,0
lPu95iYeCzkXnKEGmmiicg,"Pets, Veterinarians",43.765627,-79.3914771,Toronto North  Animal Hospital,4,4.0,0,0,0,0,0,0,0,0,0,0,0,0,0,0,0,0,0,0,0,0,0,0,0,0,0,0,0,0,0,0
lfAWitApnn1CMLlMnxfUKw,"Grocery, Food",43.6546702,-79.4017378,Salamanca Dry Food Store,4,4.0,0,0,0,0,2,0,0,0,0,0,0,0,0,0,0,0,0,0,0,0,0,1,0,0,0,0,0,0,0,0
oAq3-dXyDT3k4Mluc1ftTA,"Restaurants, Japanese, Sushi Bars",43.6707010231,-79.3911426087,Yamato Japanese Restaurant,167,3.5,0,0,2,0,2,0,0,1,0,0,0,0,0,2,0,2,2,2,1,1,2,3,2,2,2,0,0,1,19,0
pcbsTWjKk_fWeDlZeTYORg,"Hair Salons, Beauty & Spas",43.7406976765,-79.4352856278,Hair J,3,2.5,0,0,0,0,0,0,0,0,0,0,0,0,0,0,0,0,0,0,0,0,0,0,0,0,0,0,0,0,0,0
sVnLQbFfsZki-oAhiEu0Pg,"Furniture Reupholstery, Local Services",43.6813834,-79.4261177,Angel Interiors & Custom Upholstery,3,3.5,0,0,0,0,0,0,0,0,0,0,0,0,0,0,0,0,0,0,0,0,0,0,0,0,0,0,0,0,0,0
sex6Cs8XcyriGxtk2PrX7w,"Event Planning & Services, Hotels, Hotels & Travel, Venues & Event Spaces",43.6547284443,-79.3824216351,Marriott Downtown at CF Toronto Eaton Centre,71,4.0,0,0,0,0,0,0,0,0,0,0,1,0,0,0,0,0,0,0,2,0,0,3,0,0,0,0,2,2,8,0
uPJvuF2lE_1GWiuHvlRBEA,"Food, Coffee & Tea",43.6453598,-79.4123818,White Squirrel Coffee Shop,99,4.0,0,0,0,0,2,0,0,1,0,0,0,0,0,0,0,0,0,1,3,0,0,1,0,0,2,0,0,3,26,1
vnIdWzIB2W4j9cDcd6tHAQ,"Restaurants, Mexican",43.665604,-79.4642799,La Rev,53,3.5,0,0,2,0,2,0,0,1,0,0,0,0,0,2,0,2,2,1,1,2,2,2,2,0,2,0,0,1,5,0
x9f9NBMweyyjCQHuc9K4sw,"Restaurants, Breakfast & Brunch, Food, Cheese Shops, Specialty Food, Sandwiches",43.7116543,-79.3999138,Uptown Brie,12,4.0,0,0,0,0,0,0,0,0,0,0,0,0,0,2,0,0,1,2,0,1,1,0,1,0,2,0,0,0,0,0
ysrNDo2g8D-VJNKGHtipxQ,"Skin Care, Weight Loss Centers, Tanning, Hair Removal, Medical Spas, Health & Medical, Beauty & Spas, Laser Hair Removal",43.6708293,-79.3910056,Beauty Bar Medical Clinic,39,3.0,1,0,0,0,2,0,2,0,0,0,0,0,0,0,0,0,0,0,0,0,0,2,0,0,0,0,2,0,3,0
zo_z6lMRcwHqQF_Z1VZLpg,"Breakfast & Brunch, Restaurants",43.6788900613,-79.4395868425,Starving Artist,195,2.5,0,0,0,0,2,0,0,1,0,0,0,0,0,2,0,2,2,2,3,1,2,2,1,2,2,0,0,3,30,1
zsDR8jQrBFonhXPYaQucEQ,"Payroll Services, Financial Advising, Tax Services, Financial Services, Professional Services, Accountants",43.64533,-79.396735,Triple M Accounting,14,4.0,0,0,0,0,0,0,2,0,0,0,0,0,0,0,0,0,0,0,0,0,0,0,0,0,0,0,0,0,0,0
