business_id,categories,latitude,longitude,name,review_count,stars,AcceptsInsurance,AgesAllowed,Alcohol,BYOB,BikeParking,BusinessAcceptsCreditCards,ByAppointmentOnly,Caters,CoatCheck,Corkage,DogsAllowed,DriveThru,GoodForDancing,GoodForKids,HappyHour,HasTV,NoiseLevel,OutdoorSeating,RestaurantsAttire,RestaurantsDelivery,RestaurantsGoodForGroups,RestaurantsPriceRange2,RestaurantsReservations,RestaurantsTableService,RestaurantsTakeOut,Smoking,WheelchairAccessible,WiFi,tips_counter_bz,total_compliments_bz
-JlPpUujIsfALWB4hT-4_Q,"Watches, Local Services, Watch Repair, Shopping",43.6463654,-79.4023122,Swatch Group Canada,5,2.0,0,0,0,0,2,0,1,0,0,0,0,0,0,0,0,0,0,0,0,0,0,2,0,0,0,0,0,0,0,0
0UEQvzlePYUnpe_a40-RtQ,"Event Planning & Services, Hotels & Travel, Hotels",43.6500805,-79.4026233,Alexandra Hotel,11,3.0,0,0,0,0,0,0,0,0,0,0,0,0,0,0,0,0,0,0,3,0,0,1,0,0,0,0,0,3,0,0
2mKFNjIEktW2Nl1yV2cj7g,"Fast Food, Restaurants, Burgers, Food, Coffee & Tea",43.6880988,-79.3931787,McDonald's,20,2.5,0,0,0,0,2,0,0,1,0,0,0,1,0,2,0,1,2,1,1,1,1,1,1,1,2,0,0,1,3,0
478M4YWQnrub1CkPpWnwBw,"Fast Food, Restaurants, Coffee & Tea, Burgers, Food",43.6386112,-79.4276199,McDonald's,41,1.5,0,0,0,0,2,0,0,1,0,0,0,0,0,2,0,2,4,1,3,1,2,1,1,0,2,0,0,3,10,0
4okTKF_tU1HckCy4thMuwg,"Fitness & Instruction, Gyms, Active Life, Trainers",43.6984043,-79.3948245,Striation 6,14,3.5,0,0,0,0,1,0,1,0,0,0,0,0,0,1,0,0,0,0,0,0,0,0,0,0,0,0,0,0,0,0
5px3ZueKqcpiaXImDFQtfA,"Festivals, Local Flavor, Arts & Entertainment",43.7116663,-79.3139869,Toronto Carnival,4,4.0,0,0,0,0,0,0,0,0,0,0,1,0,0,2,0,0,0,0,1,0,0,0,0,0,0,0,0,1,0,0
6HhR4I-Oq-6iUoq0_BTjyg,"Pet Groomers, Pet Services, Pets, Pet Stores",43.6456642,-79.4106669,Timmie Doggie Outfitters,44,4.0,0,0,0,0,0,0,0,0,0,0,0,0,0,0,0,0,0,0,0,0,0,0,0,0,0,0,0,0,3,0
6wwb9CQ_tTfmpqoak0ZAhQ,"Filipino, Restaurants",43.7375792,-79.4347622,Fv Foods,16,2.0,0,0,0,0,0,0,0,0,0,0,0,0,0,2,0,0,0,0,1,2,2,1,1,0,2,0,0,1,3,0
73_UT7fZ7mzXcguX8-oSuQ,"Breweries, Restaurants, Burgers, Nightlife, Food, Bars",43.6379121284,-79.3847308982,Amsterdam BrewHouse,671,3.5,0,0,2,0,2,2,1,1,0,0,1,0,0,1,2,2,2,2,0,0,2,2,1,0,2,0,0,0,62,1
8DNsqXhierDyATocOdCcXg,"Shopping, Flowers & Gifts, Florists",43.6487145,-79.3718296,Greenery Patch,9,5.0,0,0,0,0,0,0,0,0,0,0,0,0,0,0,0,0,0,0,0,0,0,1,0,0,0,0,0,0,0,0
8yaxpX9sz6CjLu5v9GtlyA,"Bars, Cocktail Bars, Restaurants, Nightlife",43.6552725,-79.4163998,Come See Me,10,3.0,0,0,0,0,0,0,1,0,0,0,0,0,0,0,2,0,0,1,3,1,0,0,2,0,2,0,2,3,0,0
9sGpQRbKHdPDMdZWOxKjOw,"Automotive, Auto Parts & Supplies, Car Dealers",43.768114,-79.4686822,Bay Auto Zone,5,1.0,0,0,0,0,0,0,0,0,0,0,0,0,0,0,0,0,0,0,3,0,0,0,0,0,0,0,0,3,0,0
AIasveRX0245WeAH0C46Uw,"Chicken Shop, South African, African, Portuguese, Fast Food, Restaurants, Steakhouses, Halal",43.7616397901,-79.2256938731,Chick Fiesta,32,4.0,0,0,0,0,1,0,0,2,0,0,0,0,0,2,0,2,0,1,3,2,2,1,2,0,2,0,2,3,6,0
D5oYTE-sbkV2wurOWOGzjQ,"Donuts, Food",43.6790994,-79.3434086,Von Doughnuts,142,4.0,0,0,0,0,2,0,0,2,0,0,0,0,0,0,0,0,0,0,0,0,0,2,0,0,2,0,2,0,16,0
EXalxZ0ZJ2b9CjfI4-wGUQ,"Restaurants, Middle Eastern",43.6659195,-79.3804794,Adam's Shawarma,5,2.5,0,0,0,0,0,0,0,0,0,0,0,0,0,0,0,0,0,0,0,0,0,0,0,0,0,0,0,0,2,0
EzWzimIUNmpXm89G-eUMog,"Local Services, Shopping, Arts & Crafts, Sewing & Alterations",43.6484718,-79.3969657,Neveren's Sewing Supply,5,2.5,0,0,0,0,2,0,0,0,0,0,0,0,0,0,0,0,0,0,0,0,0,2,0,0,0,0,0,0,0,0
GTF5tREki_nLpTrx2GwhFA,"Beauty & Spas, Barbers",43.6604507,-79.4321757,Hollow Ground Barber Shop,21,4.0,0,0,0,0,2,0,1,0,0,0,0,0,0,0,0,0,0,0,0,0,0,2,0,0,0,0,0,0,7,0
Go5NmEeWyTJGqFWBPauZ2w,"Caterers, Restaurants, Food, Bagels, Event Planning & Services, Breakfast & Brunch",43.6877259,-79.3947538,Kiva's Bagel Bar,42,3.5,0,0,0,0,1,0,0,2,0,0,0,0,0,2,0,2,2,1,3,2,1,1,1,0,2,0,0,3,2,0
HhABJq6b4jI3yfKcI6G72Q,"Grocery, Food",43.6681323,-79.3718106,Food Basics,16,2.5,0,0,0,0,2,0,0,0,0,0,0,0,0,0,0,0,0,0,0,0,0,1,0,0,1,0,0,0,1,0
K9jPtuqAd3Txc6x0fGixyw,"Pets, Veterinarians",43.6538481,-79.3605828,Trinity Mews Veterinary Clinic,5,4.0,0,0,0,0,0,0,0,0,0,0,0,0,0,0,0,0,0,0,0,0,0,0,0,0,0,0,0,0,0,0
KIvABnORK6GG9BJytBMaOg,"Home Cleaning, Home Services",43.6706033324,-79.4730377197,My Clean House,3,1.0,0,0,0,0,0,0,0,0,0,0,0,0,0,0,0,0,0,0,0,0,0,0,0,0,0,0,0,0,0,0
Kal1hFMTEzdXYpa5MNzUPw,"Nightlife, Tapas/Small Plates, American (Traditional), Bars, Sports Clubs, Cocktail Bars, Active Life, Arts & Entertainment, Social Clubs, Restaurants",43.6447886395,-79.3963426352,SPIN Toronto,132,4.0,0,0,2,0,2,0,1,2,2,0,1,0,0,1,2,2,3,1,3,1,2,2,2,0,2,0,1,3,20,0
KzZBnjQJYjKFMdXcjON_9A,"Department Stores, Shopping, Fashion, Automotive, Tires",43.7956885,-79.4237767,Canadian Tire,12,1.5,0,0,0,0,0,0,0,0,0,0,0,0,0,0,0,0,0,0,0,0,0,2,0,0,0,0,0,0,3,0
LAKMP2EskGnHgX5pcy285A,"Massage, Massage Therapy, Hair Removal, Acne Treatment, Laser Hair Removal, Day Spas, Health & Medical, Beauty & Spas",43.6219193,-79.5236084,Yanox Laser & Massage Therapy Clinic,27,3.0,0,0,0,0,2,0,2,0,0,0,0,0,0,0,0,0,0,0,0,0,0,2,0,0,0,0,0,0,0,0
LEsKvrx0uR46Y42M9y-PWg,"Beer, Wine & Spirits, Food",43.6622478,-79.383464,Wine Rack,6,3.0,0,0,0,0,2,0,0,0,0,0,0,0,0,0,0,0,0,0,0,0,0,2,0,0,0,0,0,0,4,0
M7CxwA3JbSx9OWdqmrYNcQ,"Beauty & Spas, Nail Salons",43.7140976,-79.4546337,Century Nails,3,2.5,0,0,0,0,0,0,0,0,0,0,0,0,0,0,0,0,0,0,0,0,0,0,0,0,0,0,0,0,0,0
MYUQc3vflQBtBT7154Y6YA,"Restaurants, Thai, Canadian (New), Nightlife",43.682597,-79.3920338,Wylie's Restaurant,32,3.0,0,0,2,0,2,0,0,1,0,0,0,0,0,2,0,2,2,1,3,1,2,2,2,0,2,0,0,3,8,0
P-8h5_WYu_R2dcBIINs-Sw,"Pets, Pet Stores, Pet Groomers, Pet Services",43.6772522,-79.3895066,Dogfather & Co,23,4.0,0,0,0,0,0,0,0,0,0,0,0,0,0,0,0,0,0,0,0,0,0,0,0,0,0,0,0,0,1,0
PNh-yP-9UYYw3OZ_QHteQg,"Bike Repair/Maintenance, Professional Services, Shopping, Local Services, Sporting Goods, Bikes",43.6706626,-79.4211752,Dave Fix My Bike,24,3.0,0,0,0,0,2,0,0,0,0,0,0,0,0,0,0,0,0,0,0,0,0,1,0,0,0,0,0,0,1,0
QzBeusvmkXmGmJ3jSuA_Fg,"Hair Removal, Nail Salons, Eyelash Service, Beauty & Spas, Waxing",43.6638215,-79.3865925,Book Beautician,19,3.5,0,0,0,0,2,0,1,0,0,0,0,0,0,0,0,0,0,0,3,0,0,2,0,0,0,0,2,3,4,0
TAAlaXAk9sWOUXZW1-wfYQ,"Steakhouses, Restaurants, Lounges, Japanese, Sushi Bars, Nightlife, Bars",43.6431385252,-79.4020506515,Hibachi Teppanyaki & Bar,87,3.5,0,0,2,0,2,0,0,2,0,0,1,0,0,2,0,2,2,2,3,1,2,3,2,2,2,0,2,3,5,0
V60xPUhZ88IJYnR4mJE92w,"Kebab, Pakistani, Indian, Restaurants, Halal",43.6436172,-79.405205,Sizzler Kabab,6,3.5,0,0,0,0,0,0,0,0,0,0,0,0,0,0,0,2,0,0,0,0,0,0,0,0,0,0,0,0,0,0
VXH7zXcZzXlmAVN8GSjGRQ,"Ethnic Food, Imported Food, Restaurants, Specialty Food, Food, Thai",43.7748776774,-79.4946187281,Thai Express,5,3.5,0,0,0,0,2,0,0,0,0,0,0,0,0,2,0,0,2,1,0,1,2,1,1,1,2,0,0,0,0,0
Xvjy6opnK7UTy9yRuskcRw,"Local Services, Education, Child Care & Day Care, Montessori Schools",43.6812095,-79.3573546,Mini Bluebird Montessori,4,2.5,0,0,0,0,0,0,0,0,0,0,0,0,0,0,0,0,0,0,0,0,0,0,0,0,0,0,0,0,0,0
YGOrl1m87cg7g0xZyQslHg,"Drugstores, Shopping",43.7541178,-79.3579634,Shoppers Drug Mart,6,1.5,0,0,0,0,2,0,0,0,0,0,0,0,0,0,0,0,0,0,0,0,0,2,0,0,0,0,0,0,2,0
YLVAtp5YIkP2lrl_1IXbkw,"Laser Hair Removal, Health & Medical, Day Spas, Medical Spas, Beauty & Spas, Hair Removal, Massage, Acupuncture, Weight Loss Centers",43.739436,-79.423619,Redwood Medi Spa & Wellness Centre,10,4.5,0,0,0,0,2,0,1,0,0,0,0,0,0,0,0,0,0,0,0,0,0,2,0,0,0,0,2,0,1,0
ZgwgbaVRNqBB7tatc4_76A,"Beauty & Spas, Hair Salons",43.7748598,-79.4135222,Hair Salon Helen,3,3.5,0,0,0,0,2,0,1,0,0,0,0,0,0,2,0,0,0,0,0,0,0,2,0,0,0,0,0,0,0,0
_XV7rJ-RZ7LvJXesGkYlDQ,"Restaurants, Korean",43.6643515,-79.4153597,MaMa Chef Korean Restaurant,55,4.0,0,0,1,0,2,0,0,0,0,0,0,0,0,2,0,2,2,1,1,1,2,2,2,2,2,0,2,1,13,0
_dWfhhUrLvm3BawlSNgkXg,"Apartments, Hotels & Travel, Real Estate, Hotels, Event Planning & Services, Home Services",43.7782276,-79.470063,Delsuites,3,3.5,0,0,0,0,0,0,0,0,0,0,0,0,0,0,0,0,0,0,3,0,0,3,0,0,0,0,0,3,0,0
_fSHHJkjkpFUZd6IsoC-RA,"Shopping, Arts & Crafts, Fabric Stores",43.6480443,-79.3986581,World Sew Centre,10,3.0,0,0,0,0,1,0,0,0,0,0,2,0,0,0,0,0,0,0,0,0,0,2,0,0,0,0,1,0,0,0
bSLIrhdxrxuz3p_nz1iLpg,"Restaurants, Event Planning & Services, American (Traditional), Nightlife, Venues & Event Spaces, Bars, Canadian (New), Lounges",43.668736,-79.388207,The One Eighty,118,3.0,0,0,2,0,1,0,0,1,2,0,1,0,1,1,1,1,2,2,3,1,2,3,2,2,1,1,2,3,10,0
cVdcHgCBKM5l9KS9sizQag,"Diners, Breakfast & Brunch, Restaurants",43.6805732,-79.2896189,King's Diner,33,3.5,0,0,2,0,2,0,0,1,0,0,0,0,0,2,0,2,2,1,1,1,2,1,2,0,2,0,0,1,6,0
cWPt7o_wdDyMSZd7N6gwuA,"Nail Salons, Beauty & Spas",43.7362371446,-79.3067402397,Kimmy Nails & Spa,5,3.5,0,0,0,0,0,0,0,0,0,0,0,0,0,0,0,0,0,0,0,0,0,0,0,0,0,0,0,0,0,0
cfGNZTCw1pCR_fma6wgfwg,"Restaurants, Vietnamese",43.6653417586,-79.3809837338,Ginger,129,3.5,0,0,1,0,2,0,0,1,0,0,0,0,0,2,0,2,2,1,1,2,2,1,1,1,2,0,0,1,27,0
deCmyKsfgD31D3NTR0_G0A,"Bubble Tea, Food",43.7764971,-79.4142094,The Alley - North York,53,3.0,0,0,0,0,0,0,0,1,0,0,1,0,0,2,0,0,2,0,0,0,0,2,0,0,2,0,0,0,4,0
eyFj_uCUl580JtlWGPeVyw,"Venues & Event Spaces, Event Planning & Services",43.6309304,-79.4259931,Liberty Grand Entertainment Complex,17,3.5,0,0,0,0,0,0,0,0,0,0,0,0,0,0,0,0,0,0,0,0,0,0,0,0,0,0,0,0,2,0
fI0_bFirBjDUJgQErdG0Wg,"Piano Services, Shopping, Local Services, Musical Instrument Services, Musical Instruments & Teachers",43.6775381,-79.3603585,Concert Pitch Piano Services,4,4.0,0,0,0,0,0,0,0,0,0,0,0,0,0,0,0,0,0,0,0,0,0,2,0,0,0,0,0,0,0,0
hK3NnMQfL3L6hvbqshKJfQ,"Ice Cream & Frozen Yogurt, Food",43.6894952,-79.295059,St Clair Ice Cream Factory Outlet,14,4.5,0,0,0,0,2,0,0,0,0,0,0,0,0,0,0,0,0,0,1,0,0,1,0,0,2,0,0,1,2,0
h_4dPV9M9aYaBliH1Eoeeg,"Canadian (New), Nightlife, Pubs, Restaurants, German, Beer Bar, Bars",43.6441855505,-79.4010148553,Wvrst,782,4.0,0,0,1,0,2,0,0,1,1,0,1,0,1,1,0,1,3,1,3,1,2,2,2,1,2,1,1,3,106,1
lRsI89R982Dh5mxPIx3Dqw,"Professional Services, Home Cleaning, Local Services, Office Cleaning, Video/Film Production, Home Services",43.6408777,-79.4358258,Tender Loving Clean,3,4.5,0,0,0,0,0,0,2,0,0,0,0,0,0,0,0,0,0,0,0,0,0,0,0,0,0,0,0,0,0,0
m_WUqFt7Ckv0W6J90-_b5Q,"Day Spas, Beauty & Spas, Skin Care, Hair Removal, Laser Hair Removal, Eyelash Service",43.6725088,-79.3205133,Apollo Beauty Salon,4,3.5,0,0,0,0,2,0,1,0,0,0,0,0,0,0,0,0,0,0,3,0,0,1,0,0,0,0,2,3,0,0
n9w8JmmmpZHVUaPY98gbZw,"Bakeries, Caterers, Event Planning & Services, Desserts, Food",43.6710564,-79.3879436,Dessert Lady Café,103,4.0,0,0,0,0,2,0,0,2,0,0,0,0,0,0,0,0,0,0,0,2,0,2,0,0,2,0,1,0,16,0
ngUPSlk_T8KUl5XJvA9yhg,"Coffee & Tea, Ice Cream & Frozen Yogurt, Food, Desserts, Patisserie/Cake Shop",43.6268675053,-79.4784155023,Lola's Gelato,40,4.5,0,0,0,0,2,0,0,1,0,0,1,0,0,0,0,0,0,2,3,0,0,2,0,0,2,0,2,3,9,0
p5gsi66W1-B0gOAq-SRcRA,"Vegetarian, Restaurants, Salad, Fast Food",43.7542187,-79.3514066,Freshii,18,3.0,0,0,0,0,2,0,0,1,0,0,0,0,0,2,0,2,2,1,1,1,1,2,1,0,2,0,0,1,2,0
rbj7Td1M8T-tjjaU-RMmEA,"Local Services, Self Storage, Home Services, Movers",43.742413,-79.245467,A-Z Movers,3,1.0,0,0,0,0,0,0,0,0,0,0,0,0,0,0,0,0,0,0,0,0,0,0,0,0,0,0,0,0,0,0
s-bcTXMlY7lSQycod8QXWw,"Automotive, Auto Repair",43.6699822,-79.4399216,Speedy Motors,5,1.0,0,0,0,0,0,0,0,0,0,0,0,0,0,0,0,0,0,0,0,0,0,0,0,0,0,0,0,0,0,0
s6-E2ojR__3CSCsIvVq-xA,"Fashion, Shopping, Men's Clothing",43.6494957,-79.3795298,Just White Shirts,3,1.0,0,0,0,0,2,0,0,0,0,0,0,0,0,0,0,0,0,0,0,0,0,3,0,0,0,0,0,0,0,0
tVqo5i1m2tOIoGCfP8CpZg,"Sandwiches, Bakeries, Vegan, Food, Cafes, Restaurants, Donuts",43.6465918,-79.4059778,Bloomer’s,4,5.0,0,0,0,1,2,0,0,2,0,1,0,0,0,0,0,1,0,2,3,0,0,0,0,1,0,0,2,3,1,0
vHwE7OKl6W3M28a5uzJ0kg,"Portuguese, Restaurants",43.654002,-79.4020154,Amadeu's Restaurant,51,3.0,0,0,2,0,2,0,0,0,0,0,1,0,0,2,1,2,2,2,3,1,2,2,2,2,2,0,1,3,5,0
vOFosAKMnZP4lvu2e40ryw,"Child Care & Day Care, Summer Camps, Local Services, Preschools, Education, Active Life, Gyms, Fitness & Instruction, Community Centers, Public Services & Government",43.8533171,-79.4621264,Schwartz-Resiman Centre,4,3.0,0,0,0,0,0,0,0,0,0,0,0,0,0,2,0,0,0,0,0,0,0,0,0,0,0,0,0,0,1,0
wE9mtxmnOz4593N66X0CbQ,"Salad, Kosher, Middle Eastern, Falafel, Restaurants, Mediterranean",43.752812,-79.4526769,Urban Falafel,15,5.0,0,0,0,0,0,0,0,0,0,0,0,0,0,0,0,0,0,0,0,0,0,0,0,0,0,0,0,0,2,0
wrbF8GuuXY5hNj8AeiOulg,"Wine Tours, Food Tours, Walking Tours, Cheese Shops, Arts & Entertainment, Hotels & Travel, Specialty Food, Food, Tours",43.7063972,-79.309937,Culinary Adventure,15,5.0,0,0,0,0,0,0,0,0,0,0,0,0,0,0,0,0,0,0,0,0,0,0,0,0,0,0,0,0,0,0
xsl-d_opm3AU5H2Z-im33g,"Middle Eastern, Vegetarian, Restaurants, Mediterranean, Sandwiches",43.6546463,-79.4229379,College Falafel,86,4.0,0,0,0,0,2,0,0,2,0,0,0,0,0,2,0,2,2,2,1,1,2,1,1,0,2,0,0,1,16,0
yAWBTTWXdnqtYFw2HtRIag,"Food, Bakeries",43.7134138,-79.307237,Peek Freans Outlet Store,24,4.0,0,0,0,0,2,0,0,1,0,0,1,0,0,0,0,0,0,0,0,1,0,1,0,0,2,0,0,0,12,0
yrJXp17aZHKXlmenbO7YRw,"Education, Local Services, Elementary Schools, Child Care & Day Care, Preschools",43.7027902513,-79.3871270849,Little Tots' Manor,6,2.5,0,0,0,0,0,0,0,0,0,0,0,0,0,0,0,0,0,0,0,0,0,0,0,0,0,0,0,0,0,0
zd_VpqRSSn7Vtw4UzCSo5w,"Grocery, Food",43.6512013,-79.4748708,Nicholson's No Frills,21,2.5,0,0,0,0,2,0,0,1,0,0,0,0,0,0,0,0,0,0,0,0,0,1,0,0,1,0,0,0,6,0
