business_id,categories,latitude,longitude,name,review_count,stars,AcceptsInsurance,AgesAllowed,Alcohol,BYOB,BikeParking,BusinessAcceptsCreditCards,ByAppointmentOnly,Caters,CoatCheck,Corkage,DogsAllowed,DriveThru,GoodForDancing,GoodForKids,HappyHour,HasTV,NoiseLevel,OutdoorSeating,RestaurantsAttire,RestaurantsDelivery,RestaurantsGoodForGroups,RestaurantsPriceRange2,RestaurantsReservations,RestaurantsTableService,RestaurantsTakeOut,Smoking,WheelchairAccessible,WiFi,tips_counter_bz,total_compliments_bz
-av1lZI1JDY_RZN2eTMnWg,"Thai, Restaurants",43.6576479,-79.3817284,Salad King Restaurant,948,3.5,0,0,1,0,2,0,0,2,0,0,1,0,0,2,1,1,3,1,1,1,2,2,2,0,2,0,0,1,116,1
0sUd4i07uoQrE9DVMCLOuw,"Seafood, Asian Fusion, Vietnamese, Restaurants, Thai",43.6222808,-79.5218526,Green Mango Express,12,4.0,0,0,0,0,2,0,0,0,0,0,0,0,0,2,0,2,1,0,0,2,0,2,1,1,2,0,0,0,0,0
1XXRwRl9OncAoOjcTT97Lg,"Car Rental, Hotels & Travel",43.6540644,-79.3806966,Thrifty Car Rental,13,1.5,0,0,0,0,0,0,0,0,0,0,0,0,0,0,0,0,0,0,0,0,0,0,0,0,0,0,0,0,1,0
293yjVaNSykoSBbzkWFIJw,"Beer, Wine & Spirits, Food",43.7363347,-79.3459249,LCBO,5,4.5,0,0,0,0,0,0,0,0,0,0,0,0,0,0,0,0,0,0,0,0,0,2,0,0,0,0,0,0,1,0
4QTwtaua8tjc-PuneLXJzw,"Halal, Restaurants, Afghan, Middle Eastern",43.6715675,-79.3256056,Kabul Kabab House,5,4.5,0,0,0,0,0,0,0,0,0,0,0,0,0,2,0,2,0,0,0,0,2,0,0,0,0,0,0,0,0,0
57CQrcshejFYdEncv--zLg,"Chinese, Food, Bubble Tea, Restaurants, Asian Fusion",43.774003,-79.2575808,Chill Station,4,3.0,0,0,0,0,0,0,0,0,0,0,0,0,0,0,0,2,0,0,0,0,0,0,0,0,0,0,0,0,0,0
7-jI4XHEbroSNX_caGR0Qw,"Barbers, Beauty & Spas",43.6569876326,-79.4059632926,King's Landing,19,3.5,0,0,0,0,2,0,1,0,0,0,0,0,0,0,0,0,0,0,0,0,0,2,0,0,0,0,0,0,3,0
7OXmLjhdkWkbWW_SDLmc_w,"Beauty & Spas, Nail Salons",43.6491490316,-79.3966591358,Rainbow Nail & Spa,27,2.5,0,0,0,0,2,0,1,0,0,0,0,0,0,0,0,0,0,0,0,0,0,2,0,0,0,0,0,0,1,0
7fRD_mAn0csnDNgV5arPpw,"Nail Salons, Health & Medical, Beauty & Spas, Waxing, Hair Removal",43.6581129,-79.35232,Barefoot Beauty,9,4.0,0,0,0,0,0,0,0,0,0,0,0,0,0,0,0,0,0,0,0,0,0,2,0,0,0,0,0,0,1,0
7onwq9S50pgLR0HtNdC1OQ,"Pets, Pet Services, Pet Sitting, Veterinarians",43.639273,-79.443322,Parkdale Animal Hospital,7,4.5,0,0,0,0,0,0,0,0,0,0,0,0,0,0,0,0,0,0,0,0,0,0,0,0,0,0,0,0,0,0
9Iezp2vTtaIMKAP5nPfPoQ,"Team Building Activities, Escape Games, Venues & Event Spaces, Active Life, Event Planning & Services",43.6714884963,-79.4213760272,Proxima Command,6,4.5,0,0,0,0,2,0,2,0,0,0,1,0,0,1,0,0,0,0,1,0,0,0,0,0,0,0,1,1,0,0
Ae-eZJr2njTu9XOPOF8z2Q,"Restaurants, Chinese, Noodles",43.8187262736,-79.2886278405,Hei Xiao Mian,5,2.5,0,0,0,0,0,0,0,0,0,0,0,0,0,1,0,0,0,0,0,0,1,2,0,0,2,0,0,0,1,0
B8B_LXAVZdEyctdZ8-42lg,"Active Life, Bike Rentals, Recreation Centers, Shopping, Sporting Goods, Bikes",43.6501637,-79.3604993,Segway Ontario,3,5.0,0,0,0,0,2,0,0,0,0,0,1,0,0,0,0,0,0,0,0,0,0,0,0,0,0,0,1,0,1,0
BLbMXSJD_AJol6IqlAOibA,"Beauty & Spas, Hair Salons",43.6522912,-79.4015275,Superstar Salon,3,5.0,0,0,0,0,2,0,1,0,0,0,0,0,0,2,0,0,0,0,0,0,0,1,0,0,0,0,0,0,0,0
Da1wKWu_ma26i71GKtWDrw,"Desserts, Food",43.6486362,-79.3817439,Decadent Desserts,12,3.0,0,0,0,0,1,0,0,0,0,0,0,0,0,0,0,0,0,0,0,0,0,1,0,0,2,0,0,0,5,1
EowTs5dAosSXxHEm3RLPKA,"Restaurants, Indian, Food Court",43.654447,-79.435716,Mirch Indian Cuisine,7,4.5,0,0,0,0,2,0,0,2,0,0,0,0,0,0,0,2,0,1,0,0,0,0,1,0,2,0,0,0,0,0
HFW21nfpAWTX5bSavk5rQQ,"Radio Stations, Mass Media",43.6494233,-79.3904462,Virgin Radio 99.9 FM,4,2.0,0,0,0,0,0,0,0,0,0,0,0,0,0,0,0,0,0,0,0,0,0,0,0,0,0,0,0,0,0,0
HWCfyPnCfbxGAXHUNwa0SA,"Medical Centers, Health & Medical",43.7668441,-79.4120543,Yonge Elmwood Medical Clinic,14,4.5,0,0,0,0,0,0,1,0,0,0,0,0,0,0,0,0,0,0,3,0,0,0,0,0,0,0,0,3,1,0
HwHXLMm9UF0XunRETPBklQ,"Beauty & Spas, Hair Salons",43.6644835,-79.3802139,Black Sheep Hair,18,4.5,0,0,0,0,2,0,1,0,0,0,0,0,0,2,0,0,0,0,3,0,0,2,0,0,0,0,1,3,1,0
IKDXAKh3bpPTUkPrhm1kiw,"Taxis, Transportation, Hotels & Travel",43.6379805,-79.3879104,Tiki Taxi,8,4.5,0,0,0,0,0,0,0,0,0,0,0,0,0,0,0,0,0,0,0,0,0,0,0,0,0,0,0,0,0,0
J1KKxEsRWiTqp9-nMCV8Vg,"Restaurants, Halal, Indian",43.7915877271,-79.2509166151,Hyderabad Palace,9,4.0,0,0,0,0,0,0,0,0,0,0,0,0,0,0,0,0,0,0,0,0,0,0,0,0,0,0,0,0,2,0
J1Lf_nI9R4JvoNu26iTTqw,"Active Life, Trainers, Gyms, Fitness & Instruction",43.6730368,-79.468458,Anytime Fitness,6,2.0,0,0,0,0,2,0,1,0,0,0,0,0,0,1,0,0,0,0,0,0,0,0,0,0,0,0,0,0,1,0
KHn7gcZrihI-7gHYgOxEQg,"Wholesale Stores, Women's Clothing, Screen Printing, Shopping, Fashion, Local Services, Men's Clothing",43.7929708,-79.25115,I Press It,3,2.0,0,0,0,0,0,0,0,0,0,0,0,0,0,0,0,0,0,0,0,0,0,4,0,0,0,0,0,0,0,0
LNBL6LI9zKqUbUexwM0L3w,"Shopping, Sporting Goods, Bikes",43.6605363547,-79.4150913945,The Bike Joint,27,4.0,0,0,0,0,2,0,0,0,0,0,0,0,0,0,0,0,0,0,0,0,0,1,0,0,0,0,1,0,1,0
LwpxGHPZiip4utRMvGoZBg,"Transportation, Hotels & Travel, Public Transportation",43.6523506956,-79.3796581386,501 Queen Streetcar,27,2.5,0,0,0,0,0,0,0,0,0,0,0,0,0,0,0,0,0,0,0,0,0,0,0,0,0,0,0,0,14,0
P8NV_z-dWmUbs3LZ7Jr5aA,"Cafes, Restaurants, Sandwiches, Coffee & Tea, Breakfast & Brunch, Food",43.6702331,-79.3843476,Presse Cafe,28,3.5,0,0,0,0,2,0,0,0,0,0,0,0,0,2,0,2,0,2,3,1,2,1,1,0,2,0,0,3,1,0
PdlE3MuaJBh79_BK-7gXQg,"Snow Removal, Local Services, Home Services, Contractors",43.6642183,-79.4561492,Monster Plowing Company,3,2.5,0,0,0,0,0,0,2,0,0,0,0,0,0,0,0,0,0,0,0,0,0,0,0,0,0,0,0,0,0,0
QG2B86uYtzJpvLOwjgdSxQ,"Food, Ice Cream & Frozen Yogurt",43.6582265,-79.4415495,Emmy's Ice Cream,5,4.0,0,0,0,0,0,0,0,0,0,0,0,0,0,0,0,0,0,0,0,0,0,0,0,0,1,0,0,0,0,0
RIkiTtRMZASo7DmKd1vd5g,"Sandwiches, Bakeries, Restaurants, Coffee & Tea, Food",43.6481106,-79.3897971,Rialto Espresso Bar,78,4.5,0,0,0,0,2,0,0,2,0,0,0,0,0,0,0,0,0,2,3,1,0,2,0,0,2,0,1,3,9,0
RwxU6hhZUZIB-gdm5sOmvA,"Hair Extensions, Shopping, Hair Salons, Beauty & Spas, Eyelash Service, Cosmetics & Beauty Supply, Makeup Artists",43.6719001,-79.392136,Shagg Salon,6,4.0,0,0,0,0,2,0,2,0,0,0,0,0,0,2,0,0,0,0,0,0,0,3,0,0,0,0,0,0,0,0
TvRl9EsK7CeoFPzh03iHxg,"Veterinarians, Pets, Pet Services",43.674279,-79.4006163,Davenport Road Animal Hospital,9,4.5,0,0,0,0,0,0,0,0,0,0,0,0,0,0,0,0,0,0,0,0,0,0,0,0,0,0,0,0,0,0
UgZ6PYpwSiCyBYN_AN2UQA,"Mexican, Restaurants",43.6463853,-79.3899556,Pancho Y Emiliano,10,3.0,0,0,0,0,0,0,0,0,0,0,0,0,0,0,0,2,0,2,0,0,0,0,0,0,0,0,0,0,0,0
V0eTUwFEIK7aAV_U_OnLEg,"Restaurants, Coffee & Tea, Food, Sandwiches, Breakfast & Brunch",43.6816887,-79.4250487,CocoaLatte,65,4.0,0,0,0,0,2,0,0,1,0,0,0,0,0,2,0,1,2,2,3,1,2,2,1,0,2,0,0,3,13,0
V5NVPLR87qb91fwnOXl1pQ,"Post Offices, Public Services & Government, Local Services, Couriers & Delivery Services",43.62861,-79.530569,Purolator Courier,141,1.0,0,0,0,0,0,0,0,0,0,0,0,0,0,0,0,0,0,0,0,0,0,0,0,0,0,0,0,0,3,0
VF6al3kAVLMtXNnscPJahA,"Food, Breweries, Restaurants, Canadian (New)",43.7067295,-79.4694217,Bellwoods Brewery,13,4.5,0,0,0,0,1,0,0,1,0,0,0,0,0,1,0,1,1,1,0,1,1,2,0,2,2,0,0,0,0,0
VJ_5hJ6k4LwQftVR-boDUA,"Nightlife, Polish, Bars, Breakfast & Brunch, Restaurants, Comfort Food",43.6453197,-79.3804062,Loaded Pierogi,13,2.5,0,0,0,0,0,0,0,2,0,0,0,0,0,0,0,2,0,0,0,0,0,0,0,0,0,0,0,0,1,0
WCb4sIm_4uh7gCHJBD-xsA,"Food Delivery Services, Caterers, Event Planning & Services, Grocery, Food",43.6896979,-79.290437,Metro,13,2.5,0,0,0,0,2,0,0,0,0,0,0,0,0,0,0,0,0,0,0,0,0,2,0,0,2,0,0,0,7,0
WoYniGlJG58E9Yokb18GLw,"Event Planning & Services, Photo Booth Rentals",43.8244926,-79.2937463,PixelBooth,5,5.0,0,0,0,0,0,0,0,0,0,0,0,0,0,0,0,0,0,0,0,0,0,0,0,0,0,0,0,0,0,0
Wy-Zq4pDxuskRXMfK52HsQ,"Restaurants, Lebanese, Middle Eastern",43.6780470325,-79.3487086147,Beiteddine Lebanese Restaurant,15,4.0,0,0,0,0,0,0,0,0,0,0,0,0,0,0,0,0,0,2,0,0,0,0,0,0,0,0,0,0,0,0
Z4WSbG1WKTVOnbn7bDudfg,"Home & Garden, Furniture Stores, Home Services, Movers, Shopping",43.7800923,-79.4703006,Track Office Furniture,3,3.5,0,0,0,0,0,0,0,0,0,0,0,0,0,0,0,0,0,0,0,0,0,0,0,0,0,0,0,0,0,0
ZEndDHmXlJe-D3P6MRl4Dg,"Seafood Markets, Specialty Food, Food, Farmers Market, Event Planning & Services, Caterers",43.663455,-79.451328,Island Oysters,3,5.0,0,0,0,0,0,0,1,0,0,0,0,0,0,0,0,0,0,0,3,0,0,0,0,0,0,0,0,3,0,0
ZKx5TXu6zNcyhNYKWd6sbA,"Active Life, Parks",43.6872499,-79.3884155,David A Balfour Park,3,3.5,0,0,0,0,0,0,0,0,0,0,0,0,0,2,0,0,0,0,0,0,0,0,0,0,0,0,0,0,1,0
a1WWhLOWUC3wZLhkXdAIJQ,"Sandwiches, Restaurants, Cafes, Coffee & Tea, Food, Bakeries, Desserts",43.6453442786,-79.3922537378,French Made,24,4.0,0,0,0,0,2,0,0,0,0,0,0,0,0,2,0,2,0,2,3,0,2,2,1,0,2,0,0,3,2,0
a_af47_3Vn4arRHTEON9Gw,"Pest Control, Local Services",43.7572501,-79.2770912,Advantage Pest Control,9,4.0,0,0,0,0,0,0,0,0,0,0,0,0,0,0,0,0,0,0,0,0,0,0,0,0,0,0,0,0,0,0
apKcLTc97uBsv3x4pA7BZw,"Bars, Cafes, Tapas Bars, Restaurants, Nightlife, Wine Bars",43.6655233978,-79.4639609082,Decó,8,4.5,0,0,0,0,0,0,1,0,0,0,0,0,0,0,0,2,0,0,0,0,0,0,0,0,0,0,0,0,0,0
bhoJYB0ArSqRe-Q82BI4vA,"Restaurants, Japanese, Ramen",43.6726826,-79.288133,Kyouka Ramen,113,4.0,0,0,2,0,2,0,0,1,0,0,1,0,0,2,0,1,2,1,3,1,1,2,1,2,2,0,2,3,12,0
dQjJqYMx2chpFAaQpwZ2Ig,"Auto Repair, Oil Change Stations, Tires, Automotive",43.6824132,-79.42358,Midas,7,2.5,0,0,0,0,0,2,0,0,0,0,0,0,0,0,0,0,0,0,0,0,0,0,0,0,0,0,0,0,1,0
dYJ7uBteyJiNHCLyK1ZOoQ,"Japanese, Food, Restaurants",43.6469635,-79.4046878,Kenzo Ramen,34,3.5,0,0,1,0,2,0,0,1,0,0,0,0,0,2,0,2,1,1,1,1,2,2,1,2,2,0,0,1,1,0
ehIhZa4eeU5wEACLhYStAQ,"Photography Stores & Services, Photographers, Shopping, Session Photography, Event Planning & Services, Professional Services, Video/Film Production",43.7779901,-79.3440914,Magenta Photo Studio,15,1.5,0,0,0,0,0,0,0,0,0,0,0,0,0,0,0,0,0,0,0,0,0,4,0,0,0,0,0,0,2,0
fCiTjtJYuDyk1xYtauYxEw,"Taiwanese, Japanese, Restaurants, Food, Desserts, Bubble Tea",43.6532063647,-79.3962752447,Sweet O'Clock,13,3.0,0,0,0,0,0,0,0,0,0,0,0,0,0,0,0,2,0,0,0,0,0,0,0,0,0,0,0,0,0,0
g71DJrR0nX3tL2WBoeSYSA,"Coffee & Tea, Food",43.6725974,-79.3878854,Urbana Coffee,14,1.5,0,0,0,0,0,0,0,0,0,0,0,0,0,0,0,0,0,1,3,0,0,2,0,0,0,0,0,3,0,0
gi9vQTFX7mym6U2ZYtFL5Q,"Financial Services, Banks & Credit Unions",43.6439933,-79.4038314,Scotiabank,3,3.5,0,0,0,0,0,0,0,0,0,0,0,0,0,0,0,0,0,0,0,0,0,0,0,0,0,0,0,0,1,0
grs8WdO5sTfIwVqOqR7qNw,"Tea Rooms, Juice Bars & Smoothies, Food, Coffee & Tea",43.7956202299,-79.4221521596,Real Fruit Bubble Tea,8,3.0,0,0,0,0,1,0,0,1,0,0,0,0,0,0,0,0,0,1,1,0,0,1,0,0,2,0,0,1,1,0
iXquwHhWVB0nPlQ3-PJgiQ,"Doctors, Home Services, Colonics, Health & Medical, Naturopathic/Holistic",43.6611957,-79.4288438,Toronto Colonics,8,4.0,1,0,0,0,0,0,2,0,0,0,0,0,0,0,0,0,0,0,0,0,0,0,0,0,0,0,0,0,2,0
ixlpoJmPyxahSpcoSd9FMw,"Desserts, Ice Cream & Frozen Yogurt, Food, Bubble Tea",43.6460431,-79.4105019,Sukoi Desserts,59,4.0,0,0,0,0,0,0,1,1,0,0,0,1,0,0,0,0,0,0,1,0,0,0,0,0,2,0,2,1,4,0
jXguEs24q-AcYIeIlznWbg,"Caterers, Restaurants, Portuguese, Event Planning & Services",43.7290871097,-79.574032814,Joe's Grill,3,5.0,0,0,0,0,0,0,0,0,0,0,0,0,0,2,0,0,0,0,0,0,1,2,1,0,0,0,0,0,0,0
jlSF7rcUVBYU7l6Mp-yVCg,"Interior Design, Contractors, Shopping, Home & Garden, Home Services, Kitchen & Bath",43.698717,-79.4631539,Scavolini Toronto,3,2.5,0,0,0,0,2,0,0,0,0,0,0,0,0,0,0,0,0,0,0,0,0,0,0,0,0,0,2,0,0,0
mNYWvfmI1GkwxftdXan3uQ,"Canadian (New), Modern European, Italian, Restaurants, Nightlife, Bars",43.6476965732,-79.4009553641,Bar Altura,16,4.5,0,0,0,0,0,0,0,0,0,0,0,0,0,0,0,0,0,0,0,1,2,0,0,0,0,0,0,0,0,0
ntkN64kn0MBLdxxjq1jLFQ,"Food, Bakeries",43.7739017,-79.2436789,B & A bakery,5,2.5,0,0,0,0,0,0,0,0,0,0,0,0,0,0,0,0,0,0,0,1,0,1,0,0,0,0,0,0,0,0
o5lXrR2YpdggtIFXKJEqxg,"Health & Medical, Medical Centers, Walk-in Clinics",43.6303622,-79.47646,Appletree Medical Group,5,2.5,0,0,0,0,0,0,0,0,0,0,0,0,0,0,0,0,0,0,0,0,0,0,0,0,0,0,0,0,0,0
psT6E_eFAOuyaeEZ73HSuQ,"Banks & Credit Unions, Financial Services",43.6420951,-79.3808507,TD Canada Trust,6,4.0,0,0,0,0,0,0,0,0,0,0,0,0,0,0,0,0,0,0,0,0,0,0,0,0,0,0,0,0,0,0
ro5yPt0LgSpEeVQ-qHWCtg,"Greek, Restaurants",43.7307442883,-79.4041932479,Souvlaki Guys,8,4.0,0,0,0,0,0,0,0,0,0,0,0,0,0,1,0,0,0,2,0,2,1,2,1,0,2,0,0,0,2,0
roI_tVLjPh_HUDppr69PaA,"Restaurants, Coffee & Tea, Cafes, Food",43.7155358,-79.4005494,Starbucks,10,4.0,0,0,0,0,2,0,0,0,0,0,0,0,0,0,0,0,0,2,3,0,0,1,0,0,2,0,0,3,5,0
ssvII42QV_HQklKj-UYcuA,"Carpet Cleaning, Home Cleaning, Home Services, Local Services, Office Cleaning, Professional Services",43.6748055,-79.4815499,Simple Eco Cleaning Services,3,2.5,0,0,0,0,0,0,2,0,0,0,0,0,0,0,0,0,0,0,0,0,0,0,0,0,0,0,0,0,0,0
uGY7N1iKtqAywsTm6EE0fA,"Organic Stores, Food, Farms, Arts & Entertainment, Grocery, Specialty Food, Health Markets",43.6466082374,-79.4194673002,Fresh City,3,5.0,0,0,0,0,0,0,0,0,0,0,0,0,0,0,0,0,0,0,0,2,0,0,0,0,2,0,2,0,0,0
v6OqncBcAWB0zpI8FjAmYg,"Threading Services, Massage, Beauty & Spas, Waxing, Hair Removal, Skin Care",43.660295,-79.432867,Aakriti Threading & Wax Bar,23,4.5,1,0,0,0,2,0,1,0,0,0,0,0,0,0,0,0,0,0,3,0,0,1,0,0,0,0,1,3,4,0
xPP39VfL_uYgKtWkzp_3Sw,"Argentine, Breakfast & Brunch, Restaurants, Tapas/Small Plates",43.650098,-79.4502209,Bacan,9,4.5,0,0,2,1,2,0,0,2,0,0,0,0,0,0,0,2,0,2,0,0,0,0,0,2,2,0,2,0,0,0
xx_Ryf5JjtXMai7o-jj1UA,"Restaurants, Breakfast & Brunch, Filipino",43.6570309,-79.4067668,BBs Diner,10,4.0,0,0,0,0,0,0,0,0,0,0,0,0,0,0,0,2,0,0,0,0,0,0,0,0,0,0,0,0,2,0
z3XWTslHSoIANLEPk2vKMQ,"Shopping, Eyewear & Opticians",43.6460452015,-79.410239284,Spectacle,29,4.5,0,0,0,0,2,0,0,0,0,0,0,0,0,0,0,0,0,0,0,0,0,3,0,0,0,0,0,0,2,0
zSG51u88nStow5qhMStLSg,"Cosmetics & Beauty Supply, Hair Stylists, Beauty & Spas, Shopping, Hair Salons",43.707113,-79.397677,Beauty Supply Outlet,8,2.5,0,0,0,0,0,0,0,0,0,0,0,0,0,0,0,0,0,0,0,0,0,2,0,0,0,0,0,0,1,0
