business_id,categories,latitude,longitude,name,review_count,stars,AcceptsInsurance,AgesAllowed,Alcohol,BYOB,BikeParking,BusinessAcceptsCreditCards,ByAppointmentOnly,Caters,CoatCheck,Corkage,DogsAllowed,DriveThru,GoodForDancing,GoodForKids,HappyHour,HasTV,NoiseLevel,OutdoorSeating,RestaurantsAttire,RestaurantsDelivery,RestaurantsGoodForGroups,RestaurantsPriceRange2,RestaurantsReservations,RestaurantsTableService,RestaurantsTakeOut,Smoking,WheelchairAccessible,WiFi,tips_counter_bz,total_compliments_bz
-AVRReI-nfsa0lKlehEojw,"Japanese, Restaurants, Sushi Bars",43.6649266,-79.3526797,Sushi Bar,48,3.0,0,0,2,0,2,0,0,2,0,0,0,0,0,2,0,2,2,1,1,2,2,2,2,0,2,0,0,1,9,0
-QmbV6oYxbBVpPVnstg8Dw,"Blow Dry/Out Services, Beauty & Spas, Waxing, Hair Removal, Makeup Artists, Hair Salons",43.6444935,-79.4011928,Blo Blow Dry Bar,47,2.5,0,0,0,0,1,0,2,0,0,0,0,0,0,1,0,0,0,0,0,0,0,2,0,0,0,0,0,0,1,0
-mi2y2KVLQsc2wIkzMCULQ,"Sporting Goods, Shopping, Sports Wear, Fashion",43.6494082,-79.3927878,Titika,7,2.5,0,0,0,0,0,0,0,0,0,0,0,0,0,0,0,0,0,0,0,0,0,2,0,0,0,0,0,0,1,0
0PlOgLqjGxnTC484RjHpIg,"Cafes, Coffee & Tea, Food, Italian, Restaurants, Desserts",43.661920069,-79.4072854911,Think It Pensa Italiano,3,4.5,0,0,1,0,2,0,0,2,0,0,1,0,0,0,1,2,0,2,3,2,0,0,1,1,2,0,1,3,1,0
14I5aGqNXvHLKSKS8PAV_w,"Desserts, Bakeries, Restaurants, Gluten-Free, Ice Cream & Frozen Yogurt, Food, Bagels",43.6764344,-79.3566296,Dough Bakeshop,36,4.0,0,0,0,0,2,0,0,2,0,0,0,0,0,2,0,1,0,1,1,1,1,2,1,1,2,0,2,1,11,0
1pE3hc4Y13X2wCjhhi1e-g,"Fast Food, Specialty Food, Gluten-Free, Health Markets, Salad, Vegetarian, Restaurants, Juice Bars & Smoothies, Food, Coffee & Tea",43.6473683,-79.377372,iQ,72,4.0,0,0,0,0,2,0,0,2,0,0,1,0,0,2,0,1,2,2,3,1,2,2,1,1,2,0,2,3,14,0
2vuAlukfUZf3vbHsexEeDw,"Fast Food, Burgers, Restaurants, Food, Coffee & Tea",43.672212,-79.467928,McDonald's,20,1.0,0,0,0,0,1,0,0,1,0,0,0,0,0,2,0,2,3,2,3,1,1,2,1,0,2,0,0,3,8,0
3FVpx9ksZLgOrYy1I05Ypg,"Food Court, Restaurants",43.6662561449,-79.4065094072,The Annex Food Hall,36,3.5,0,0,2,0,2,0,0,0,0,0,1,0,0,0,0,1,0,1,3,2,0,2,1,1,2,0,2,3,3,0
5Rau1XtDY3X9Fk6V6lBKAw,"Canadian (New), Restaurants, Cocktail Bars, Lounges, Cafes, Nightlife, Bars",43.6497122618,-79.4298768596,Loveless,24,4.0,0,0,2,0,2,0,0,1,0,0,0,0,0,1,0,2,1,2,3,1,2,2,1,1,2,0,0,3,2,0
8Xb5aBFQn8EJvIP0TjEN1Q,"Local Services, Dry Cleaning & Laundry, Laundry Services",43.6672314,-79.3812547,Dove Depot Cleaners,5,3.0,0,0,0,0,0,0,0,0,0,0,0,0,0,0,0,0,0,0,1,0,0,2,0,0,0,0,0,1,2,0
8e5xJ8LtANtww6fcMM_iMg,"Hair Removal, Makeup Artists, Eyelash Service, Beauty & Spas",43.649705,-79.3928756,MYNC Lash Lounge and Brow Bar,16,3.0,0,0,0,0,1,0,2,0,0,0,0,0,0,0,0,0,0,0,0,0,0,2,0,0,0,0,0,0,0,0
AUv2UoAAi7VASJ6VK5lOlw,"Food, Farmers Market, Local Flavor, Fashion, Shopping, Used, Vintage & Consignment",43.6545216338,-79.4018411636,Kensington Market,264,4.0,0,0,0,0,2,0,0,1,0,0,2,0,0,2,0,0,2,0,0,0,0,2,0,0,2,0,0,0,32,0
BTdZW9U4LwDkqJMMV8vPCA,"Massage Therapy, Active Life, Reiki, Qi Gong, Fitness & Instruction, Meditation Centers, Acupuncture, Traditional Chinese Medicine, Health & Medical",43.6654635,-79.351462,Wuji Xuan Life Wellness,3,5.0,1,0,0,0,2,0,1,0,0,0,1,0,0,0,0,0,0,0,3,0,0,0,0,0,0,0,2,3,0,0
DZXLxLEraVPZelNOsPOmEg,"Naturopathic/Holistic, Doctors, Nutritionists, Health & Medical, Drugstores, Shopping",43.6617374,-79.4462155,Thompson's Homeopathic Supplies,4,4.5,0,0,0,0,0,0,0,0,0,0,0,0,0,0,0,0,0,0,0,0,0,0,0,0,0,0,0,0,0,0
ELfenm4ou8wmAOnD9GX_PQ,"Doctors, Tattoo, Beauty & Spas, Health & Medical, Tattoo Removal",43.7080318,-79.393452,Fading Fast Laser Tattoo Removal,5,5.0,0,0,0,0,0,0,2,0,0,0,0,0,0,0,0,0,0,0,0,0,0,0,0,0,0,0,0,0,0,0
IV9xmEWafjYmAGnM_HUZGQ,"Grocery, Food, Fruits & Veggies, Specialty Food",43.6622678,-79.4248758,Bloorcourt Village Market,14,4.5,0,0,0,0,2,0,0,1,0,0,0,0,0,0,0,0,0,0,0,0,0,2,0,0,2,0,0,0,2,0
Idk-QTyUZq9w0ALh5cyvrw,"Restaurants, Pizza, Chicken Wings, Italian",43.6503226,-79.3900762,Pizza Pizza,17,2.0,0,0,0,0,0,0,0,0,0,0,0,0,0,2,0,2,3,0,0,0,2,1,1,0,2,0,0,0,3,0
KEyjG-6G4Dbo3p1Wmnxs4Q,"Restaurants, Pizza, Italian, Seafood",43.6819924,-79.4255315,Vannis Restaurant,42,3.0,0,0,2,0,2,0,0,2,0,0,0,0,0,2,2,2,2,2,3,2,2,2,2,0,2,0,0,3,1,0
Kr0pstJG-q6QxCX5SQkT1w,"Fitness & Instruction, Active Life, Barre Classes, Cardio Classes, Yoga",43.6560627,-79.3571312,YOGAthletix,8,4.0,0,0,0,0,2,0,2,0,0,0,1,0,0,0,0,0,0,0,0,0,0,0,0,0,0,0,1,0,2,0
L3R7y3_tUKQlM9kor4-Ccw,"Italian, Restaurants, Food, Desserts, Pizza",43.7266461513,-79.4530578107,Jamie's Italian,432,3.0,0,0,2,0,1,0,0,1,0,0,1,0,0,2,0,2,2,2,1,1,2,2,2,2,1,0,2,1,29,0
LP0S09McwFFLrugjMSiryw,"Food, Coffee & Tea",43.6497841,-79.4831437,Timothy's World Coffee,6,3.5,0,0,0,0,2,0,0,0,0,0,0,0,0,0,0,0,0,2,3,0,0,1,0,0,2,0,0,3,1,0
LRRhbtaohbXGMdaJ1yZjbQ,"Restaurants, Sushi Bars",43.6463565,-79.3900436,Kinoya Sushi Bar,38,4.0,0,0,0,0,0,0,0,0,0,0,0,0,0,0,0,2,0,0,0,0,0,0,0,0,2,0,0,0,3,0
M0mdaUPnSc8DWb3zFXOfgg,"Coffee & Tea, Bakeries, Food",43.661309,-79.3941452,Tim Hortons,4,2.0,0,0,0,0,2,0,0,0,0,0,0,0,0,0,0,0,0,1,1,0,0,1,0,0,2,0,0,1,1,0
MgD7UK2QY1uSllFtKMxkTA,"Restaurants, Canadian (New)",43.6525734,-79.4335001,Ten,4,4.0,0,0,2,0,2,0,0,1,0,0,1,0,0,0,0,1,0,1,0,1,0,0,2,2,1,0,2,0,1,0
MqzhcwNtu2PJiDrmDbXbJA,"Public Services & Government, Libraries",43.6655714,-79.4913426,Jane Dundas Library,4,4.0,0,0,0,0,0,0,0,0,0,0,0,0,0,0,0,0,0,0,3,0,0,0,0,0,0,0,0,3,3,0
NxpaDfYm8OB14Zw9QDFejA,"Tapas/Small Plates, Spanish, Restaurants, Tapas Bars",43.67615,-79.3582931,Tapas At Embrujo,83,3.5,0,0,2,0,2,0,0,2,0,0,0,0,0,1,2,1,2,2,3,1,2,3,2,2,2,0,0,3,13,0
Q7zuWhtr_LY0hbAtZxFdBA,"Mobile Dent Repair, Auto Repair, Body Shops, Automotive",43.6665512,-79.3731304,Mobile Dent Medic,4,4.0,0,0,0,0,0,2,0,0,0,0,0,0,0,0,0,0,0,0,0,0,0,0,0,0,0,0,0,0,0,0
QrTg1ZaKcaJj2fzXQmHFXQ,"Mexican, Restaurants, Specialty Food, Ethnic Food, Food",43.6595981,-79.4349838,La Tortilleria,69,3.0,0,0,0,0,2,0,0,0,0,0,0,0,0,2,0,1,1,1,3,1,1,2,1,0,2,0,0,3,11,0
RRsoSQyP7uu_PCd-KN9Uzg,"Shopping, Flowers & Gifts, Florists",43.6613421,-79.3384474,Garden's Path,10,5.0,0,0,0,0,2,0,0,0,0,0,2,0,0,0,0,0,0,0,0,2,0,2,0,0,0,0,0,0,0,0
SN69A7A6gnjAJiN9wnNWHQ,"Comfort Food, Restaurants, American (Traditional)",43.7121568,-79.577508,Swiss Chalet Rotisserie & Grill,11,2.0,0,0,0,0,0,2,0,0,0,0,0,0,0,1,0,2,0,0,0,2,1,2,0,0,2,0,0,0,2,0
TKDTGHhdBR1ZnGojoWw0Kw,"Bakeries, Coffee & Tea, Food",43.6507356524,-79.36776363,Tim Hortons,4,1.5,0,0,0,0,0,0,0,0,0,0,0,0,0,0,0,0,0,0,0,0,0,0,0,0,0,0,0,0,1,0
Tnr-B_dMNJ8qax2Sh_E0Ew,"Event Planning & Services, Office Equipment, Shopping, Flowers & Gifts, Arts & Crafts, Cards & Stationery",43.6653698,-79.4691732,Take Note,10,4.5,0,0,0,0,2,0,1,0,0,0,2,0,0,0,0,0,0,0,0,0,0,2,0,0,0,0,2,0,1,0
UDUU8255-h74jV5MXkw-jg,"Automotive, Local Services, Truck Rental, Self Storage",43.6804139,-79.3367485,U-Haul Neighborhood Dealer,7,2.5,0,0,0,0,0,0,0,0,0,0,0,0,0,0,0,0,0,0,0,0,0,0,0,0,0,0,0,0,0,0
USWaAiJglhGtUKn2uR-iiA,"Food, Bakeries",43.6651797,-79.3523683,Tung Hing Bakery Company,13,3.5,0,0,0,0,2,0,0,0,0,0,0,0,0,0,0,0,0,0,0,1,0,1,0,0,2,0,0,0,4,0
V88PUrISvHGPqzBPqEbQvg,"Post Offices, Public Services & Government",43.6676544,-79.4420863,Canada Post,3,2.0,0,0,0,0,0,0,0,0,0,0,0,0,0,0,0,0,0,0,0,0,0,0,0,0,0,0,0,0,1,0
VQj0g7hEiEMsN1CkLeclbw,"Active Life, Fitness & Instruction, Dance Studios",43.6617031,-79.426147,Chemagne Dance Studio,3,4.5,0,0,0,0,0,0,0,0,0,0,0,0,0,2,0,0,0,0,0,0,0,0,0,0,0,0,0,0,0,0
XTBwlJu97AYtWFIer2hlBQ,"Cremation Services, Local Services, Funeral Services & Cemeteries",43.7080762,-79.357573,Affordable Burials & Cremations,4,5.0,0,0,0,0,0,0,1,0,0,0,0,0,0,0,0,0,0,0,0,0,0,0,0,0,0,0,0,0,0,0
XjAEU4Q4PesU4DW1d9pMkQ,"Arts & Entertainment, Music Venues, Festivals, Nightlife",43.6469028,-79.3344097,Luminato,3,2.5,0,0,0,0,0,0,0,0,0,0,0,0,0,2,0,0,0,0,0,0,0,0,0,0,0,0,0,0,0,0
XzSUqucFXZ9SwZHhuujuIA,"Beer, Wine & Spirits, Distilleries, Food",43.6504046,-79.3597707,Spirit of York Distillery,43,4.5,0,0,0,0,2,0,0,0,0,0,0,0,0,1,0,0,0,0,0,0,0,2,0,0,1,0,0,0,3,0
YWycQEyJWqXXBo40TckSSw,"Auto Repair, Automotive, Body Shops, Car Stereo Installation",43.6647981,-79.459012,Auto Experts,3,3.5,0,0,0,0,0,0,2,0,0,0,0,0,0,0,0,0,0,0,3,0,0,0,0,0,0,0,0,3,0,0
Z4XQGAeIXiKWZ_g3URyCWA,"Bike Repair/Maintenance, Sports Wear, Sporting Goods, Fashion, Shopping, Local Services",43.6535366,-79.3799731,Sportchek,6,2.5,0,0,0,0,2,0,0,0,0,0,0,0,0,0,0,0,0,0,0,0,0,2,0,0,0,0,0,0,1,0
_9-cR0DdWq2j7qyex5y2Og,"Beauty & Spas, Nail Salons",43.6408209323,-79.4362322323,Top Coat Nail Salon,8,3.0,0,0,0,0,2,0,2,0,0,0,0,0,0,0,0,0,0,0,0,0,0,2,0,0,0,0,0,0,2,0
_CgyqbB7ySSZrCi3c8toLQ,"Accessories, Shopping, Women's Clothing, Men's Clothing, Department Stores, Fashion",43.7251083,-79.4528087,Holt Renfrew,40,2.0,0,0,0,0,2,0,0,0,0,0,1,0,0,0,0,0,0,0,0,0,0,4,0,0,0,0,0,0,6,0
_mCn3D_-TqLoz6gu-c7KTA,"Shoe Stores, Shopping, Fashion",43.6548676,-79.3799708,Vans,9,4.0,0,0,0,0,0,0,0,0,0,0,0,0,0,0,0,0,0,0,0,0,0,0,0,0,0,0,0,0,0,0
_vZGSGGbHnwA65rM5_V_Rw,"Restaurants, Mediterranean",43.604034,-79.535821,Leziz  Kitchen,5,5.0,0,0,0,0,0,0,0,0,0,0,0,0,0,0,0,2,0,0,0,0,0,0,0,0,0,0,0,0,0,0
aw4y-oz7rHq5OVlIxu32SA,"Bikes, Sporting Goods, Shopping",43.700201,-79.4551564,La Bicicletta,7,2.0,0,0,0,0,1,0,0,0,0,0,0,0,0,0,0,0,0,0,0,0,0,3,0,0,0,0,0,0,1,0
bTDnkbqbLl05n7dZZ-4zlQ,"Home Services, Internet Service Providers, Professional Services",43.7365598,-79.5670168,Bell Internet Service,32,1.0,0,0,0,0,0,0,2,0,0,0,0,0,0,0,0,0,0,0,0,0,0,0,0,0,0,0,0,0,1,0
e41TP5cXZqSrz50xCBJqZw,"French, Canadian (New), Event Planning & Services, Caterers, Comfort Food, International, Lounges, Bars, Cocktail Bars, Restaurants, Breakfast & Brunch, Nightlife, Mediterranean",43.665961,-79.411003,Insomnia Restaurant & Lounge,916,4.0,0,0,2,0,2,0,0,2,0,0,1,0,1,1,0,1,2,1,3,2,2,2,2,0,2,0,0,3,127,11
eclcaQol-ws1L3feqzdcxQ,"Local Services, Dry Cleaning, Laundry Services, Dry Cleaning & Laundry",43.6436329,-79.4047632,White Dove Drycleaners,3,3.5,0,0,0,0,0,0,0,0,0,0,0,0,0,0,0,0,0,0,0,0,0,0,0,0,0,0,0,0,3,0
emHHOvajWEHPUGS-2GSFuA,"Portuguese, Chicken Shop, Restaurants",43.7731098006,-79.2811384052,Nando's,53,3.0,0,0,1,0,1,0,0,2,0,0,0,0,0,2,0,2,2,2,1,2,2,2,1,1,2,0,0,1,9,0
fLErQ66UipV6JPqtUvJOZA,"Fitness & Instruction, Beach Equipment Rentals, Active Life",43.6667446738,-79.3006845694,WSUP Toronto,3,3.5,0,0,0,0,0,0,0,0,0,0,0,0,0,2,0,0,0,0,0,0,0,0,0,0,0,0,0,0,2,0
gzhfc3t90B9bvs0d9-gvUQ,"Juice Bars & Smoothies, Food, Vegan, Restaurants",43.6503406,-79.3805207,Revitasize,5,4.5,0,0,0,0,1,0,0,2,0,0,1,0,0,0,0,0,0,0,3,0,0,0,0,0,2,0,2,3,1,0
hMwkDamyJzwQwBC_M11tTw,"Buffets, Restaurants",43.715969,-79.6034145,Favourites Dining Room,9,4.0,0,0,0,0,0,0,0,0,0,0,0,0,0,0,0,2,0,0,0,0,0,0,0,0,0,0,0,0,2,0
i0bD4WCmVHdK92L73CNbgQ,"Italian, Restaurants, Coffee & Tea, Food, Cafes",43.7264521885,-79.4526529312,illy Caffè,53,3.5,0,0,0,0,2,0,0,0,0,0,0,0,0,1,2,2,2,2,3,1,2,2,1,0,2,0,0,3,11,0
iZcHKzfoJAP0TbQyHrfsqw,"Health & Medical, Diagnostic Services",43.6825164,-79.2786881,Viaguard Accu-Metrics,16,1.0,0,0,0,0,0,0,1,0,0,0,0,0,0,0,0,0,0,0,0,0,0,0,0,0,0,0,0,0,0,0
jd68ZelBe4SFx7669K2iIA,"Ice Cream & Frozen Yogurt, Food",43.6549077,-79.3808739,Yogen Früz,9,3.5,0,0,0,0,0,0,0,0,0,0,0,0,0,0,0,0,0,0,1,0,0,3,0,0,2,0,0,1,2,0
jnfFIosV8zpC3eZ2RcjEeQ,"Breakfast & Brunch, American (Traditional), Food, Restaurants",43.6494576169,-79.3766867369,Fit for Life,6,2.5,0,0,0,0,2,0,0,0,0,0,0,0,0,0,0,2,0,0,0,0,0,1,0,0,0,0,0,0,0,0
kUVZkese1ds8I7DtQGOGkA,"Nail Salons, Beauty & Spas",43.7000006,-79.3971742,Davisville Nails & Spa Ltd,54,4.5,0,0,0,0,2,0,1,0,0,0,0,0,0,0,0,0,0,0,3,0,0,1,0,0,0,0,1,3,0,0
l7qmwa3d5bfWycOazBo05w,"Medical Centers, Diagnostic Services, Health & Medical",43.7741517,-79.3308009,Don Valley Endoscopy Centre,3,4.0,2,0,0,0,0,0,2,0,0,0,0,0,0,0,0,0,0,0,0,0,0,0,0,0,0,0,0,0,0,0
lkq6i2x3vUsR7ZNrIFqoIw,"Nightlife, Bars, Gastropubs, Restaurants, Beer, Wine & Spirits, Food",43.6468135,-79.5138344,The Monks Kettle,31,3.5,0,0,2,0,2,0,0,0,0,0,0,0,0,1,0,2,2,1,0,1,2,2,2,0,2,0,0,0,5,0
mHdichTxwzXI7n7lWNCj0Q,"Local Services, IT Services & Computer Repair, Mobile Phone Repair",43.7356349,-79.4196678,iTech Wireless,5,2.0,0,0,0,0,0,0,0,0,0,0,0,0,0,0,0,0,0,0,0,0,0,0,0,0,0,0,0,0,0,0
mUnvrJxmoayVL9aEapGcFQ,"Roadside Assistance, Towing, Automotive",43.7602828,-79.4820195,Abrams Towing Service,24,3.5,0,0,0,0,0,0,0,0,0,0,0,0,0,0,0,0,0,0,0,0,0,0,0,0,0,0,0,0,7,0
nNuEYw5HuEKSyJFyVkjuYg,"Accessories, Formal Wear, Shopping, Fashion, Men's Clothing",43.6528924618,-79.3798386678,Harry Rosen,12,3.5,0,0,0,0,2,0,0,0,0,0,0,0,0,0,0,0,0,0,0,0,0,4,0,0,0,0,0,0,1,0
nV_ihok5cwh0Iu_duIkuKw,"Pets, Pet Stores",43.6686561546,-79.3387400966,Paws & Claws,8,2.0,0,0,0,0,0,0,0,0,0,0,0,0,0,0,0,0,0,0,0,0,0,0,0,0,0,0,0,0,2,0
oOO-iNYm7iBOqRkCy7nrHQ,"Bars, Pubs, Nightlife",43.6449438,-79.5212409,The Squire: A Firkin Pub,13,3.0,0,0,2,0,2,0,0,0,1,0,0,0,1,0,2,2,4,2,1,0,2,2,2,0,0,2,0,1,1,0
oPKx7AuYUvVuOXA-OwMU0A,"Salad, Restaurants, Food, Vegetarian, Fast Food",43.648528,-79.3833359,Freshii,7,2.0,0,0,0,0,0,0,0,0,0,0,0,0,0,0,0,0,0,0,0,0,0,3,0,0,2,0,0,0,3,0
rkfwxvOjIzgZiv2XdMC8_Q,"Women's Clothing, Fashion, Accessories, Shopping",43.726292,-79.44984,Mendocino,7,2.5,0,0,0,0,2,0,0,0,0,0,0,0,0,0,0,0,0,0,0,0,0,3,0,0,0,0,0,0,0,0
rtr3fSe2DIjjTkyHJQtCAQ,"Food, Tea Rooms, Cafes, Coffee & Tea, Creperies, Restaurants, Desserts",43.7313437,-79.4035456,T-Buds,82,3.5,0,0,0,0,2,0,0,2,0,0,0,0,0,2,0,1,2,1,3,2,2,2,2,0,2,0,0,3,10,0
t5mTYSaFtxiDGWVVR_A6qg,"Caribbean, Restaurants",43.6834386,-79.299971,Cool Runnings Restaurant,92,4.0,0,0,2,0,2,0,0,2,0,0,0,0,0,2,0,2,2,2,3,2,1,2,1,0,2,0,0,3,17,0
tk00PzOzdD40KIf1NtO2UQ,"Mattresses, Home Decor, Home & Garden, Furniture Stores, Shopping",43.6700524,-79.4319463,GH Johnson's Trading Company,37,2.5,0,0,0,0,1,0,0,0,0,0,0,0,0,0,0,0,0,0,0,0,0,2,0,0,0,0,0,0,3,0
trzuDWvJqEIxtqjsKHCrhg,"Restaurants, Japanese, Food",43.648684,-79.3802333,Teriyaki Experience,5,3.0,0,0,0,0,0,0,0,0,0,0,0,0,0,2,0,0,0,0,0,0,0,0,1,0,0,0,0,0,1,0
vkohM83m5OdndWrKDjoxJg,"Juice Bars & Smoothies, Food, Bubble Tea, Tea Rooms",43.652879,-79.3974691,Royaltea,52,3.5,0,0,0,0,2,0,0,1,0,0,0,0,0,0,0,0,0,0,3,0,0,1,0,0,2,0,0,3,6,0
vlJSQHtMr1V5rdq4QDcJrA,"Pet Groomers, Pet Services, Pet Sitting, Pets, Pet Training",43.7509563,-79.4559536,Dog Sense Day Care & Grooming,6,2.0,0,0,0,0,0,0,2,0,0,0,0,0,0,0,0,0,0,0,0,0,0,0,0,0,0,0,0,0,1,0
wiuhohHv4fP2LY5yogv-vQ,"Desserts, Cafes, Restaurants, Food",43.722847,-79.289387,D-Spot Dessert Cafe & Bistro,130,3.5,0,0,0,0,1,0,1,0,0,0,0,0,0,2,0,2,2,1,1,1,2,2,2,2,2,0,0,1,16,0
xtD-99RklyUGf3-kXKdslg,"Tea Rooms, Desserts, Specialty Food, Macarons, Food",43.7246843,-79.4541729,Ladurée Boutique and Tea Salon,102,3.5,0,0,0,0,1,0,0,1,0,0,1,0,0,1,0,0,0,0,3,1,1,3,0,0,2,0,2,3,9,1
yBPvOaqLmkaNqzV3KasKJQ,"Health & Medical, General Dentistry, Dentists",43.6478979,-79.3820355,The Concourse Dental Centre,5,3.5,2,0,0,0,0,0,2,0,0,0,0,0,0,0,0,0,0,0,0,0,0,0,0,0,0,0,0,0,0,0
zOxeH9ow-sWHFT7Ddt1pgw,"Martial Arts, Fitness & Instruction, Weight Loss Centers, Health & Medical, Active Life",43.7593582,-79.3585119,Revolution MMA,3,2.0,0,0,0,0,2,0,1,0,0,0,0,0,0,2,0,0,0,0,0,0,0,0,0,0,0,0,0,0,0,0
zQ9TWsqHr6TvX0AqEd5Vew,"Local Services, IT Services & Computer Repair",43.6435936,-79.3985027,Surf Easy,5,3.5,0,0,0,0,0,0,0,0,0,0,0,0,0,0,0,0,0,0,0,0,0,0,0,0,0,0,0,0,0,0
