business_id,categories,latitude,longitude,name,review_count,stars,AcceptsInsurance,AgesAllowed,Alcohol,BYOB,BikeParking,BusinessAcceptsCreditCards,ByAppointmentOnly,Caters,CoatCheck,Corkage,DogsAllowed,DriveThru,GoodForDancing,GoodForKids,HappyHour,HasTV,NoiseLevel,OutdoorSeating,RestaurantsAttire,RestaurantsDelivery,RestaurantsGoodForGroups,RestaurantsPriceRange2,RestaurantsReservations,RestaurantsTableService,RestaurantsTakeOut,Smoking,WheelchairAccessible,WiFi,tips_counter_bz,total_compliments_bz
0JfxsoPjNDkVoz0m9jYwGw,"Food, Seafood Markets, Specialty Food",43.6783631,-79.3470031,Oceans Treasures Fish Mart,3,4.5,0,0,0,0,0,0,0,0,0,0,0,0,0,0,0,0,0,0,0,0,0,0,0,0,0,0,0,0,0,0
0i7AArkHRlzXSq_tneNpOw,"Home Decor, Arts & Crafts, Shopping, Home & Garden, Arts & Entertainment, Framing, Art Galleries",43.655708,-79.455348,Frame it on Bloor,8,5.0,0,0,0,0,2,0,1,0,0,0,0,0,0,0,0,0,0,0,0,0,0,3,0,0,0,0,0,0,0,0
14CNFFh1zpiF0z4pGzCinQ,"Beauty & Spas, Hair Salons",43.6666275,-79.3861465,Rapunzel Hair,4,2.0,0,0,0,0,0,0,2,0,0,0,0,0,0,2,0,0,0,0,0,0,0,3,0,0,0,0,0,0,0,0
26wJiKyHEWiXNuCPxQjRZg,"Juice Bars & Smoothies, Coffee & Tea, Tea Rooms, Bakeries, Food",43.6640397,-79.4167851,Cup O House,49,4.0,0,0,0,0,2,0,0,1,0,0,1,0,0,0,0,0,0,1,3,1,0,1,0,0,2,0,0,3,7,0
2XI9yl4-5WFVpUX8WFpvIw,"Mobile Phone Repair, Local Services, IT Services & Computer Repair, Mobile Phones, Shopping, Mobile Phone Accessories",43.65665,-79.3804851,Mobile Klinik Professional Smartphone Repair,6,3.0,0,0,0,0,0,0,1,0,0,0,0,0,0,0,0,0,0,0,0,0,0,0,0,0,0,0,0,0,0,0
32nmGiSvpQ4-8trDdh8AAw,"Auto Repair, Automotive",43.6440792,-79.4215503,Mario's Garage,5,4.0,0,0,0,0,0,0,0,0,0,0,0,0,0,0,0,0,0,0,0,0,0,0,0,0,0,0,0,0,0,0
3Cnv6GcCyzgEgt5yxnlEfQ,"Skin Care, Hair Removal, Eyelash Service, Beauty & Spas",43.648319,-79.505932,Absolute Beauty by Asa,6,3.0,0,0,0,0,2,0,2,0,0,0,0,0,0,0,0,0,0,0,0,0,0,2,0,0,0,0,0,0,0,0
3VQNttKUyr2jP-gzmef9nw,"Gyms, Active Life, Fitness & Instruction",43.6417082,-79.3802327,Pure Fitness,4,4.0,0,0,0,0,2,0,1,0,0,0,0,0,0,0,0,0,0,0,0,0,0,0,0,0,0,0,2,0,0,0
3etJqAlwlr8km-MXTOBIFQ,"Restaurants, Greek, Mediterranean",43.7187157,-79.4563123,Krystos Modern Greek Cuisine,65,3.5,0,0,2,0,2,2,0,2,0,0,1,0,0,2,2,2,2,2,3,2,2,2,2,2,2,0,2,3,4,0
3hD4PFmWWsZugHbYYvCGow,"Recreation Centers, Leisure Centers, Active Life",43.6464348933,-79.4149390485,Trinity Community Recreation Centre,7,3.5,0,0,0,0,2,0,0,0,0,0,0,0,0,2,0,0,0,0,0,0,0,0,0,0,0,0,0,0,4,0
57ZBrOAR-KrfMMaHK0tcew,"Restaurants, Pizza",43.7096007202,-79.2493652925,Papa John's,3,3.0,0,0,0,0,0,0,0,0,0,0,0,0,0,0,0,0,0,0,0,0,0,0,0,0,0,0,0,0,2,0
9dGdkszUfeYqMfcDFOUW2A,"Financial Services, Banks & Credit Unions",43.6481326,-79.3795089,B2B Bank,4,1.0,0,0,0,0,0,0,0,0,0,0,0,0,0,0,0,0,0,0,0,0,0,0,0,0,0,0,0,0,0,0
A0rmZ17EeglM5RtEWtfsDQ,"Real Estate, Local Services, Real Estate Services, Self Storage, Home Services, Movers",43.6797348,-79.4704532,Agility Moving & Storage,3,5.0,0,0,0,0,0,0,0,0,0,0,0,0,0,0,0,0,0,0,0,0,0,0,0,0,0,0,0,0,0,0
AIUFSIIdCEi3XoRJaxtDLQ,"Pet Groomers, Pets, Pet Services, Pet Stores",43.6630041,-79.3320401,Timmie Doggie Outfitters,45,4.0,0,0,0,0,0,0,0,0,0,0,0,0,0,0,0,0,0,0,0,0,0,0,0,0,0,0,0,0,0,0
AmtiIQn-57uWwNx2HvIM5w,"Restaurants, Japanese, Ramen",43.7764253,-79.2585331,Wasabi Grill and Noodle,3,2.0,0,0,0,0,0,0,0,0,0,0,0,0,0,0,0,0,0,0,0,0,0,0,0,0,0,0,0,0,1,0
BjZb6QFZ8goOiWej_YfDdQ,"Bubble Tea, Food",43.6503753,-79.3878322,Real Fruit Bubble Tea,7,2.5,0,0,0,0,0,0,0,0,0,0,0,0,0,0,0,0,0,0,0,0,0,0,0,0,0,0,0,0,0,0
Bx6Ga27Bkku159kgJbVfqg,"Discount Store, Knitting Supplies, Outlet Stores, Arts & Crafts, Shopping, Wholesale Stores, Fabric Stores",43.7195565,-79.4623901,Lens Mill Store,4,4.0,0,0,0,0,1,0,1,0,0,0,0,0,0,0,0,0,0,0,0,0,0,1,0,0,0,0,0,0,1,0
Cyy95sS5r6MGzgEA4UZX5g,"Beauty & Spas, Makeup Artists, Hair Salons",43.6444137561,-79.4191058775,Parlour Salon,277,4.0,0,0,0,0,2,0,1,0,0,0,0,0,0,1,0,0,0,0,3,0,0,2,0,0,0,0,0,3,19,0
DPZf7Ao2nZaZ5OMWOLR8Xg,"Bookstores, Books, Mags, Music & Video, Shopping",43.687104,-79.394186,Book City,4,4.0,0,0,0,0,0,0,0,0,0,0,0,0,0,0,0,0,0,0,0,0,0,2,0,0,0,0,0,0,3,0
F-X9R-QmNYcoWlQHuFW0_Q,"Active Life, Yoga, Fitness & Instruction",43.6674286,-79.385749,Iam Yoga,62,3.5,0,0,0,0,2,2,1,0,0,0,0,0,0,1,0,0,0,0,0,0,0,0,0,0,0,0,1,0,9,0
FQCVHtkLR0hc8o7fJEN0qg,"Heating & Air Conditioning/HVAC, Home Services",43.6909011,-79.3149215,Accuserv Heating and Air Conditioning,5,3.5,0,0,0,0,0,0,2,0,0,0,0,0,0,0,0,0,0,0,0,0,0,0,0,0,0,0,0,0,0,0
FspF6nLIRl0Zg1Eu4dr3cg,"Cosmetics & Beauty Supply, Beauty & Spas, Accessories, Fashion, Leather Goods, Shoe Stores, Shopping",43.6708150454,-79.3920668587,Christian Louboutin,3,5.0,0,0,0,0,2,0,0,0,0,0,0,0,0,0,0,0,0,0,0,0,0,4,0,0,0,0,0,0,0,0
IJZrpASpveRG_BZAnP_z3w,"Restaurants, Food, Thai, Specialty Food, Ethnic Food",43.7055448,-79.3752949,Satay On the Road,31,2.5,0,0,0,0,0,0,0,0,0,0,0,0,0,2,0,2,0,2,1,2,2,2,2,0,2,0,2,1,3,0
JMDIHq6me7WOv6Yz_oHfAA,"Delicatessen, Butcher, Specialty Food, Food",43.6852429,-79.3160289,Steve's Quality Meat & Deli,8,4.5,0,0,0,0,2,0,0,2,0,0,0,0,0,0,0,0,0,0,0,0,0,0,0,0,2,0,2,0,1,0
JOvklfPPZnwSgTop5uLvFA,"Fashion, Shopping, Men's Clothing, Women's Clothing",43.6540644,-79.3806966,Zara,46,2.0,0,0,0,0,2,0,0,0,0,0,0,0,0,0,0,0,0,0,0,0,0,2,0,0,0,0,0,0,5,0
JWAulPEbugeLBkV-G0oZIg,"Restaurants, Vietnamese",43.7183600177,-79.4573690012,Pho Anh Vu,19,4.5,0,0,0,0,0,0,0,0,0,0,0,0,0,0,0,2,0,0,0,0,0,2,0,0,0,0,0,0,3,0
JytR7WvKyytDQNwOHUzSEg,"Fast Food, Sandwiches, Burgers, Restaurants",43.6499942,-79.3890979,RUDY,43,4.0,0,0,0,0,2,0,0,2,0,0,1,1,0,0,0,1,2,1,3,1,1,1,1,1,2,0,1,3,1,0
K1G9dkF1po-VvKFJuskiww,"Hardware Stores, Home & Garden, Shopping",43.6554234,-79.4180073,Merit Decorating Centre,3,4.5,0,0,0,0,2,0,0,0,0,0,2,0,0,0,0,0,0,0,0,0,0,2,0,0,0,0,2,0,0,0
KWKZvqNtsnPQltn6ZxOjDw,"Food, Ethnic Food, Afghan, Specialty Food, Middle Eastern, Halal, Restaurants",43.7206848,-79.6131426,Al-Meezans Spicy Grill,15,3.0,0,0,0,0,2,0,0,2,0,0,1,0,0,2,0,2,1,1,1,1,2,1,1,1,2,0,1,1,1,0
Mh9pUksi_zukLdwDlgG7BA,"Food, Coffee & Tea",43.6721186,-79.3763857,Timothys World Coffee,9,4.0,0,0,0,0,2,0,0,0,0,0,0,0,0,0,0,0,0,2,3,0,0,2,0,0,2,0,0,3,3,0
MmDPE3tcDCnfQ-9M0RPQCw,"Active Life, Climbing",43.6637457,-79.4164519,Basecamp Climbing,25,4.0,0,0,0,0,2,0,0,0,0,0,0,0,0,2,0,0,0,0,0,0,0,0,0,0,0,0,0,0,3,0
PsIHt3-ezbkUBNVzbYTPmg,"Home Services, Television Service Providers",43.6624814,-79.3652996,Bell Canada Fibe TV,27,1.0,0,0,0,0,0,0,0,0,0,0,0,0,0,0,0,0,0,0,0,0,0,0,0,0,0,0,0,0,0,0
PuVQWQAjG5aYOCO8uupw_w,"Japanese, Ramen, Restaurants, Sushi Bars",43.770882,-79.3315514,Sozo Ramen & Sushi,40,3.5,0,0,0,0,0,0,0,0,0,0,0,0,0,2,0,2,2,0,0,1,2,0,2,0,2,0,0,0,1,0
QRrUlcJxmWfahRUz0uhYFw,"Food, Grocery",43.70694116,-79.3986395841,Metro,42,2.0,0,0,0,0,2,0,0,0,0,0,0,0,0,0,0,0,0,0,0,0,0,2,0,0,2,0,0,0,11,0
QpyEPBFO3iXtXw49R9db-w,"Skin Care, Beauty & Spas, Massage, Physical Therapy, Day Spas, Health & Medical, Hair Removal, Massage Therapy, Waxing",43.6828933317,-79.326283671,Hand & Stone Massage and Facial Spa,12,3.5,0,0,0,0,2,0,2,0,0,0,0,0,0,0,0,0,0,0,0,0,0,2,0,0,0,0,2,0,0,0
SaNmTRT4KvHHbFN9uXYKgQ,"Professional Services, Reiki, Health & Medical, Beauty & Spas, Acupuncture, Massage, Active Life",43.6801866587,-79.2888450623,Advanced Approaches to Massage,4,4.0,0,0,0,0,2,0,1,0,0,0,0,0,0,0,0,0,0,0,0,0,0,2,0,0,0,0,0,0,0,0
UPP9wMQUtBXhjoN0eG41og,"British, Gastropubs, Pubs, Restaurants, Bars, Nightlife",43.6554201,-79.4133518,The Peacock Public House,11,3.5,0,0,0,0,0,0,0,0,0,0,0,0,0,0,0,2,0,2,0,0,0,0,0,0,0,0,0,0,0,0
X5e3xIixJUN3OMagh0_oLQ,"Restaurants, Thai, Specialty Food, Food, Ethnic Food",43.6805238,-79.2855679,Tropical Thai Cuisine,26,3.5,0,0,0,0,0,0,0,1,0,0,0,0,0,2,0,2,1,1,1,2,2,2,2,0,2,0,1,1,5,0
Z-qU2B66DOtY92Uwjns5kw,"Health & Medical, General Dentistry, Dentists",43.6611804,-79.3812627,Chu Patrick K Dr,3,1.0,0,0,0,0,0,0,0,0,0,0,0,0,0,0,0,0,0,0,0,0,0,0,0,0,0,0,0,0,0,0
ZtZTBWZRzxhRAfvvxnnVHQ,"Women's Clothing, Fashion, Shopping",43.6540644,-79.3806966,Aritzia,19,2.0,0,0,0,0,1,0,0,0,0,0,0,0,0,0,0,0,0,0,0,0,0,3,0,0,0,0,2,0,3,0
Zylb_7SUULtjF3RZx960Pw,"Dry Cleaning & Laundry, Local Services, Laundry Services, Laundromat",43.6483236,-79.4206148,Hollywood Coin Laundry,4,4.5,0,0,0,0,2,0,0,0,0,0,0,0,0,0,0,0,0,0,3,0,0,1,0,0,0,0,0,3,0,0
a0lMkOte3lQNnMdq9dbEbw,"Arts & Entertainment, Shopping, Team Building Activities, Arcades, Books, Mags, Music & Video, Venues & Event Spaces, Event Planning & Services, Video Game Stores, Virtual Reality Centers",43.6578747,-79.4014566,VRPlayin,19,4.5,0,0,0,0,2,0,1,0,0,0,2,0,0,2,0,0,0,0,3,0,0,2,0,0,0,0,2,3,1,0
a8uuOGWdjVWRCIXoQGVkIA,"Restaurants, Chinese",43.7919977,-79.2504891,yuan yuan Chinese Restaurant,11,4.0,0,0,0,0,0,0,0,0,0,0,0,0,0,2,0,2,2,1,0,2,2,1,0,0,2,0,0,0,2,0
aN9sluuHY9EQEWjx3SxoZQ,"Libraries, Public Services & Government",43.6659548,-79.3345198,Jones Library,4,2.5,0,0,0,0,0,0,0,0,0,0,0,0,0,0,0,0,0,0,3,0,0,0,0,0,0,0,0,3,2,0
aQP6ztkznsk4dqfdPxrDvQ,"Coffee & Tea, Food, Restaurants, Breakfast & Brunch",43.6584408,-79.4879983,Coffee Culture Café & Eatery,11,2.5,0,0,0,0,0,0,0,0,0,0,0,0,0,2,0,2,0,0,3,1,2,2,1,0,2,0,0,3,0,0
aRqxT28Tdz2aDiZ7Vkyejw,"Comfort Food, Restaurants, Breakfast & Brunch",43.6641761664,-79.4149611996,White Brick Kitchen,246,4.0,0,0,2,0,2,0,0,1,0,0,0,0,0,2,0,2,2,2,1,1,2,2,2,2,2,0,0,1,18,0
bK7dxnD1FYuV4mVVVCMeNA,"Chinese, Szechuan, Noodles, Restaurants",43.6532661,-79.396979,Hey Noodles,87,3.5,0,0,0,0,2,0,0,2,0,0,1,0,0,2,1,2,2,1,3,2,2,2,2,2,2,0,1,3,18,0
desFvtCBYm3gpiiHlrFw4g,"Restaurants, Pizza, Italian",43.71493,-79.3051,La Famiglia,50,4.5,0,0,0,0,2,0,0,0,0,0,0,0,0,2,0,2,1,1,2,2,1,2,1,0,2,0,0,2,10,0
e0Mb_MwPUiiyHsGZa3spbg,"Auto Repair, Body Shops, Car Dealers, Auto Parts & Supplies, Automotive",43.7801213,-79.2858982,Serpa Chrysler Dodge Jeep Ram,7,2.5,0,0,0,0,0,0,0,0,0,0,0,0,0,0,0,0,0,0,0,0,0,0,0,0,0,0,0,0,1,0
f1LTP_WqXXaM8QTeGX_98w,Professional Services,43.6827069,-79.3266892,Taplin-Weir,3,5.0,0,0,0,0,0,0,0,0,0,0,0,0,0,0,0,0,0,0,0,0,0,0,0,0,0,0,0,0,0,0
fS3nh8egPi7eIBZi3Y3W7w,"Pizza, Food, Food Delivery Services, Restaurants, Salad, Chicken Wings",43.6392229,-79.4170792,Panago Pizza,16,3.5,0,0,0,0,2,0,0,2,0,0,0,0,0,2,0,2,2,1,1,2,1,2,1,0,2,0,0,1,3,0
g1QyexlF-d1RvDNrntA8Lw,"Women's Clothing, Shopping, Fashion, Men's Clothing, Accessories",43.724788,-79.456902,AllSaints,5,4.0,0,0,0,0,0,0,0,0,0,0,0,0,0,0,0,0,0,0,0,0,0,3,0,0,0,0,0,0,0,0
g9zm0uJiyINoiOz7oT7f8w,"Caribbean, Restaurants",43.6004522,-79.5057575,Golden Cook Caribbean Restaurant,3,4.5,0,0,0,0,2,0,0,0,0,0,0,0,0,2,0,2,1,1,1,1,1,2,1,1,2,0,0,1,1,0
gcec09O3lhUrzqXNJq0QVQ,"Event Planning & Services, Greek, Caterers, Restaurants",43.736206,-79.4203754,Karbouzi,18,3.0,0,0,2,0,0,0,0,2,0,0,0,0,0,2,0,2,2,2,1,1,2,2,2,0,2,0,0,1,3,0
k3Vr1kIulLftlRWV9OUBbw,"Acupuncture, Chiropractors, Health & Medical, Physical Therapy",43.6560973,-79.4526547,Sports Medicine Rehabilitation,3,2.0,2,0,0,0,0,0,1,0,0,0,0,0,0,0,0,0,0,0,0,0,0,0,0,0,0,0,0,0,0,0
kUIrMc_nOMxDJSCi0EXUrQ,"Caterers, Restaurants, Event Planning & Services, Cafes",43.6503019,-79.3771914,Kniblets Cafe,14,4.5,0,0,0,0,0,0,0,2,0,0,0,0,0,0,0,0,0,0,0,0,0,0,0,0,0,0,0,0,0,0
kUQL23jHs4teUSdOPjUXSw,"Nightlife, Karaoke",43.6872703,-79.3070321,Blue River House,4,4.0,0,0,0,0,0,0,0,0,0,0,0,0,0,0,0,0,0,0,0,0,0,0,0,0,0,0,0,0,1,0
lL5WROVwIW4RyDAd5tXXJg,"Beauty & Spas, Tattoo",43.6567102,-79.3992138,Golden Iron Tattoo Studio,25,4.0,0,0,0,0,2,0,1,0,0,0,0,0,0,0,0,0,0,0,3,0,0,2,0,0,0,0,0,3,3,0
mymlOeTImIWcvZWFZVvbXQ,"Seafood, Restaurants, Chinese",43.7769443207,-79.4144428886,Meet You Leisure Restaurant,24,4.0,0,0,0,1,1,0,0,1,0,1,1,0,0,2,1,1,0,1,3,1,2,0,2,2,1,0,1,3,3,0
nPatYo3wQ7tcvx7nzOU4GQ,"Restaurants, Chinese, Food",43.7956409,-79.2399807,Chopstick House,26,2.0,0,0,0,0,1,0,0,2,0,0,0,0,0,2,0,2,3,1,1,1,2,2,1,0,2,0,0,1,0,0
oN8pqCTXY4ac4DmUXUfdvQ,"Food, Coffee & Tea",43.619714,-79.550504,Coffee Galore,6,5.0,0,0,0,0,2,0,0,0,0,0,0,0,0,0,0,0,0,1,1,0,0,2,0,0,1,0,0,1,2,0
p-6yGc2e_T1TsHW-NTtsgw,"Massage, Physical Therapy, Beauty & Spas, Health & Medical, Acupuncture",43.6632229,-79.3411691,mend physio,7,5.0,0,0,0,0,2,0,2,0,0,0,0,0,0,0,0,0,0,0,0,0,0,2,0,0,0,0,0,0,2,0
rm1RtdDdyYighdxyFz09zg,"Lounges, Bars, Nightlife, Dance Clubs",43.7760378,-79.4937025,Moda Night LIfe +Bar,10,2.0,0,19,2,0,1,0,0,0,2,0,0,0,2,0,1,2,3,1,0,0,2,2,2,0,0,1,0,0,1,0
t6UwQ45hbHw-X7A7Yrc_ag,"Sandwiches, Delis, Restaurants",43.6492365,-79.3852468,May's Deli,5,3.5,0,0,0,0,1,0,0,0,0,0,0,0,0,2,0,0,0,0,3,1,1,1,1,0,2,0,0,3,2,0
tu75UB6isr-is_JiSoMxjw,"Home Decor, Shopping, Kitchen & Bath, Home & Garden",43.7191984,-79.4625533,Kitchen Stuff Plus,7,1.5,0,0,0,0,0,0,0,0,0,0,0,0,0,0,0,0,0,0,0,0,0,2,0,0,0,0,0,0,1,0
va7QuRicUp1Klt5dyCR7mg,"Nightlife, Wine Bars, Italian, Restaurants, Bars",43.655166,-79.4136114,Sotto Voce Wine & Pasta Bar,24,4.0,0,0,2,0,2,0,0,0,0,0,0,0,0,1,0,2,4,2,3,2,2,3,2,0,2,0,0,3,2,0
yKVSxydJO7xHBUkwpAYrcw,"Day Spas, Beauty & Spas, Hair Salons",43.6500131,-79.4349106,Grateful Head,6,5.0,0,0,0,0,2,0,2,0,0,0,0,0,0,2,0,0,0,0,0,0,0,2,0,0,0,0,0,0,0,0
zrYpLdnGKA_EmOhgRCy_vg,"Restaurants, Middle Eastern, Persian/Iranian",43.6567916,-79.4069317,Pomegranate Restaurant,183,4.0,0,0,1,0,2,0,0,2,0,0,0,0,0,2,0,2,2,1,1,1,2,2,2,2,2,0,2,1,21,0
