business_id,categories,latitude,longitude,name,review_count,stars,AcceptsInsurance,AgesAllowed,Alcohol,BYOB,BikeParking,BusinessAcceptsCreditCards,ByAppointmentOnly,Caters,CoatCheck,Corkage,DogsAllowed,DriveThru,GoodForDancing,GoodForKids,HappyHour,HasTV,NoiseLevel,OutdoorSeating,RestaurantsAttire,RestaurantsDelivery,RestaurantsGoodForGroups,RestaurantsPriceRange2,RestaurantsReservations,RestaurantsTableService,RestaurantsTakeOut,Smoking,WheelchairAccessible,WiFi,tips_counter_bz,total_compliments_bz
1qMSs7kLArbQcRVhzD7rqQ,"Bikes, Shopping, Sporting Goods",43.6593542,-79.4842664,Hoopdriver Bicycles,17,4.0,0,0,0,0,2,0,0,0,0,0,0,0,0,0,0,0,0,0,0,0,0,2,0,0,0,0,0,0,1,0
2rLj1eok5cXmHr5BrGqbDw,"Food, Seafood Markets, Specialty Food",43.6651171,-79.4572705,Osler Fish Terminal,7,5.0,0,0,0,0,2,0,0,0,0,0,0,0,0,0,0,0,0,0,0,0,0,2,0,0,2,0,0,0,2,0
2ruJvEkdGYCM7uDmBdD_zw,"Financial Services, Banks & Credit Unions",43.6474734,-79.3839517,Scotiabank,3,2.5,0,0,0,0,0,0,0,0,0,0,0,0,0,0,0,0,0,0,0,0,0,0,0,0,0,0,0,0,1,0
3Q1tXKfNsCDI6C6qaTUFiA,"Restaurants, Kebab, German",43.6663958,-79.3169353,ZIBA Berlin Döner,34,4.0,0,0,0,0,0,0,0,0,0,0,0,0,0,2,1,1,2,1,0,0,2,2,0,1,2,0,0,0,4,0
4J4ZcvQFQfOXSrGeZxHYLg,"Shopping, Arts & Crafts, Art Supplies",43.652472,-79.3909162,Above Ground Art Supplies,28,4.0,0,0,0,0,2,0,0,0,0,0,0,0,0,0,0,0,0,0,0,0,0,2,0,0,0,0,0,0,3,0
5-66okobkbjm0p_TlAea_A,"Fashion, Men's Clothing, Formal Wear, Shopping, Bespoke Clothing",43.6709998,-79.3931196,Suitsupply - Toronto,23,3.0,0,0,0,0,0,0,0,0,0,0,0,0,0,0,0,0,0,0,0,0,0,2,0,0,0,0,0,0,0,0
7DWXrWb7kOqYEJ8e-wR4oA,"Medical Centers, Walk-in Clinics, Doctors, Massage Therapy, Health & Medical",43.6411983,-79.4345632,Parkdale Walk in Clinic - HealthCare Plus Medical Centre,10,4.0,2,0,0,0,0,0,1,0,0,0,0,0,0,0,0,0,0,0,0,0,0,0,0,0,0,0,0,0,1,0
7grygtJ69AJ_J7mM3bI0OA,"Parks, Active Life, Tennis",43.6699204135,-79.3557071686,Riverdale Park East,9,4.5,0,0,0,0,2,0,0,0,0,0,0,0,0,2,0,0,0,0,0,0,0,0,0,0,0,0,0,0,1,0
7klZWSnKNiImDFiY9xrRLQ,"Doctors, Health & Medical, Family Practice",43.696949,-79.3958391,"Gorfinkel Iris, M.D",4,3.5,0,0,0,0,0,0,2,0,0,0,0,0,0,0,0,0,0,0,0,0,0,0,0,0,0,0,0,0,0,0
7uN7gNzMNwfciz8bP5Iu-w,"Pet Stores, Pets",43.6676544,-79.4420834,Pet Valu,12,3.5,0,0,0,0,0,0,0,0,0,0,0,0,0,0,0,0,0,0,0,0,0,0,0,0,0,0,0,0,2,0
8Pk3MDrWisVzDPiQhQDhfA,"Ice Cream & Frozen Yogurt, Desserts, Food",43.6572047,-79.404969,L'ARC EN CIEL,9,4.5,0,0,0,0,0,0,0,0,0,0,0,0,0,0,0,0,0,0,0,0,0,0,0,0,0,0,0,0,4,0
8cDP0mjK0J6lk292IeKRGg,"Indian, Caribbean, Restaurants",43.7754964,-79.2419031,Drupati's Doubles and Roti Shop,67,3.5,0,0,0,0,2,0,0,2,0,0,0,0,0,2,0,2,2,1,3,1,2,1,1,0,2,0,0,3,14,0
8hXDfPqm6du6Hiqomjjc3A,"Handyman, Home Services",43.6677353318,-79.4905546215,SOS Handyman,3,3.5,0,0,0,0,0,0,0,0,0,0,0,0,0,0,0,0,0,0,0,0,0,0,0,0,0,0,0,0,0,0
9ET_RUNztevq4_OLAX80Gg,"Food, Restaurants, French, Cafes, Desserts",43.6719213,-79.388922,Café Boulud,254,3.5,0,0,2,0,2,0,0,1,0,0,0,0,0,1,0,1,2,1,3,1,2,4,2,0,2,0,0,3,20,1
9mFFR-tBU8gXDhoaR_dNXg,"Food, Specialty Food, Health Markets",43.6725531,-79.3213648,Victoria Whole Foods,4,3.5,0,0,0,0,2,0,0,0,0,0,0,0,0,0,0,0,0,0,0,0,0,3,0,0,2,0,0,0,0,0
9qokexCC6G9Ac9gBzmN1qA,"Sleep Specialists, Health & Medical, Doulas, Massage Therapy",43.798502,-79.3739662,Helping Hands Doula,3,5.0,2,0,0,0,0,0,1,0,0,0,0,0,0,0,0,0,0,0,1,0,0,0,0,0,0,0,0,1,0,0
BdbdSzLfrsroWj5hsCXxDQ,"Thai, Restaurants",43.670746,-79.2961005,Thai House Cuisine,35,3.5,0,0,2,0,2,0,0,2,0,0,0,0,0,2,0,2,1,1,1,2,2,2,2,0,2,0,2,1,2,0
BmIqGdJeHpT4e9cMgcO9zA,"Specialty Food, Food",43.6479027,-79.4495273,The Mercantile,16,4.0,0,0,0,0,2,0,0,0,0,0,0,0,0,0,0,0,0,0,0,0,0,2,0,0,0,0,0,0,0,0
C16ogi6ASv-sQW3SGScmNQ,"Nightlife, Bars, Beer Bar, Restaurants, Italian, Wine Bars",43.6473981,-79.3939269,Tutti Matti Restaurant,92,3.5,0,0,2,0,2,0,0,0,0,0,0,0,0,1,0,2,2,1,0,1,2,3,2,0,1,0,0,0,10,0
CeQTuGmlp9HTbDfF4VDaQQ,"Furniture Stores, Fabric Stores, Shopping, Arts & Crafts, Home Decor, Home & Garden",43.6693654,-79.4676651,Fabric Fabric,7,3.5,0,0,0,0,0,0,0,0,0,0,0,0,0,0,0,0,0,0,0,0,0,2,0,0,0,0,2,0,0,0
Dhuy9uNq9hluYKucWzYFZw,"Shopping, Books, Mags, Music & Video, Flowers & Gifts, Bookstores, Medical Centers, Hospitals, Health & Medical",43.6575439,-79.3900848,Indigospirit,3,4.0,0,0,0,0,0,0,0,0,0,0,0,0,0,0,0,0,0,0,0,0,0,2,0,0,0,0,0,0,0,0
DuDZ4FZ_UxGQ-3GPuk8iJw,"Restaurants, Indian, Fast Food",43.6448993,-79.3859824,Amaya,9,1.5,0,0,0,0,0,0,0,0,0,0,0,0,0,2,0,0,0,0,0,1,1,1,1,0,0,0,0,0,1,0
EqNKy8Hawph8RGwuCJlppA,"Gas Stations, Automotive",43.704555,-79.407625,Petro Canada,3,2.0,0,0,0,0,0,0,0,0,0,0,0,0,0,0,0,0,0,0,0,0,0,0,0,0,0,0,0,0,3,0
GYETHjhfwsNFhxEIRSlZPw,"Skin Care, Tanning, Beauty & Spas",43.6375239,-79.3930466,Solace Tanning Studios,12,3.5,0,0,0,0,2,0,1,0,0,0,0,0,0,0,0,0,0,0,0,0,0,2,0,0,0,0,0,0,3,0
Gl6xFX8vM5dqknF9azPCMQ,"Steakhouses, Nightlife, Restaurants, Bars, Seafood",43.6466444346,-79.374950318,The Keg Steakhouse + Bar - Esplanade,122,4.0,0,0,2,0,2,0,0,1,2,0,0,0,1,1,1,2,2,2,3,1,2,3,2,2,2,1,2,3,12,1
H9pG0BNhqID2MTj8KnY3jQ,"Japanese, French, Cafes, Restaurants",43.6604974735,-79.4319278374,COO Café Bread or Rice,82,4.5,0,0,1,0,1,0,0,2,0,0,0,0,0,2,0,1,1,1,1,2,2,2,2,2,2,0,2,1,8,0
HIXTRyqVmB7scW3PPu0SSw,"Pet Training, Pet Services, Pet Boarding, Pet Sitting, Pets, Dog Walkers",43.6388363,-79.4003053,Hound and Kitty,5,4.5,0,0,0,0,0,0,1,0,0,0,0,0,0,0,0,0,0,0,0,0,0,0,0,0,0,0,0,0,1,0
HvhJcRzN9BBeJNfXnZKjIw,"Active Life, Dog Parks, Parks",43.6440163,-79.3945394,Clarence Square Park,11,3.5,0,0,0,0,2,0,0,0,0,0,2,0,0,2,0,0,0,0,0,0,0,0,0,0,0,0,0,0,1,0
Jm_R0IhwFlfCAV3Fk6NTWg,"Dim Sum, Chinese, Restaurants",43.652795187,-79.3990259736,Shanghai Shikumen Fine Cuisine,17,4.0,0,0,0,0,0,0,0,0,0,0,0,0,0,0,0,2,0,0,0,0,0,0,0,0,0,0,0,0,3,0
K9xTkwZX-ZdMWPK8EQOy6A,"Japanese, Sushi Bars, Korean, Restaurants",43.7498162,-79.5493678,Malado Sushi,41,4.0,0,0,1,0,1,0,0,0,0,0,0,0,0,2,0,2,2,1,1,1,2,2,2,0,2,0,0,1,17,0
KKoHxrnuZg-qdm-OMpTJPg,"Restaurants, Food, Sandwiches, Coffee & Tea, Bakeries",43.6116933,-79.557183,Brioche Dorée,3,3.5,0,0,0,0,0,0,0,0,0,0,0,0,0,0,0,0,0,0,0,0,0,0,0,0,0,0,0,0,0,0
KZ8g6lYM7lIfHkZbcrDD9g,"Food, Coffee & Tea, Shopping Centers, Shopping, Tea Rooms",43.7251083,-79.4528087,Ten Ren's Tea - Yorkdale Center,18,3.0,0,0,0,0,1,0,0,1,0,0,0,0,0,0,0,0,0,1,1,0,0,1,0,0,2,0,0,1,6,0
LAqGKns1zklhNF-tbbSCEQ,"Nightlife, Music Venues, Bars, Arts & Entertainment, Restaurants",43.6594874004,-79.4378667939,Burdock,76,3.5,0,0,2,0,2,0,0,0,1,0,0,0,2,1,2,2,2,2,2,0,2,2,1,0,0,1,0,2,4,0
MMuvBnvAqL2y0dlGiTneVQ,"Food, Coffee & Tea, Cafes, Restaurants",43.7007209,-79.4275262,Starbucks,5,3.0,0,0,0,0,0,0,1,1,0,0,1,0,0,2,0,0,0,2,3,0,0,2,0,0,2,0,0,3,0,0
Mpmd9g32HprwbsnF-k1O2w,"Shopping, Venues & Event Spaces, Arts & Entertainment, Arts & Crafts, Art Supplies, Education, Art Classes, Wedding Planning, Team Building Activities, Specialty Schools, Event Planning & Services, Art Schools, Party & Event Planning",43.6477782,-79.3895629,Art Factory,3,5.0,0,0,0,0,0,0,2,0,0,0,0,0,0,0,0,0,0,0,1,0,0,0,0,0,0,0,0,1,0,0
NVsmDL12AWwovFsuBMD1jQ,"Custom Cakes, Desserts, Food, Ice Cream & Frozen Yogurt, Bakeries",43.64947,-79.38633,Milk Bar Toronto,179,3.0,0,0,0,0,2,2,0,1,0,0,1,0,0,0,0,0,0,0,0,1,0,2,0,0,2,0,0,0,25,0
NoT7u2QNEvsVbH9MIzAzlw,"Thai, Restaurants, Vegan, Beer, Wine & Spirits, Noodles, Food, Seafood",43.6650073,-79.3808111,Si Lom Thai Bistro,149,4.0,0,0,2,0,2,0,0,2,0,0,1,0,0,2,1,1,2,2,1,1,2,2,1,2,2,0,2,1,11,1
R7qr0nUJiVcpBgaQTAywMQ,"Bars, Travel Services, Airport Lounges, Airports, Hotels & Travel, Nightlife",43.6862695,-79.6220297,American Airlines Admirals Club,31,2.5,0,0,2,0,1,0,0,0,0,0,0,0,1,0,1,2,1,2,3,0,1,2,1,0,0,0,0,3,5,0
RWCUcHq_1HkqSWt_RERJ3g,"Education, Colleges & Universities, Cosmetology Schools, Beauty & Spas, Hair Salons, Specialty Schools",43.6562242,-79.4355773,Marca College Hair and Esthetics,11,2.5,0,0,0,0,1,0,1,0,0,0,0,0,0,2,0,0,0,0,0,0,0,1,0,0,0,0,0,0,1,0
SLH_6FIjptg5BEJbYNld6w,"Imported Food, Ethnic Food, Korean, Japanese, Chinese, Specialty Food, Food, Restaurants",43.6689926,-79.3859694,Oja Noodles House,105,3.5,0,0,1,0,2,0,0,1,0,0,0,0,0,2,0,2,1,1,1,1,2,2,2,0,2,0,0,1,11,1
SOgALmFSTG_R7i2UBL4L4w,"Event Planning & Services, Gift Shops, Arts & Crafts, Jewelry, Fashion, Cards & Stationery, Flowers & Gifts, Accessories, Shopping",43.650956,-79.4508388,Scout,15,4.5,0,0,0,0,2,0,1,0,0,0,0,0,0,0,0,0,0,0,0,0,0,2,0,0,0,0,0,0,2,0
Ua_9n5Lvh51Uw84izO0BWg,"Hotels & Travel, Car Rental",43.6900484525,-79.5845752817,Payless Car Rental,13,2.0,0,0,0,0,0,0,0,0,0,0,0,0,0,0,0,0,0,0,0,0,0,0,0,0,0,0,0,0,2,0
UsKmYp0m8VYWM96tkGm2vQ,"Restaurants, African, Ethiopian",43.6611361,-79.4290063,African Palace,88,4.0,0,0,2,0,2,0,0,1,0,0,0,0,0,2,0,2,2,1,1,1,2,2,2,0,2,0,0,1,13,0
W6sPM9SCCbSVf1HA1oOPWQ,"Laundry Services, Dry Cleaning & Laundry, Local Services",43.6486362,-79.3817439,The Preeners,4,2.0,0,0,0,0,0,0,0,0,0,0,0,0,0,0,0,0,0,0,1,0,0,3,0,0,0,0,0,1,0,0
X0KJ_oUTwe7s0yoth7ZfwA,"Food, Tea Rooms, Coffee & Tea",43.6883168,-79.3945294,DAVIDsTEA,3,3.5,0,0,0,0,0,0,0,0,0,0,0,0,0,0,0,0,0,0,0,0,0,0,0,0,0,0,0,0,1,0
YhLrPdDWKd26l-fIGewO1w,"Restaurants, Japanese, Food, Ethnic Food, Specialty Food, Sushi Bars",43.6705605,-79.2968727,Bikkuri Japanese Restaurant,41,2.5,0,0,2,0,2,0,0,2,0,0,0,0,0,2,0,2,2,1,0,2,1,2,2,0,2,0,0,0,7,0
_uDC3rwcyu6RzN4b2o_vIw,"Massage, Beauty & Spas, Day Spas, Skin Care",43.776815,-79.282992,Saachi Spa,9,2.5,2,0,0,0,2,0,1,0,0,0,0,0,0,0,0,0,0,0,0,0,0,2,0,0,0,0,1,0,1,0
bP20XdHOnGPvSntqPBR5bA,"Shopping, Drugstores",43.6655628,-79.411661,Bathurst & Bloor Ida Drug Mart,4,4.0,0,0,0,0,2,0,0,0,0,0,0,0,0,0,0,0,0,0,0,0,0,2,0,0,0,0,0,0,0,0
f1TT5A_0eg4n-apKU0z77A,"Bespoke Clothing, Shopping, Formal Wear, Shoe Stores, Fashion, Men's Clothing, Clothing Rental",43.733108305,-79.4522718627,Moores Clothing for Men,3,2.5,0,0,0,0,0,0,0,0,0,0,0,0,0,0,0,0,0,0,0,0,0,0,0,0,0,0,0,0,0,0
goI2fAh1s3byFt7epsa9BQ,"Sushi Bars, Restaurants, Japanese",43.6388353,-79.4284129,Kotta Sushi,30,4.0,0,0,1,0,2,0,0,2,0,0,1,0,0,2,2,2,1,2,1,2,2,2,2,2,2,0,1,1,3,0
gwFZ54AovaUXxjSYNmfGAw,"Automotive, Auto Repair",43.7147632,-79.2603777,Reg's Auto Refinishing,5,4.0,0,0,0,0,0,0,0,0,0,0,0,0,0,0,0,0,0,0,0,0,0,0,0,0,0,0,0,0,0,0
hQN_c-ZLw-xYfvLlp78GKA,"Florists, Flowers & Gifts, Shopping",43.6613965,-79.4278169,Hill's Florist and Fruit Baskets,3,5.0,0,0,0,0,2,0,0,0,0,0,0,0,0,0,0,0,0,0,0,2,0,2,0,0,0,0,2,0,1,0
hrmq6n9thqZ2BIuE-6nb1Q,"Beauty & Spas, Nail Salons",43.7660358,-79.3918872,Nails Republic,37,4.0,0,0,0,0,1,0,1,0,0,0,0,0,0,0,0,0,0,0,0,0,0,2,0,0,0,0,0,0,11,0
htbLxEfvaBpVuIqEYRFw5g,"Skin Care, Massage, Medical Spas, Beauty & Spas, Health & Medical",43.7810623,-79.4107245,Hue Spa Detox Clinic,53,3.0,0,0,0,0,2,0,2,0,0,0,0,0,0,0,0,0,0,0,0,0,0,2,0,0,0,0,0,0,3,0
mF1mrvJBI-CqeYWF6caPvw,"Specialty Schools, Cosmetology Schools, Hair Salons, Beauty & Spas, Education, Blow Dry/Out Services",43.6697648,-79.3003178,Fiorio Beauty Academy,14,3.5,0,0,0,0,0,0,0,0,0,0,0,0,0,0,0,0,0,0,0,0,0,0,0,0,0,0,0,0,1,0
o35blWZPetV63aFFT53buw,"Shopping, Women's Clothing, Fashion",43.7072693,-79.3996009,Mendocino,5,2.5,0,0,0,0,2,0,0,0,0,0,0,0,0,0,0,0,0,0,0,0,0,3,0,0,0,0,0,0,1,0
pJDm5e7mpyNygQ-om3f9FQ,"Discount Store, Shopping",43.7259347178,-79.2885876905,Dollar Tree,4,4.0,0,0,0,0,2,0,0,0,0,0,0,0,0,0,0,0,0,0,0,0,0,1,0,0,0,0,0,0,5,0
q25Eq1F8mMa4iZB7aT8diA,"Acupuncture, Day Spas, Massage Therapy, Health & Medical, Chiropractors, Beauty & Spas, Skin Care",43.7571033,-79.352452,York Mills Wellness & Spa,9,3.5,2,0,0,0,0,2,1,0,0,0,0,0,0,0,0,0,0,0,0,0,0,0,0,0,0,0,0,0,0,0
q9V8hi0I-OxEKLEBSQEg3A,"Patisserie/Cake Shop, Bakeries, Cafes, Food, Desserts, Restaurants",43.7886507,-79.3306017,Marjo Bakery,10,4.5,0,0,0,0,0,0,0,0,0,0,0,0,0,0,0,0,0,0,0,0,0,1,0,0,2,0,0,0,1,0
qAg8GkN9rforFWmGxBqVqA,"Restaurants, Sandwiches, Diners, Salad, Poutineries",43.7144336,-79.4001549,Uncle Betty's Diner,193,3.0,0,0,2,0,2,0,0,1,0,0,0,0,0,2,0,1,2,2,1,1,2,2,2,2,2,0,2,1,21,0
qRTbYc7ennnwfr992kfjdA,"Italian, Restaurants, Event Planning & Services, Caterers",43.6391708,-79.4254538,Caffino Ristorante,83,4.0,0,0,2,0,2,0,0,2,0,0,0,0,0,1,0,2,1,2,1,1,2,2,2,0,2,0,0,1,6,1
t40nlS0_3JCH2j2l0Alrug,"Financial Services, Banks & Credit Unions",43.6527958,-79.3788429,BMO Bank of Montreal,3,3.5,0,0,0,0,0,0,0,0,0,0,0,0,0,0,0,0,0,0,0,0,0,0,0,0,0,0,0,0,1,0
uifNnXe31zmBYu3IqgiIDQ,"Home Cleaning, Window Washing, Snow Removal, Local Services, Home Services",43.7084593,-79.3906572,Sunnyside Window & Eaves Cleaning,4,1.0,0,0,0,0,0,0,0,0,0,0,0,0,0,0,0,0,0,0,0,0,0,0,0,0,0,0,0,0,0,0
vAtjw6-6uQL41Wzo5VZyyw,"Italian, Restaurants, Pizza",43.6418131144,-79.3798621371,Nonna Francesca's Ristorante,5,3.0,0,0,0,0,0,0,0,0,0,0,0,0,0,0,0,2,0,0,0,0,0,0,2,0,0,0,0,0,0,0
vLWphV8xAVYflOn1gCU9Jw,"Restaurants, Middle Eastern, Chicken Wings, Halal, Lebanese, Barbeque",43.6479963117,-79.3958004629,Paramount Lebanese Kitchen,37,1.5,0,0,0,0,0,0,0,0,0,0,0,0,0,2,0,1,2,1,0,2,2,2,1,1,2,0,0,0,2,0
w9A-X6UBotS1q2nOpKvbyw,"Skin Care, Day Spas, Beauty & Spas, Massage Therapy, Health & Medical, Massage, Barbers",43.6477578,-79.5096543,The Business,10,3.5,2,0,0,0,2,0,1,0,0,0,0,0,0,0,0,0,0,0,0,0,0,2,0,0,0,0,1,0,0,0
wC5dFj_cYziDu_GuP3Nygw,"Imported Food, Ethnic Food, Bakeries, Delicatessen, Food, Specialty Food",43.5946385,-79.5319378,Peter's Euro Deli and Bakery,3,4.5,0,0,0,0,2,0,0,0,0,0,0,0,0,0,0,0,0,0,0,1,0,2,0,0,0,0,0,0,0,0
wTbHEY6aQ2MB2zzYPnm9Bw,"Cabaret, Party & Event Planning, Nightlife, Arts & Entertainment, Venues & Event Spaces, Music Venues, Event Planning & Services",43.7119768163,-79.3995616485,Capitol Event Theatre,4,4.0,0,0,2,0,2,0,0,0,0,0,0,0,0,2,0,2,0,1,0,0,2,0,0,0,0,0,0,0,1,0
x03X4OyGAnw9FlnSYrfopw,"Local Services, Motorcycle Dealers, Fashion, Dry Cleaning & Laundry, Sporting Goods, Shopping, Automotive, Leather Goods",43.6462430527,-79.4092925521,Doc's Motorcycle Gear,5,5.0,0,0,0,0,2,0,0,0,0,0,0,0,0,0,0,0,0,0,0,0,0,2,0,0,0,0,0,0,0,0
xiIo17pwv7qBXH9vRAshaw,"Music & DVDs, Shopping, Bookstores, Books, Mags, Music & Video, Vinyl Records",43.6656562,-79.4669441,Pandemonium,15,4.5,0,0,0,0,2,0,1,0,0,0,2,0,0,0,0,0,0,0,0,0,0,2,0,0,0,0,2,0,2,0
xvRd_e-1HjZ4GNxNzPYRxg,"Bikes, Shopping, Sporting Goods",43.65198,-79.4719111,Wheels of Bloor,9,4.0,0,0,0,0,2,0,0,0,0,0,0,0,0,0,0,0,0,0,0,0,0,4,0,0,0,0,2,0,0,0
xvToVmi56XaioBAJGaBuAQ,"Greek, Restaurants",43.6481326,-79.3795089,Jimmy the Greek,3,3.5,0,0,0,0,0,0,0,0,0,0,0,0,0,0,0,0,0,0,0,2,0,0,1,0,2,0,0,0,1,0
zBtR7328Vuts_7B9qm3DVQ,"Restaurants, Food, Caribbean",43.7362402,-79.2499133,Aunt Elsie's Carribean Kitchen,15,4.5,0,0,0,0,2,0,0,0,0,0,0,0,0,1,0,2,0,1,0,1,1,1,1,0,2,0,0,0,6,0
