business_id,categories,latitude,longitude,name,review_count,stars,AcceptsInsurance,AgesAllowed,Alcohol,BYOB,BikeParking,BusinessAcceptsCreditCards,ByAppointmentOnly,Caters,CoatCheck,Corkage,DogsAllowed,DriveThru,GoodForDancing,GoodForKids,HappyHour,HasTV,NoiseLevel,OutdoorSeating,RestaurantsAttire,RestaurantsDelivery,RestaurantsGoodForGroups,RestaurantsPriceRange2,RestaurantsReservations,RestaurantsTableService,RestaurantsTakeOut,Smoking,WheelchairAccessible,WiFi,tips_counter_bz,total_compliments_bz
-E9-sQCZ_SWt26ZxkoqAyA,"Pet Stores, Pet Services, Pets, Dog Walkers, Pet Boarding, Pet Sitting",43.6479267,-79.4197497,Cityplace Dog's,4,5.0,0,0,0,0,0,0,0,0,0,0,0,0,0,0,0,0,0,0,0,0,0,0,0,0,0,0,0,0,0,0
0H8PL4trSvZFYgPpvSOCjQ,"Restaurants, Vegan, Grocery, Food, Gluten-Free, Specialty Food, Bakeries",43.7363298,-79.4204091,Goodbye Gluten,9,3.0,0,0,0,0,1,0,0,2,0,0,1,0,0,0,1,1,0,1,1,1,0,3,1,1,2,0,1,1,1,0
1MHNHMn0RLwf7QEl4i6oSw,"Public Services & Government, Train Stations, Public Transportation, Hotels & Travel, Transportation",43.6890908,-79.3015051,Main Street Subway Station,6,2.5,0,0,0,0,0,0,0,0,0,0,0,0,0,0,0,0,0,0,0,0,0,0,0,0,0,0,0,0,2,0
1i4luYmvapw2sffVNiqQOg,"Local Services, Sewing & Alterations",43.6568994,-79.4355343,Sew Perfect,6,3.0,0,0,0,0,0,0,0,0,0,0,0,0,0,0,0,0,0,0,0,0,0,0,0,0,0,0,0,0,0,0
3BYO2SLK4dbip4kTtpvwHg,"Home Services, Real Estate, Mortgage Brokers, Banks & Credit Unions, Financial Services, Investing",43.6509626,-79.3814224,Merix Financial,5,2.5,0,0,0,0,0,0,0,0,0,0,0,0,0,0,0,0,0,0,0,0,0,0,0,0,0,0,0,0,0,0
5nzm5tzqHacoQLU0h8_p0w,"Beauty & Spas, Barbers",43.664843,-79.4605772,Stag Head Barber Shop,3,3.5,0,0,0,0,2,0,1,0,0,0,0,0,0,0,0,0,0,0,0,0,0,2,0,0,0,0,2,0,0,0
7m9Yrao0J831ElU7SgSZxw,"Restaurants, Cafes",43.6529566,-79.3760355,Old Bleu Cafe & Eatery,17,4.0,0,0,0,0,2,0,0,0,0,0,0,0,0,2,0,2,2,1,1,1,1,1,1,0,2,0,0,1,4,0
9xqn38LjIZX2-yPLfKl6cA,"Event Planning & Services, Hobby Shops, Shopping, Photographers, Photography Stores & Services",43.6801315,-79.4319821,New Paramount Studios,3,3.5,0,0,0,0,0,0,0,0,0,0,0,0,0,0,0,0,0,0,0,0,0,0,0,0,0,0,0,0,0,0
AFIPIemA3dHRFxH_RgIIBA,"Bars, Korean, Restaurants, Nightlife, Asian Fusion",43.7643508,-79.4120227,KoSam,48,3.5,0,0,1,0,2,0,0,2,0,0,1,0,0,2,2,1,2,2,1,1,2,2,2,2,2,0,2,1,4,0
B29exzwhbwmKQJR60VXhlw,"Professional Services, Life Coach, Supernatural Readings, Arts & Entertainment",43.7250513668,-79.3287018101,Robert Lindsy Milne,3,3.5,0,0,0,0,0,0,0,0,0,0,0,0,0,0,0,0,0,0,0,0,0,0,0,0,0,0,0,0,0,0
CPVCdsx8deq0EHXKbMajBw,"Sandwiches, Restaurants, Fast Food",43.6588362,-79.3846555,Subway,7,3.0,0,0,0,0,0,0,0,2,0,0,0,0,0,2,0,0,0,0,0,1,2,1,0,0,2,0,0,0,0,0
E-wETrdq1uImd6lX6x8Qxw,"Chinese, Restaurants, Hot Pot, Mongolian",43.6532650596,-79.3953229055,Happy Lamb Hot Pot,104,3.5,0,0,2,0,2,0,0,1,0,0,1,0,0,2,0,1,2,1,3,1,2,2,2,2,1,0,0,3,11,1
F8g0gnW3aZ96YlxuEMcKKQ,"Hotels & Travel, Limos, Transportation, Taxis, Airport Shuttles",43.6676151,-79.3689966,Toronto Executive Limo Car Service,4,1.0,0,0,0,0,0,0,0,0,0,0,0,0,0,0,0,0,0,0,1,0,0,0,0,0,0,0,0,1,0,0
FamNYY8L7viitCdwnqM_Qw,"Pets, Pet Services, Veterinarians",43.651624,-79.4099241,Dundas Euclid Animal Hospital,14,3.5,0,0,0,0,0,0,0,0,0,0,0,0,0,0,0,0,0,0,0,0,0,0,0,0,0,0,0,0,1,0
FclLTNCeqnezkl8kET0ang,"Home Services, Apartments, Real Estate",43.6399616,-79.4437099,Parkside Place,3,1.0,0,0,0,0,0,0,0,0,0,0,0,0,0,0,0,0,0,0,0,0,0,0,0,0,0,0,0,0,1,0
FiTdi2PWCEbKy3USiuLNHA,"Fashion, Eyewear & Opticians, Shopping, Sunglasses, Optometrists, Health & Medical",43.654178,-79.3981579,Saigon Optical,16,4.5,2,0,0,0,1,0,1,0,0,0,0,0,0,0,0,0,0,0,3,0,0,2,0,0,0,0,0,3,1,0
FvPwbTA2C3ccaqPyBCZZeQ,"Shopping, Books, Mags, Music & Video, Videos & Video Game Rental",43.653226,-79.3831843,Redbox Canada,3,4.5,0,0,0,0,2,0,0,0,0,0,0,0,0,0,0,0,0,0,0,0,0,1,0,0,0,0,0,0,0,0
HM0PFKuOAWjlR60VeVqeQg,"Home Decor, Baby Gear & Furniture, Home & Garden, Shopping, Mattresses",43.672013,-79.2907522,Essentia,8,3.5,0,0,0,0,2,0,1,0,0,0,0,0,0,0,0,0,0,0,0,0,0,3,0,0,0,0,0,0,0,0
Ibmf1PgWn_5oaGQ1kINmTw,"Himalayan/Nepalese, Indian, Halal, Buffets, Restaurants",43.671054,-79.3879436,Kathmandu Restaurant,60,3.5,0,0,2,0,2,0,0,2,0,0,0,0,0,2,0,1,2,2,3,2,2,2,2,2,2,0,1,3,3,0
J9BmILDpV1Pr3GKU9XhjTQ,"Buffets, Pakistani, Vegetarian, Indian, Restaurants, Middle Eastern, Event Planning & Services, Food, Food Delivery Services, Caterers",43.6502008,-79.3888945,Little India Restaurant,386,3.5,0,0,2,0,2,0,0,2,0,0,0,0,0,2,1,1,2,1,3,2,2,2,2,0,2,0,0,3,50,0
JRjNymG-l6-N9K_gcSkVEw,"Breakfast & Brunch, Restaurants, Coffee & Tea, Food",43.6472616,-79.3785998,Early Bird Coffee & Kitchen,19,3.5,0,0,0,0,0,0,0,0,0,0,0,0,0,2,0,0,0,0,0,0,2,0,1,0,1,0,0,0,0,0
Js5dRDxKpB8TqcO8tNPEvA,"Restaurants, Middle Eastern, Food",43.6610723,-79.3827591,Lebanon Express,73,3.5,0,0,0,0,2,0,0,0,0,0,0,0,0,1,0,2,2,1,1,1,1,1,1,1,2,0,0,1,11,0
K0gZ9EQrzbVY_S8eY2GNsw,"Mediterranean, Greek, Restaurants",43.6490516,-79.3717741,Yianni's Kitchen,19,3.0,0,0,0,0,2,0,0,0,0,0,0,0,0,2,0,2,3,2,1,1,1,1,1,1,2,0,0,1,6,0
K29V9gTJDkTcdzeIKopdJA,"Towing, Automotive, Auto Repair",43.6741127166,-79.4746166263,JP Towing,11,1.5,0,0,0,0,0,0,0,0,0,0,0,0,0,0,0,0,0,0,0,0,0,0,0,0,0,0,0,0,1,0
KI0zM8wA3QH0-cHcvuz3PA,"Performing Arts, Arts & Entertainment, Cinema",43.6517782,-79.474695,Village Playhouse,3,4.5,0,0,0,0,0,0,0,0,0,0,0,0,0,0,0,0,0,0,0,0,0,0,0,0,0,0,0,0,1,0
LVZP2x22ttMrEQ83-5BsgQ,"Cosmetics & Beauty Supply, Jewelry, Children's Clothing, Toy Stores, Shopping, Accessories, Fashion, Beauty & Spas, Nail Salons",43.6765201,-79.3580156,La Di Da Boutique,6,3.5,0,0,0,0,0,0,1,0,0,0,0,0,0,0,0,0,0,0,0,0,0,2,0,0,0,0,0,0,2,0
LvwtWoCsw2uvmZpHeh3VeQ,"Grocery, Specialty Food, Health & Medical, Pharmacy, Cosmetics & Beauty Supply, Health Markets, Drugstores, Beauty & Spas, Food, Shopping",43.6462742,-79.3927143,Shoppers Drug Mart,24,3.0,0,0,0,0,2,0,1,0,0,0,0,0,0,0,0,0,0,0,0,0,0,2,0,0,0,0,0,0,8,0
LxTruvQeT5ER0W8GfE4-Og,"Barbers, Beauty & Spas",43.667417,-79.3856983,Prince Barber Shop,19,3.0,0,0,0,0,2,0,1,0,0,0,0,0,0,0,0,0,0,0,0,0,0,2,0,0,0,0,0,0,2,0
Mw6P1S4KF6I4tKQhZfHrrg,"Beauty & Spas, Nail Salons",43.7870209,-79.1515241,New Image Nail & Spa,33,3.5,0,0,0,0,2,0,2,0,0,0,0,0,0,0,0,0,0,0,0,0,0,2,0,0,0,0,0,0,5,0
NjJz1rOmpS1l7dUyJoIzVg,"Caribbean, Restaurants",43.8008177291,-79.1984684301,Island Sunset,5,3.0,0,0,0,0,0,0,0,0,0,0,0,0,0,0,0,2,0,0,0,0,0,0,0,0,0,0,0,0,0,0
PkAn8wR5ETI-WnjWx65D1g,"Hakka, Chinese, Restaurants",43.6511783,-79.3679551,Khao Hakka Refresh,6,2.5,0,0,0,0,0,0,0,0,0,0,0,0,0,0,0,0,0,0,0,0,0,0,0,0,0,0,0,0,0,0
QnUAST4I91ZgjW7PYsQ9UA,"Grocery, Food",43.6658346491,-79.3504422231,Fu Yao Supermarket,3,2.0,0,0,0,0,2,0,0,0,0,0,0,0,0,0,0,0,0,0,0,0,0,1,0,0,1,0,0,0,0,0
R7_lu_sscKYSI0WZxMFFwQ,"Optometrists, Eyewear & Opticians, Health & Medical, Shopping",43.6508251373,-79.4771094048,Hakim Optical,3,2.0,0,0,0,0,0,0,0,0,0,0,0,0,0,0,0,0,0,0,0,0,0,2,0,0,0,0,0,0,0,0
UN0UwUh7jaeX6Jg3lZImCg,"Food, Poutineries, Restaurants, Desserts, Burgers",43.6652110377,-79.3849245511,Holy Chuck,79,3.5,0,0,0,0,2,0,0,0,0,0,0,1,0,2,0,2,1,1,3,1,2,2,1,1,2,0,0,3,10,0
W9y5HzHFwsxsGNMlC2KAaw,"Fashion, Shopping, Formal Wear, Men's Clothing, Women's Clothing, Accessories",43.6454149,-79.4195481,Tiger of Sweden,5,4.0,0,0,0,0,2,0,1,0,0,0,2,0,0,0,0,0,0,0,3,0,0,3,0,0,0,0,2,3,0,0
XgIcAHZFdl6oLQ1eS4gfXg,"Beauty & Spas, Hair Salons",43.7030428,-79.4148427,Kozeta Salon spa,3,3.5,0,0,0,0,2,0,2,0,0,0,0,0,0,2,0,0,0,0,0,0,0,2,0,0,0,0,0,0,2,0
XkVSo8q8AKaXa20NkjkQNg,"Restaurants, Himalayan/Nepalese, Cafes",43.6402831,-79.4370061,Tashi Delek Cafe,8,4.5,0,0,0,0,0,0,0,0,0,0,0,0,0,0,0,0,0,0,0,0,0,0,0,0,0,0,0,0,2,0
Y-VHWXgkL1IIGcNsjQsryw,"Bakeries, Breakfast & Brunch, Coffee & Tea, Sandwiches, Donuts, Food, Restaurants",43.6703036,-79.2997455,Tim Horton's,3,4.0,0,0,0,0,2,0,0,2,0,0,0,0,0,1,0,1,2,1,3,1,1,1,1,1,2,0,0,3,0,0
Y_G2R89DBoiYusDI8H9Yjw,"Indian, Restaurants, Food, Halal, Caterers, Specialty Food, Event Planning & Services",43.7803245,-79.2989987,WeDeshi Foods,13,4.0,0,0,0,0,2,0,1,2,0,0,0,0,0,2,1,2,0,1,1,2,1,2,1,1,2,0,1,1,7,0
ZgGg7frEjgmNMdIrRpiouw,"Health & Medical, Medical Centers, Hospitals",43.6575439,-79.3900848,Mount Sinai Hospital,50,3.5,2,0,0,0,0,0,2,0,0,0,0,0,0,0,0,0,0,0,0,0,0,0,0,0,0,0,0,0,7,0
_E6k0HTgn5F4ISeDuYjQeQ,"Ski & Snowboard Shops, Furniture Stores, Home & Garden, Sporting Goods, Shopping",43.7192938,-79.4013338,The Sign of the Skier,5,3.0,0,0,0,0,2,0,1,0,0,0,0,0,0,0,0,0,0,0,0,0,0,0,0,0,0,0,0,0,1,0
_Erx5QMUj8TdMT31tzAXSg,"Japanese, Restaurants",43.7699881,-79.4128243,Tokyo Grill,18,3.5,0,0,0,0,0,0,0,0,0,0,0,0,0,0,0,0,0,0,0,0,0,0,0,0,0,0,0,0,5,0
aKYuuU8Dssmngg3Bs_MCSQ,"Mattresses, Home & Garden, Home Decor, Kitchen & Bath, Shopping",43.706714918,-79.3597960716,Linen Chest,4,4.0,0,0,0,0,2,0,0,0,0,0,0,0,0,0,0,0,0,0,0,0,0,2,0,0,0,0,0,0,1,0
bnfm0_uYvmCqCp-kfiVpPg,"Specialty Food, Fruits & Veggies, Food",43.6547577,-79.4008271,Castle Fruit,6,1.5,0,0,0,0,1,0,0,1,0,0,0,0,0,0,0,0,0,0,0,0,0,2,0,0,2,0,0,0,1,0
donanRQrQjJ0xCehznTC5Q,"Laser Hair Removal, Medical Spas, Beauty & Spas, Hair Removal, Health & Medical, Skin Care, Acne Treatment",43.7604325,-79.4103482,NewDermaMed Cosmetic and Advanced Laser Clinic,3,5.0,2,0,0,0,2,0,2,0,0,0,0,0,0,0,0,0,0,0,0,0,0,0,0,0,0,0,0,0,0,0
e8L51nJQwQ9AzqwBOZMdzw,"Event Planning & Services, Venues & Event Spaces",43.6637978,-79.429928,Owl's Club,3,4.5,0,0,0,0,0,0,0,0,0,0,0,0,0,0,0,0,0,0,0,0,0,1,0,0,0,0,0,0,0,0
fMhDdKSM2H3WNiWahEzDYQ,"Grocery, Organic Stores, Food Delivery Services, Food",43.6504555,-79.3608131,Organics Live,3,2.5,0,0,0,0,2,0,0,0,0,0,0,0,0,0,0,0,0,0,0,0,0,2,0,0,0,0,0,0,1,0
fcwA0NN3q-pCxAvPmqU9lQ,"Lingerie, Fashion, Shopping, Adult, Books, Mags, Music & Video",43.654251,-79.4222594,The Nookie,3,4.5,0,0,0,0,2,0,1,0,0,0,2,0,0,0,0,0,0,0,0,0,0,0,0,0,0,0,1,0,0,0
gDt9-PvRGMID6y_3yGbCLA,"Podiatrists, Doctors, Health & Medical, Orthopedists",43.7734529,-79.4427098,The Foot Clinic,3,4.0,0,0,0,0,0,0,0,0,0,0,0,0,0,0,0,0,0,0,0,0,0,0,0,0,0,0,0,0,0,0
gG4aW7XLL859HnOLwydrDw,"Pizza, Restaurants",43.7309634,-79.4039052,Pizzaville,3,1.5,0,0,0,0,0,0,0,0,0,0,0,0,0,1,0,2,0,0,0,2,0,0,1,0,2,0,0,0,0,0
gUqbelLE76AnyFV5GYbcXg,"Transportation, Limos, Taxis, Hotels & Travel",43.6894161,-79.2952131,Ambassador Express Taxi,3,1.0,0,0,0,0,0,0,0,0,0,0,0,0,0,0,0,0,0,0,0,0,0,0,0,0,0,0,0,0,0,0
gegbz51Fr8510u0AYdr3WQ,"Chicken Wings, Restaurants",43.8086278409,-79.2679156816,Popeyes Louisiana Kitchen,5,2.0,0,0,0,0,0,0,0,0,0,0,0,0,0,2,0,0,0,0,0,1,2,2,1,0,2,0,0,0,3,0
jd7mPoYvlvcKye_iPRefcQ,"Arts & Entertainment, Performing Arts, Cinema, Nightlife, Music Venues",43.647391,-79.375154,St Lawrence Centre For the Arts,3,4.5,0,0,2,0,0,0,1,0,2,0,0,0,0,2,0,0,0,1,3,0,2,1,0,0,0,0,0,3,0,0
l7NOtiEo-6_kNLaUTc4mbA,"Beauty & Spas, Hair Salons",43.6681488,-79.3409454,Italy Hair Design,6,3.0,0,0,0,0,0,0,1,0,0,0,0,0,0,0,0,0,0,0,0,0,0,1,0,0,0,0,0,0,0,0
mSY675sCniAMhSuc7225HA,"Sports Bars, Nightlife, Bars",43.6798808,-79.3410797,Mapleleaf Sports Bar & Grill,3,2.5,0,0,2,0,2,0,0,0,0,0,0,0,0,0,0,2,0,2,0,0,2,1,0,0,0,0,0,0,1,0
oFqSBajk338oJ1KNG4vCjA,"Martial Arts, Fitness & Instruction, Active Life, Tai Chi, Kickboxing, Muay Thai, Trainers, Gyms",43.7001043,-79.3974576,Toronto Kick Boxing & Muay Thai Academy,7,3.5,0,0,0,0,2,0,1,0,0,0,1,0,0,2,0,0,0,0,0,0,0,0,0,0,0,0,1,0,2,0
pT3JZkJOTWBhbER5lsgjqw,"Eyewear & Opticians, Shopping",43.6563467,-79.379364,Hakim Optical Factory Outlet,7,3.0,0,0,0,0,0,0,0,0,0,0,0,0,0,0,0,0,0,0,0,0,0,2,0,0,0,0,0,0,1,0
pyvxQ1eCeU62I9cWr5uo1g,"Mediterranean, Restaurants, Food",43.6920166,-79.5315913,2 Bros Cuisine,19,3.5,0,0,0,0,2,0,0,0,0,0,0,0,0,2,0,2,1,1,1,2,2,1,1,1,2,0,0,1,4,0
rX4bJ4vXGvEjlLJ40svXNg,"Community Service/Non-Profit, Home & Garden, Thrift Stores, Local Services, Shopping",43.7539276,-79.2755939,Restore-Habitat For Humanity,3,3.5,0,0,0,0,0,0,0,0,0,0,0,0,0,0,0,0,0,0,0,0,0,0,0,0,0,0,0,0,1,0
rYhgn9JU8E_RxXWzzUiAGA,"Meat Shops, Food, Specialty Food",43.6809862,-79.4299975,Macelleria Atlas Butcher Shop,4,5.0,0,0,0,0,2,0,0,0,0,0,0,0,0,0,0,0,0,0,0,0,0,2,0,0,0,0,0,0,2,0
rsYgAQTdhR67D7QkSkI3sw,"Beauty & Spas, Skin Care, Nail Salons, Day Spas",43.6514132,-79.3739162,Nebula Nails & Spa,21,2.5,0,0,0,0,2,0,1,0,0,0,0,0,0,0,0,0,0,0,0,0,0,2,0,0,0,0,0,0,1,0
tCCDNdsVMgAXZ_BSFc0FTw,"Asian Fusion, Japanese, Thai, Restaurants, Korean, Sushi Bars",43.599049,-79.513736,Roll & Thai,18,3.5,0,0,0,0,2,0,0,2,0,0,0,0,0,2,0,1,2,1,3,2,2,2,2,2,2,0,2,3,3,0
tOL8YMFVyPiXkSYv06AZsQ,"Bars, Canadian (New), Nightlife, Restaurants, Sports Bars, Dive Bars",43.6688657,-79.3869717,Burgs,17,2.5,0,0,0,0,2,0,0,0,0,0,0,0,2,1,2,2,2,1,0,1,2,2,2,2,2,0,0,0,1,0
uQ7LZpcYRTcibzK1w9E5uQ,"Butcher, Food, Specialty Food, Meat Shops",43.6477703,-79.4006569,The Healthy Butcher,40,4.5,0,0,0,0,2,0,0,2,0,0,0,0,0,0,0,0,0,0,0,0,0,3,0,0,2,0,2,0,10,0
uuCoPfZwgnM1vF0VLHLFcA,"Juice Bars & Smoothies, Coffee & Tea, Bubble Tea, Food",43.6488155,-79.396932,Gong Cha,5,3.0,0,0,0,0,0,0,0,0,0,0,0,0,0,0,0,0,0,0,0,0,0,0,0,0,2,0,0,0,2,0
uzjSN_Ac0udd3EL2oGlhFA,"Nail Salons, Hair Removal, Beauty & Spas, Waxing, Eyelash Service, Day Spas",43.6488803598,-79.3966924857,Amazing Nails,26,3.0,0,0,0,0,2,0,1,0,0,0,0,0,0,0,0,0,0,0,3,0,0,1,0,0,0,0,1,3,0,0
v7DJd7OUG55kIKOq2vStiA,"Health & Medical, Physical Therapy",43.6688572,-79.3949916,St George Physiotherapy Clinic,5,3.0,2,0,0,0,0,0,2,0,0,0,0,0,0,0,0,0,0,0,0,0,0,0,0,0,0,0,0,0,0,0
vJvlrwpzdDz51V65yu3yzg,"Beer, Wine & Spirits, Bars, Food, Nightlife, Pubs, Irish Pub",43.6663211,-79.3872946,Mullins Irish Pub,23,3.5,0,0,2,0,2,0,0,0,0,0,0,0,0,0,2,2,2,2,0,0,2,2,1,0,0,0,0,0,2,0
w7jscHvmx4RDCQFP-5EtPw,"Bed & Breakfast, Hotels & Travel",43.6478629,-79.4243713,The Darling Mansion,4,4.0,0,0,0,0,0,0,0,0,0,0,0,0,0,0,0,0,0,0,3,0,0,0,0,0,0,0,0,3,1,0
wUMZuPBTv7Q6480S1piNFg,"Dance Clubs, Nightlife",43.6436639,-79.4028859,Door Three,5,1.5,0,19,2,0,0,0,0,0,2,0,0,0,2,0,0,2,4,1,0,0,2,3,0,0,0,0,0,0,1,0
xuigChd24ZA8K_YVeNeEaQ,"Food, Restaurants, Coffee & Tea, Juice Bars & Smoothies, Cafes, Delis",43.6497755,-79.3645498,St. Lawrence Cafe,13,3.5,0,0,0,0,2,0,0,0,0,0,0,0,0,2,0,0,0,1,3,1,1,1,2,0,2,0,0,3,6,0
yIGOQszUIf0zGcE4qk3wYg,"Shopping, Furniture Stores, Home & Garden, Home Decor, Mattresses",43.649574,-79.4825448,Bettenhaus,3,3.5,0,0,0,0,0,0,0,0,0,0,0,0,0,0,0,0,0,0,0,0,0,3,0,0,0,0,2,0,1,0
ydiJa50tPFKAO_lUU1Oy-w,"Shopping, Antiques",43.6390124,-79.4456551,James Dy's Antiques & Collectibles,3,3.0,0,0,0,0,0,0,0,0,0,0,0,0,0,0,0,0,0,0,0,0,0,0,0,0,0,0,0,0,0,0
