business_id,categories,latitude,longitude,name,review_count,stars,AcceptsInsurance,AgesAllowed,Alcohol,BYOB,BikeParking,BusinessAcceptsCreditCards,ByAppointmentOnly,Caters,CoatCheck,Corkage,DogsAllowed,DriveThru,GoodForDancing,GoodForKids,HappyHour,HasTV,NoiseLevel,OutdoorSeating,RestaurantsAttire,RestaurantsDelivery,RestaurantsGoodForGroups,RestaurantsPriceRange2,RestaurantsReservations,RestaurantsTableService,RestaurantsTakeOut,Smoking,WheelchairAccessible,WiFi,tips_counter_bz,total_compliments_bz
-uxoiwj098gVoHil0T4XFw,"Nightlife, Dance Clubs",43.6266788,-79.5289921,Mingles Lounge,4,2.0,0,0,2,0,0,0,0,0,0,0,0,0,0,0,0,0,0,0,0,0,0,0,0,0,0,0,0,0,0,0
-zuJkmIjdRahT_yHED-62g,"Japanese, Asian Fusion, Buffets, Restaurants, Sushi Bars",43.7970053926,-79.2704776265,Sushi Legend,194,3.5,0,0,1,0,2,0,0,1,0,0,1,0,0,2,1,1,3,1,3,1,2,2,2,2,2,0,2,3,22,0
0MUXAy_zbclghJe6FieH3w,"Hair Salons, Nail Salons, Beauty & Spas",43.7601824716,-79.4108110923,The Maze Hair Salon,9,3.5,0,0,0,0,0,0,1,0,0,0,0,0,0,2,0,0,0,0,0,0,0,2,0,0,0,0,0,0,0,0
24FwM2E5Wus8AUuRmqDhdw,"Ticket Sales, Arts & Entertainment",43.641804,-79.3891419,Ticketweb Canada,3,1.0,0,0,0,0,0,0,0,0,0,0,0,0,0,0,0,0,0,0,0,0,0,0,0,0,0,0,0,0,0,0
3S8nDh3gK2BmG-_HjDjh6w,"Indian, Restaurants",43.6145493,-79.4888952,Kothur Indian Cuisine,40,4.0,0,0,2,0,2,0,0,2,0,0,0,0,0,2,0,2,2,1,1,2,2,2,2,2,2,0,0,1,4,0
3UdhRjoh_ZiKRJi3bpbpQA,"Employment Agencies, Professional Services",43.6472616,-79.3785998,Office Team,9,3.0,0,0,0,0,0,0,0,0,0,0,0,0,0,0,0,0,0,0,0,0,0,0,0,0,0,0,0,0,0,0
3gIBv8eLFqvqo79ajLK3fg,"Bars, Dive Bars, Nightlife",43.6480010416,-79.3952975795,Watson's,16,4.0,0,0,2,0,2,0,0,0,2,0,0,0,1,0,2,2,3,1,1,0,2,2,1,0,0,2,0,1,2,0
4iY-JA8swpJcLMGFit_G-g,"Chicken Wings, Fast Food, American (Traditional), Restaurants, Chicken Shop",43.6609463797,-79.383689509,KFC,10,1.5,0,0,0,0,0,0,0,0,0,0,0,0,0,2,0,1,0,1,0,1,2,1,1,0,2,0,0,0,1,0
6yZiQ9JcdxwvXMf35Qi-4w,"Arts & Entertainment, Home Decor, Home & Garden, Arts & Crafts, Event Planning & Services, Flowers & Gifts, Cards & Stationery, Gift Shops, Shopping, Art Galleries",43.6597112,-79.3471387,Arts Market,3,4.5,0,0,0,0,2,0,1,0,0,0,2,0,0,2,0,0,0,0,0,0,0,1,0,0,0,0,2,0,0,0
AnpkAaA0yA3tfn_mAwWaZg,"Home Services, Home & Garden, Lighting Fixtures & Equipment, Home Decor, Art Galleries, Arts & Entertainment, Shopping",43.6474554,-79.3953743,Ultra Lighting,18,2.5,0,0,0,0,0,0,1,0,0,0,0,0,0,0,0,0,0,0,0,0,0,2,0,0,0,0,0,0,0,0
C3Q_yp1ylwXOvj8M-1-OLw,"Delis, Restaurants, Sandwiches, Burgers",43.7740782041,-79.502330908,Shopsy's Sports Grill,25,2.5,0,0,2,0,2,0,0,2,0,0,0,1,0,1,0,2,3,2,3,1,2,2,2,2,2,0,0,3,1,0
E12BgMk95oypr33_GPhGlg,"Farmers Market, Food",43.6570957,-79.3877344,Sick Kids Hospital Farmer's Market,4,4.5,0,0,0,0,0,0,0,0,0,0,0,0,0,0,0,0,0,0,0,0,0,2,0,0,2,0,0,0,1,0
Ep6j5qZZH8FOZgqWU8kzfw,"Pet Sitting, Veterinarians, Pets, Pet Services",43.6656631,-79.4763911,Animal Hospital of High Park,24,2.5,0,0,0,0,0,0,2,0,0,0,0,0,0,0,0,0,0,0,0,0,0,0,0,0,0,0,0,0,0,0
ExoqgA3aAz6bYidI0DSQvw,"Restaurants, Food, Sandwiches",43.7542720222,-79.351681564,California Sandwiches,44,4.0,0,0,0,0,0,0,0,0,0,0,0,0,0,2,0,2,2,2,3,1,1,2,1,1,2,0,0,3,5,0
FoRVCri_clZDdhrYVlPmQw,"Canadian (New), Restaurants, Breakfast & Brunch",43.6063987,-79.5207601,Egglicious,44,3.5,0,0,2,0,2,0,0,2,0,0,0,0,0,2,0,2,2,2,3,1,2,2,1,0,2,0,0,3,7,0
GoQeQ8OvL1vadB__1hA8xg,"Arts & Entertainment, Museums",43.6510271,-79.3872656,Campbell House Museum,6,3.5,0,0,0,0,0,0,0,0,0,0,0,0,0,1,0,0,0,0,0,0,0,0,0,0,0,0,0,0,0,0
HawJbjbA70EtOOJFzMZoSA,"Japanese, Restaurants, Creperies, Chinese",43.7806201729,-79.4155133888,Mega Street Food Complex,47,3.5,0,0,0,0,0,0,0,1,0,0,0,0,0,2,0,2,0,1,3,1,2,2,1,0,1,0,2,3,4,0
HfZuIEqAa4KgtEnpZrKfGg,"Professional Services, Graphic Design, Printing Services, Local Services, 3D Printing",43.660489,-79.384447,The Printing House,9,3.0,0,0,0,0,0,0,0,0,0,0,0,0,0,0,0,0,0,0,0,0,0,0,0,0,0,0,0,0,0,0
HnE2DiTOLH942HDZrsDTVA,"Professional Services, Event Photography, Session Photography, Event Planning & Services, Photographers",43.6440587,-79.4033104,Neil Ta Photography,31,5.0,0,0,0,0,0,0,2,0,0,0,0,0,0,0,0,0,0,0,0,0,0,0,0,0,0,0,0,0,0,0
HoMjRHv512bAIQoxqrDRpQ,"Local Services, Shoe Repair",43.6492034,-79.3727345,Market Square Shoe Service,4,3.0,0,0,0,0,0,0,0,0,0,0,0,0,0,0,0,0,0,0,0,0,0,0,0,0,0,0,0,0,1,0
Jc478YuENt5rT_THgzpaXA,"Restaurants, Cafes, Coffee & Tea, Food",43.6404842221,-79.4367196038,Clove Apple Café,5,4.5,0,0,0,0,0,0,0,0,0,0,0,0,0,0,0,0,0,0,0,0,0,0,1,0,0,0,0,0,0,0
KHoTic4e34S-iy38q-1Nbw,"Beauty & Spas, Hair Salons",43.6655469,-79.4730454,Salon 2B,3,3.5,0,0,0,0,2,0,1,0,0,0,0,0,0,2,0,0,0,0,3,0,0,2,0,0,0,0,2,3,0,0
Kesics30m3QqLKzkueuMtQ,"Nail Salons, Beauty & Spas",43.666389,-79.4057619,Tiffany Nails,21,2.5,0,0,0,0,2,0,1,0,0,0,0,0,0,0,0,0,0,0,0,0,0,2,0,0,0,0,0,0,6,0
KkRmW-2ckg8-4BQEx_9lVA,"Desserts, Food",43.7745489,-79.4144613,Marouf Tochal,3,3.5,0,0,0,0,1,0,0,0,0,0,0,0,0,0,0,0,0,0,0,0,0,2,0,0,2,0,0,0,2,0
LJSEmHKt4GH8UlXvaUnBNw,"Medical Spas, Health & Medical, Beauty & Spas",43.6624584,-79.4225197,Silk MedSpa,17,1.5,1,0,0,0,0,0,2,0,0,0,0,0,0,0,0,0,0,0,0,0,0,2,0,0,0,0,0,0,1,0
LOL3AzAwwDNBcpZTRT3JEw,"Optometrists, Health & Medical, Shopping, Eyewear & Opticians",43.6460966,-79.4088808,Visual Eyes Optical,5,5.0,0,0,0,0,0,0,0,0,0,0,0,0,0,0,0,0,0,0,0,0,0,2,0,0,0,0,0,0,0,0
LauvdfR0EmajWB8l9aihAg,"Restaurants, Breakfast & Brunch",43.6172578603,-79.4877718408,Panagio's All Day Grill,20,3.5,0,0,0,0,2,0,0,1,0,0,0,0,0,2,0,2,2,2,3,1,2,2,1,2,2,0,0,3,1,0
MHe0H03-IxVAxdfKgjIdmA,"Health & Medical, Massage Therapy, Beauty & Spas, Massage",43.7013977,-79.397441,Sutherland-Chan Clinic - Yonge & Eglinton,6,4.0,0,0,0,0,2,0,2,0,0,0,0,0,0,0,0,0,0,0,0,0,0,2,0,0,0,0,0,0,0,0
MHvoz82rtu72NItVpXZXQw,"Food, Food Trucks",43.6450926923,-79.3984143394,Kitchen Empire,3,3.5,0,0,0,0,0,0,0,0,0,0,0,0,0,0,0,0,0,0,0,0,0,2,0,0,2,0,0,0,1,0
NNtSVLgYZ2PWXjFwpeoFrg,"Fashion, Coffee & Tea, Used, Vintage & Consignment, Food, Shopping",43.6685477,-79.340802,Coffee and Clothing,3,4.5,0,0,0,0,0,0,0,0,0,0,0,0,0,0,0,0,0,2,0,0,0,0,0,0,0,0,0,0,0,0
NOKaVqvi4hI8RgGjFCFIAg,"Pizza, Italian, Restaurants, Sandwiches",43.6540228,-79.413526,San Francesco Foods - Clinton,44,4.0,0,0,0,0,2,0,0,2,0,0,0,0,0,2,0,2,2,2,1,2,1,1,1,0,2,0,0,1,8,0
NSe_Fsyb939ueLd8WhuLPg,"Restaurants, Asian Fusion, Korean, Barbeque",43.7625534,-79.411637,Night Market,6,1.5,0,0,0,0,0,0,0,0,0,0,0,0,0,0,0,2,0,0,0,0,0,0,0,0,0,0,0,0,4,0
Na97mEFwClEqI0G8QfrWTQ,"Shopping, Electronics, Hobby Shops",43.8097261,-79.3384229,Sayal Electronics Head Office & Store,4,2.0,0,0,0,0,0,0,0,0,0,0,0,0,0,0,0,0,0,0,0,0,0,3,0,0,0,0,0,0,1,0
OMNFQuk3DfAt2oesBiDgKw,"Keys & Locksmiths, Home Services",43.6546591,-79.4594015,High Park Lock & Design,4,5.0,0,0,0,0,0,0,0,0,0,0,0,0,0,0,0,0,0,0,0,0,0,0,0,0,0,0,0,0,1,0
OUB81Dpb6m7HjW4ZmeSlmw,"Taiwanese, Restaurants, Fast Food, Dim Sum, Chinese",43.6468081,-79.4036078,Mean Bao,99,3.0,0,0,0,0,2,0,0,2,0,0,0,1,0,2,0,2,2,2,1,2,1,1,1,1,2,0,0,1,8,0
PzMTgyUl5-5KwMDM0N7fFA,"Department Stores, Food, Shopping, Fashion, Grocery",43.7425490044,-79.223520197,Walmart,10,3.0,0,0,0,0,2,0,0,0,0,0,0,0,0,0,0,0,0,0,0,0,0,2,0,0,0,0,0,0,0,0
QQBPYU-egTk-8pIkroRThg,"Mexican, Restaurants",43.6572682,-79.3814178,Mucho Burrito,10,1.5,0,0,0,0,0,0,0,0,0,0,0,0,0,2,0,0,3,1,1,1,2,2,1,0,1,0,0,1,1,0
RjXtwJZFtpDW5Cu1zCuJdw,"Medical Spas, Hair Removal, Medical Centers, Beauty & Spas, Health & Medical, Tattoo Removal, Laser Hair Removal, Cosmetic Surgeons, Doctors",43.666146,-79.387636,Baywood Clinic,8,4.0,0,0,0,0,0,0,2,0,0,0,0,0,0,0,0,0,0,0,0,0,0,3,0,0,0,0,0,0,0,0
WBGmx66KCmoU_9rIaEeXgQ,"Beauty & Spas, Nail Salons",43.6592541,-79.3818803,Melissa Nails,5,1.5,0,0,0,0,0,0,1,0,0,0,0,0,0,0,0,0,0,0,0,0,0,2,0,0,0,0,0,0,0,0
WOjGXrfQnfVEVwbMxzhu8A,"American (Traditional), Fast Food, Chicken Wings, Restaurants",43.7540931,-79.3495479,Popeyes Louisiana Kitchen,10,3.0,0,0,0,0,2,0,0,0,0,0,0,1,0,2,0,0,0,1,3,2,2,1,1,0,2,0,0,3,1,0
XBDe0pFAw1B32tpAQN5t2g,"Breakfast & Brunch, Restaurants, Cafes",43.6703401,-79.3882622,holts café,41,3.5,0,0,2,0,2,0,0,2,0,0,0,0,0,1,1,1,2,1,3,1,2,2,2,0,2,0,0,3,6,0
XbtNbyIGaTitIuEgzEBCzg,"Medical Centers, Walk-in Clinics, Health & Medical",43.6574935,-79.4011984,Royal Care Medical Centre,9,3.5,2,0,0,0,0,0,1,0,0,0,0,0,0,0,0,0,0,0,0,0,0,0,0,0,0,0,0,0,2,0
Yj-2CZ2qUyMIJ_rDqeaCjQ,"Venues & Event Spaces, Event Planning & Services, Arts & Entertainment, Photographers, Shopping, Session Photography, Art Galleries",43.6436238,-79.4229572,Twist Gallery,3,4.5,0,0,0,0,2,0,1,0,0,0,0,0,0,2,0,0,0,0,0,0,0,3,0,0,0,0,0,0,0,0
ZekRYrQz3zatQeHpkiwW_w,"Gluten-Free, Food, Vegan, Restaurants, Pizza",43.669366,-79.386214,Pizzaiolo,27,3.0,0,0,0,0,2,0,0,1,0,0,0,0,0,2,0,2,2,1,1,2,2,1,1,0,2,0,0,1,4,0
_KyXJhh5RHz0UVIMgfClFA,"Beauty & Spas, Cosmetics & Beauty Supply, Shopping",43.6655688,-79.3851147,Perfume Collection,4,5.0,0,0,0,0,0,0,0,0,0,0,0,0,0,0,0,0,0,0,0,0,0,0,0,0,0,0,0,0,1,0
_cVCzKQGt23KKW1M07Yvkw,"French, Restaurants",43.6448978,-79.415899,Jules Bistro,54,4.0,0,0,2,0,1,0,0,0,0,0,0,0,0,2,0,2,3,2,0,1,2,3,2,2,1,0,0,0,8,0
_pTDN39_VsOoWT2ULLpK-w,"Shopping, Food, Health Markets, Specialty Food",43.6445968,-79.4177659,Organic Boutique,43,2.0,0,0,0,0,2,0,0,0,0,0,0,0,0,0,0,0,0,0,0,0,0,3,0,0,1,0,0,0,4,0
aCQbOhehLeej31x6EMY5eQ,"Korean, Thai, Asian Fusion, Chinese, Sushi Bars, Restaurants",43.6563391,-79.382401,Spring Rolls,227,2.5,0,0,2,0,2,0,1,2,0,0,0,0,0,2,0,2,2,2,3,2,2,2,2,0,2,0,0,3,27,0
atucAE6Ik182bBViOcgqOw,"Accessories, Shopping, Women's Clothing, Men's Clothing, Fashion",43.6538255968,-79.3801266736,Oak + Fort,7,2.5,0,0,0,0,0,0,0,0,0,0,0,0,0,0,0,0,0,0,0,0,0,3,0,0,0,0,0,0,1,0
b4kUcoA9Y9UavqXd8Qwa5A,"Auto Repair, Automotive",43.6572318,-79.4471842,M-Tricks Autosports,4,5.0,0,0,0,0,0,0,0,0,0,0,0,0,0,0,0,0,0,0,0,0,0,0,0,0,0,0,0,0,0,0
eE6qNoLeKTHAuCxG6vXkug,"Beauty & Spas, Hair Salons, Blow Dry/Out Services",43.6641357,-79.4106345,CL Salon,23,5.0,0,0,0,0,2,0,1,0,0,0,0,0,0,0,0,0,0,0,3,0,0,2,0,0,0,0,2,3,3,0
et_1-2KBnYUvJOiwX4YKBw,"Restaurants, Donuts, Bakeries, Coffee & Tea, Food, Breakfast & Brunch",43.7724031,-79.5046593,Tim Hortons,3,2.0,0,0,0,0,0,0,0,0,0,0,0,0,0,0,0,0,0,0,0,0,0,0,0,0,0,0,0,0,2,0
gcfDH5QxVC2xqdXYz94W8Q,"Health & Medical, Pilates, Active Life, Massage Therapy, Barre Classes, Specialty Schools, Yoga, Fitness & Instruction, Meditation Centers, Education",43.6745066,-79.3882357,889,48,4.0,0,0,0,0,2,0,1,0,0,0,0,0,0,1,0,0,0,0,0,0,0,0,0,0,0,0,1,0,1,0
ikRqxe8NlYUJDcw8aalwgQ,Shopping,43.6589262,-79.3818525,Noori Extension,13,2.5,0,0,0,0,1,0,0,0,0,0,0,0,0,0,0,0,0,0,0,0,0,1,0,0,0,0,0,0,2,0
inHnf3mcrDuVitlD4cbkXg,"Health & Medical, Medical Spas, Beauty & Spas, Massage",43.6712119,-79.3918458,Aquarelle,10,3.5,1,0,0,0,2,0,2,0,0,0,0,0,0,0,0,0,0,0,0,0,0,2,0,0,0,0,1,0,1,0
jCgc74lRwBDU5X7-z1Br5Q,"Meat Shops, Food, Delis, Restaurants, Sandwiches, Specialty Food",43.665693,-79.368689,St James Town Steak & Chops,28,4.0,0,0,0,0,2,0,0,2,0,0,0,0,0,2,0,1,1,2,3,1,2,2,1,1,2,0,2,3,6,0
jNSWLq2i45GHNHIzwEiTiA,"Pets, Pet Stores",43.6850949,-79.3163419,Wag on the Danforth,12,4.5,0,0,0,0,0,0,0,0,0,0,0,0,0,0,0,0,0,0,0,0,0,0,0,0,0,0,0,0,0,0
kLFm_kehXNZkUc1oa2-Eaw,"Food, Ethnic Food, Imported Food, Specialty Food",43.6497889,-79.4339281,Nuno's Churrasqueira,4,3.0,0,0,0,0,0,0,0,0,0,0,0,0,0,0,0,0,0,0,0,0,0,2,0,0,0,0,0,0,0,0
kt_WWI5ha6R1Yvt2DncB0g,"Home Services, Security Systems, Telecommunications, IT Services & Computer Repair, Home Automation, Local Services",43.7718287,-79.3308513,Lifetime Security Tech,3,4.5,0,0,0,0,0,0,0,0,0,0,0,0,0,0,0,0,0,0,0,0,0,0,0,0,0,0,0,0,0,0
l07ctcrDMV--TYwe3uzebQ,"Restaurants, Korean",43.7791694,-79.4172467,Huh Ga Ne,128,3.5,0,0,1,0,2,0,0,2,0,0,0,0,0,2,0,2,3,1,1,1,2,2,2,2,2,0,0,1,18,1
m4d2j487Y0DYgPs6nNGw_A,"Florists, Flowers & Gifts, Shopping",43.666173,-79.381002,Ladybug Florist In the Village,58,4.0,0,0,0,0,2,0,0,0,0,0,0,0,0,0,0,0,0,0,0,2,0,2,0,0,0,0,0,0,2,0
mj25sM7NN3vB7uG0aF5H6Q,"Desserts, Food, Bubble Tea, Coffee & Tea, Bakeries",43.8054959,-79.288485,Feng Cha,80,3.5,0,0,0,0,1,0,0,1,0,0,1,1,0,2,0,0,0,1,3,1,0,2,0,0,2,0,1,3,16,1
nSwBkdWU8D_48jPlqJ2tRg,"Shopping, Furniture Stores, Home & Garden, Home Decor",43.737622,-79.344264,Structube,12,1.5,0,0,0,0,2,0,0,0,0,0,0,0,0,0,0,0,0,0,0,0,0,2,0,0,0,0,0,0,2,0
owyqzFdNleiX7_ic6KSqkg,"Specialty Food, Food, Bakeries, Filipino, Restaurants",43.7364519,-79.4370922,Da Best Filipino Bakery and Eatery,4,4.0,0,0,0,0,0,0,0,0,0,0,0,0,0,2,0,0,2,1,1,1,2,1,1,1,2,0,0,1,2,1
pax5e48Sg8DEMtUJhXIzpw,"Arts & Entertainment, Jazz & Blues, Musicians, Nightlife, Professional Services, DJs, Event Planning & Services",43.6524406,-79.3938481,Stereoflavour Live Entertainment,3,5.0,0,0,0,0,0,0,0,0,0,0,0,0,2,2,0,0,0,0,0,0,2,0,0,0,0,0,1,0,0,0
q3bkTWv854XTLXq1F4pnKg,"Desserts, Food, Bakeries",43.6459544,-79.4096448,Dlish Cupcakes,61,4.0,0,0,0,0,2,0,0,0,0,0,0,0,0,0,0,0,0,0,0,2,0,2,0,0,2,0,0,0,11,0
reZTZCquyDT0lWHIImaW7A,"Women's Clothing, Shopping, Fashion, Accessories",43.6593631,-79.3468857,Bergstrom Originals,3,5.0,0,0,0,0,0,0,0,0,0,0,0,0,0,0,0,0,0,0,0,0,0,3,0,0,0,0,0,0,0,0
rvGHMEPsP_VtOJB6eF3qEg,"IT Services & Computer Repair, Mobile Phones, Shopping, Computers, Local Services, Electronics Repair",43.6428219,-79.393069,The TechKnow Space,61,2.0,0,0,0,0,2,0,0,0,0,0,0,0,0,0,0,0,0,0,0,0,0,2,0,0,0,0,0,0,4,0
vZgPmLKBD6-NM62wPzpkVQ,"Pizza, Restaurants",43.6457138,-79.4821243,Mama's Pizza,3,1.0,0,0,0,0,0,0,0,0,0,0,0,0,0,0,0,0,0,0,0,0,0,0,0,0,0,0,0,0,0,0
w7oavNpCB9O0b3sE9fgK1Q,"Performing Arts, Arts & Entertainment, Cinema",43.653117,-79.3788931,The Elgin & Winter Garden Theatre Centre,38,4.5,0,0,0,0,0,0,1,0,0,0,1,0,0,2,0,0,0,0,0,0,0,0,0,0,0,0,0,0,8,0
wPk-II0yPnc_eUbnn1gKlg,"Home & Garden, Shopping, Furniture Stores, Mattresses, Appliances",43.6603978,-79.383064,The Brick,21,1.0,0,0,0,0,0,0,0,0,0,0,0,0,0,0,0,0,0,0,0,0,0,2,0,0,0,0,0,0,0,0
zKCXT_ipHEUMoeDNwF1RvA,"Restaurants, Middle Eastern",43.661013,-79.4310677,The Empire,25,4.0,0,0,0,0,2,0,0,0,0,0,0,0,0,2,0,2,1,1,1,1,2,1,1,0,2,0,0,1,2,0
zcWit_aSGR5wiunYB_Zapw,"Coffee & Tea, Juice Bars & Smoothies, Desserts, Food",43.7036411,-79.4136884,Second Cup,7,4.0,0,0,0,0,2,0,0,0,0,0,0,0,0,0,0,0,0,2,3,0,0,2,0,0,2,0,0,3,2,0
