business_id,categories,latitude,longitude,name,review_count,stars,AcceptsInsurance,AgesAllowed,Alcohol,BYOB,BikeParking,BusinessAcceptsCreditCards,ByAppointmentOnly,Caters,CoatCheck,Corkage,DogsAllowed,DriveThru,GoodForDancing,GoodForKids,HappyHour,HasTV,NoiseLevel,OutdoorSeating,RestaurantsAttire,RestaurantsDelivery,RestaurantsGoodForGroups,RestaurantsPriceRange2,RestaurantsReservations,RestaurantsTableService,RestaurantsTakeOut,Smoking,WheelchairAccessible,WiFi,tips_counter_bz,total_compliments_bz
-hhsPQU_oT2FZS8hGpVELQ,"Delis, Breakfast & Brunch, Restaurants, Bagels, Food",43.713947196,-79.4000464305,The Bagel House,9,2.0,0,0,0,0,2,0,0,0,0,0,0,0,0,0,0,0,0,0,0,0,0,1,0,0,2,0,0,0,3,0
-s0fWq7sNr5ZdKC8A3usEg,"Osteopathic Physicians, Pain Management, Chiropractors, Health & Medical, Doctors, Massage Therapy, Medical Centers, Naturopathic/Holistic",43.761778,-79.3519149,Allevio Pain Management,6,4.5,0,0,0,0,0,0,1,0,0,0,0,0,0,0,0,0,0,0,0,0,0,0,0,0,0,0,0,0,0,0
4-m4UcWEO9lmgq8Ertt4hQ,"Shopping, Fashion, Women's Clothing, Men's Clothing",43.6461427,-79.408049,Kit and Ace,4,1.5,0,0,0,0,0,0,0,0,0,0,0,0,0,0,0,0,0,0,0,0,0,3,0,0,0,0,2,0,0,0
4APHDi5xxbV0JhgDRYAzFw,"Train Stations, Hotels & Travel, Transportation, Public Services & Government, Departments of Motor Vehicles, Public Transportation",43.654818,-79.3880261,St Patrick Subway Station,5,3.5,0,0,0,0,0,0,0,0,0,0,0,0,0,0,0,0,0,0,0,0,0,0,0,0,0,0,0,0,2,0
4MxNo7pH-PRdwik4Hx5Jyw,"Active Life, Yoga, Fitness & Instruction",43.613131,-79.4983773,Bikram Yoga Red Tree,6,2.5,0,0,0,0,0,0,0,0,0,0,0,0,0,1,0,0,0,0,0,0,0,0,0,0,0,0,0,0,0,0
4W61IPXhclv88D17dYpRaA,"Shopping, Optometrists, Eyewear & Opticians, Health & Medical",43.6692104,-79.3895973,Bay Bloor Optometry,3,3.5,2,0,0,0,0,0,0,0,0,0,0,0,0,0,0,0,0,0,0,0,0,0,0,0,0,0,0,0,1,0
5a0QQzk6E2PDDPejAccJOA,"Car Wash, Gas Stations, Automotive, Auto Detailing",43.6685047,-79.4407427,Crosstown Super Foam Car Wash,6,1.5,0,0,0,0,0,0,0,0,0,0,0,0,0,0,0,0,0,0,0,0,0,0,0,0,0,0,0,0,1,0
6FQalY7_2y3yMikLsEsHgA,"Poutineries, Burgers, Fast Food, Restaurants, Gluten-Free, Halal",43.6501348,-79.3891626,Burger Factory,20,2.5,0,0,0,0,2,0,0,1,0,0,1,1,0,2,0,2,1,1,3,1,2,1,2,1,2,0,2,3,3,0
6cIhp2atp7LSMR5ke9DOHg,"Canadian (New), Restaurants",43.6474012,-79.390924,Montecito Restaurant,151,3.5,0,0,2,0,2,0,0,2,0,0,1,0,0,1,2,2,2,2,3,1,2,3,2,2,1,0,2,3,13,0
6lflpibyf4w3Uwx6EINtgA,"Restaurants, Vegetarian, Sandwiches, Fast Food, Food, Salad, Juice Bars & Smoothies",43.6515826514,-79.3828758179,Freshii,6,2.5,0,0,0,0,1,0,0,0,0,0,0,0,0,1,0,0,0,0,0,0,1,2,0,0,2,0,0,0,2,0
7ZJ_qv18n7nzbry5bsq2Pg,"Restaurants, Pizza, Burgers, Sandwiches",43.6441392146,-79.3885531386,Boston Pizza,109,3.0,0,0,2,0,2,0,0,1,0,0,0,1,0,2,0,2,2,2,3,2,2,2,2,0,2,0,0,3,10,0
7lr_44em_QCyHEduOoeNcA,"Yelp Events, Local Flavor",43.6435936,-79.3985027,Yelp Helps With Mealshare,9,5.0,0,0,0,0,0,0,0,0,0,0,0,0,0,1,0,0,0,0,0,0,0,0,0,0,0,0,0,0,2,0
8T9DlB0WPzBYPs2y5fE_Rg,"Post Offices, Public Services & Government",43.6562198,-79.3832909,Canada Post,7,2.5,0,0,0,0,0,0,0,0,0,0,0,0,0,0,0,0,0,0,0,0,0,0,0,0,0,0,0,0,2,0
8UiPh7jaIqT_Dm8Qt_9frA,"Tapas Bars, Salad, Pizza, Italian, Restaurants",43.6625426478,-79.4711279869,Annette Food Market,68,4.0,0,0,2,0,2,0,0,1,0,0,1,0,0,1,0,1,2,1,1,1,1,3,2,2,2,0,1,1,5,0
9ooTxMSL0xe1b0RvwTyDgg,"Nightlife, Cocktail Bars, Tapas Bars, Food, Restaurants, Coffee & Tea, Champagne Bars, Bars, Seafood",43.6474403,-79.3867668,Coffee Oysters Champagne,49,4.0,0,0,2,0,2,0,1,1,2,0,0,0,0,0,1,2,0,2,3,1,0,0,2,2,2,2,1,3,3,0
BMvBm0qdnkwrX4IKfwVpLw,"Beauty & Spas, Tanning",43.7331426,-79.2677953,Urban Sun,5,4.5,0,0,0,0,0,0,2,0,0,0,0,0,0,0,0,0,0,0,0,0,0,3,0,0,0,0,0,0,0,0
D3jaTcBrVy7FdOzZwRbgDw,"American (Traditional), Comfort Food, Restaurants, Canadian (New)",43.7905653,-79.3919129,Swiss Chalet Rotisserie & Grill,29,3.5,0,0,2,0,2,0,0,0,0,0,0,0,0,2,0,2,1,1,3,2,2,2,2,0,2,0,0,3,7,1
Ehq7wmTyxVdTJkv_MoRqmg,"Restaurants, Caribbean",43.7677879333,-79.4717178345,Wraps & Jerk,12,4.0,0,0,0,0,1,0,0,0,0,0,0,0,0,2,0,1,2,1,1,1,1,2,1,0,2,0,0,1,2,0
Fjh0c4wkE2hkoBqxwaRuxg,"Food, Bakeries, Coffee & Tea",43.6574832262,-79.3845950278,Starbucks,4,4.0,0,0,0,0,0,0,0,0,0,0,0,0,0,0,0,0,0,0,3,0,0,0,0,0,2,0,0,3,0,0
HeGExoygVt7pqo_39O6aFA,"Bars, Pubs, Nightlife",43.6489318,-79.3753311,P.J. O'Brien Irish Pub and Restaurant,101,4.0,0,0,2,0,2,0,0,0,0,0,0,0,0,0,2,2,2,1,3,0,2,2,2,0,0,0,0,3,13,0
I20eI57UJCyyyFN-MOo0Hg,"Local Services, Sewing & Alterations",43.7009299,-79.4249794,Studio Larisa,3,3.5,0,0,0,0,0,0,0,0,0,0,0,0,0,0,0,0,0,0,0,0,0,0,0,0,0,0,0,0,1,0
Nt7ssYgIzyJdWs3dSoZA5Q,"Active Life, Specialty Schools, Arts & Entertainment, Dance Studios, Dance Schools, Education, Nightlife, Dance Clubs, Performing Arts, Fitness & Instruction",43.667109,-79.3851348,DanceLife X Centre,19,4.0,0,0,0,0,1,0,1,0,0,0,0,0,0,2,0,2,0,1,0,0,2,3,0,0,0,0,0,0,3,0
NzmJJvTEotNCEduQUcIwBg,"Restaurants, Cafes, Food, Coffee & Tea",43.686104807,-79.3929256287,Starbucks,5,3.5,0,0,0,0,2,0,0,0,0,0,0,0,0,0,0,0,0,2,3,0,0,2,0,0,0,0,0,3,0,0
QPVc_HQYcQicsowyeMPpkA,"Canadian (New), Pubs, Restaurants, Bars, Nightlife, Burgers",43.6625073,-79.4238417,Tallboys Craft Beer House,86,4.0,0,0,2,0,2,0,0,1,0,0,0,0,0,1,2,2,2,1,3,1,2,2,1,0,1,0,0,3,21,0
QeX02RFrDOIUyBxlWVEZkg,"Day Spas, Beauty & Spas",43.6714348,-79.3956073,Novo Spa in Yorkville,58,3.5,0,0,0,0,2,0,2,0,0,0,0,0,0,0,0,0,0,0,0,0,0,3,0,0,0,0,0,0,4,0
TB2C_-YE4tECas-wyf8LdA,Local Flavor,43.6655489,-79.3811008,Pride Toronto,12,4.0,0,0,0,0,0,0,0,0,0,0,0,0,0,2,0,0,0,0,0,0,0,0,0,0,0,0,0,0,3,0
UmZabXjUjTVekZlys2Ao8A,"Shopping, Shopping Centers, Public Relations, Professional Services",43.6676544,-79.4420863,Galleria Shopping Centre,27,2.5,0,0,0,0,2,0,0,0,0,0,0,0,0,0,0,0,0,0,0,0,0,1,0,0,0,0,0,0,4,0
Vj7zvmZ7wfbfCUopsiU56w,"Shopping, Hotels & Travel, Travel Services, Baby Gear & Furniture",43.6629132,-79.5865058,Wee Travel Toronto,3,4.0,0,0,0,0,0,0,0,0,0,0,0,0,0,0,0,0,0,0,0,0,0,0,0,0,0,0,1,0,0,0
VoJbh0ad4x5lnWPHx1sxVQ,"Bakeries, Internet Cafes, Restaurants, Food, Antiques, American (Traditional), Arts & Entertainment, Cafes, Nightlife, Gluten-Free, Desserts, Jazz & Blues, Shopping",43.6215103,-79.52507,Tartistry,23,4.5,0,0,0,0,2,0,1,2,0,0,0,0,0,2,0,2,1,1,3,2,2,1,1,0,2,0,0,3,2,0
XhtzCTcMjFRxvXjK7mgk6w,"Automotive, Motorcycle Dealers",43.756975,-79.277483,Snow City Cycle Marine,7,2.5,0,0,0,0,0,0,0,0,0,0,0,0,0,0,0,0,0,0,0,0,0,2,0,0,0,0,0,0,1,0
XmMwZ-aEA-4t_oDHtUNf1A,"Hair Salons, Beauty & Spas",43.63837,-79.4184338,Salon Tocci,25,4.0,0,0,0,0,2,0,1,0,0,0,0,0,0,2,0,0,0,0,0,0,0,2,0,0,0,0,0,0,1,0
Xtkm095And0gdPQjUGB5iA,"Restaurants, Portuguese",43.6692086,-79.481642,Restaurante Vianense,3,2.5,0,0,0,0,0,0,0,0,0,0,0,0,0,0,0,0,0,0,0,0,0,0,0,0,0,0,0,0,0,0
XuS_k7rrv8VTvu2defcPTQ,"Car Rental, Hotels & Travel",43.6878627,-79.5863624,Trans Canada Car Rental,63,1.0,0,0,0,0,0,0,0,0,0,0,0,0,0,0,0,0,0,0,0,0,0,0,0,0,0,0,0,0,1,0
ZVCSVpPiBsw9Go7Sk3SHgQ,"Restaurants, Barbeque, Nightlife, Bars",43.6691861,-79.3364947,Blackjack BBQ,27,3.5,0,0,2,0,2,2,0,2,1,0,1,0,0,0,2,1,0,2,3,0,0,0,1,2,2,1,2,3,0,0
aywCwIczds0RosdzqokZ8g,"Kosher, Pizza, Sandwiches, Restaurants",43.7379498,-79.4346761,Pizza Cafe,10,4.0,0,0,0,0,2,0,0,1,0,0,0,0,0,2,0,2,4,1,1,1,1,1,1,0,2,0,0,1,2,0
bKUXKjUIY34BTowDBwFjbQ,"Bars, Nightlife, Pubs, British, Restaurants",43.664611252,-79.380146511,The Churchmouse: A Firkin Pub,79,3.5,0,0,2,0,2,0,0,0,0,0,0,0,0,1,2,2,2,2,3,1,2,2,2,0,2,0,0,3,15,0
dPFlkSwKotuZrag4UzTI1w,"Local Services, Shopping, Home & Garden, Landscaping, Home Services, Snow Removal, Gardeners",43.6987992,-79.3972615,Tier One Lawn Care,3,1.0,0,0,0,0,0,0,1,0,0,0,0,0,0,0,0,0,0,0,0,0,0,0,0,0,0,0,0,0,0,0
e21S4uwS1sMgPBjTjCaEFw,"Pets, Veterinarians, Pet Groomers, Pet Services",43.663055,-79.410504,Annex Animal Hospital,12,3.5,0,0,0,0,0,0,2,0,0,0,0,0,0,0,0,0,0,0,0,0,0,0,0,0,0,0,0,0,0,0
eW8Q1pBQZ5NTHfNMRet7_Q,"Health & Medical, Hair Removal, Laser Hair Removal, Body Contouring, Medical Spas, Beauty & Spas",43.6631087,-79.3751627,Posh Medical Spa,9,2.0,0,0,0,0,0,0,0,0,0,0,0,0,0,0,0,0,0,0,0,0,0,0,0,0,0,0,0,0,0,0
ebVPLAeD7FZ2VzY5ryOCxw,"Middle Eastern, Halal, Mediterranean, Restaurants",43.836467,-79.533506,Eli's Table,117,4.5,0,0,1,0,2,0,0,2,0,0,1,0,0,2,0,2,2,1,3,2,2,1,2,1,2,0,2,3,19,0
fe6YW5wLAeWQBATPf494DQ,"Coffee & Tea, Cafes, Food, Desserts, Restaurants",43.6376269,-79.393259,Music Garden Cafe,37,4.0,0,0,0,0,2,0,0,0,0,0,0,0,0,2,0,2,1,2,3,1,1,2,2,0,2,0,0,3,8,0
gjKSCr5fX1UxQXrDpQkQdw,"Shopping, Leather Goods, Laundry Services, Dry Cleaning & Laundry, Local Services, Fashion, Sewing & Alterations",43.6755967,-79.402666,Davenport Custom Tailors & Shirtmakers Limited,3,1.0,0,0,0,0,2,0,0,0,0,0,0,0,0,0,0,0,0,0,1,0,0,3,0,0,0,0,0,1,0,0
hrrPxT846kLGs7ehEtLmRg,"Pizza, Restaurants, Salad",43.6653639,-79.3681704,Salt and Tobacco,42,4.0,0,0,1,0,2,0,0,2,0,0,0,0,0,2,0,1,2,1,1,1,1,2,1,1,2,0,0,1,2,0
i4svvi6IdrM63y6l9dDSsA,"Body Shops, Automotive, Towing, Auto Repair",43.7594057,-79.2774293,Metro One Auto Services,3,3.5,0,0,0,0,0,0,0,0,0,0,0,0,0,0,0,0,0,0,0,0,0,0,0,0,0,0,0,0,0,0
jDiF9d3O5dFmVereEWePwA,"Professional Services, Business Consulting, Restaurant Supplies, Wholesalers",43.6719307,-79.4219481,Faema Showroom,3,2.0,0,0,0,0,0,0,0,0,0,0,0,0,0,0,0,0,0,0,0,0,0,0,0,0,0,0,0,0,0,0
jUMljOsniegdenxF8SXtHQ,"Canadian (New), Bars, Nightlife, Mexican, Pubs, Restaurants",43.6619553,-79.335982,Brooklyn Tavern,77,3.5,0,0,2,0,2,0,0,1,1,0,0,0,1,2,1,2,2,2,3,1,2,2,2,2,2,1,2,3,10,0
jUf2lL-41NqRs52m5GqKDw,"Beauty & Spas, Massage",43.6521922104,-79.3773374458,Richmond Beauty Spa,4,2.5,0,0,0,0,0,0,1,0,0,0,0,0,0,0,0,0,0,0,0,0,0,0,0,0,0,0,0,0,0,0
j_BsYC_asCpfNc5MXXUFhg,"Colleges & Universities, Shopping, Education, Books, Mags, Music & Video",43.6445486,-79.4295244,Textbookrental.ca,4,1.0,0,0,0,0,0,0,0,0,0,0,0,0,0,0,0,0,0,0,0,0,0,0,0,0,0,0,0,0,0,0
mRDs0z_ys0h1NFh59vQqSg,"Restaurants, Fast Food, Chicken Shop, Chicken Wings, American (Traditional)",43.655041,-79.3809665,KFC,4,3.0,0,0,0,0,2,0,0,0,0,0,0,1,0,2,0,1,0,1,0,1,2,1,1,1,2,0,0,0,0,0
p8KMel_CZQ2wVVXx2JLfaA,"Massage Therapy, Fitness & Instruction, Pilates, Acupuncture, Active Life, Health & Medical, Physical Therapy",43.647262,-79.394406,Adelaide West Physiotherapy,8,5.0,0,0,0,0,0,0,2,0,0,0,0,0,0,0,0,0,0,0,0,0,0,0,0,0,0,0,0,0,1,0
rZY8wtc4EyC_8o1mI2-_1A,"Indian, Chinese, Restaurants",43.7521160354,-79.5361555745,Bajra Indian & Hakka Chinese Cuisine,14,4.5,0,0,0,0,0,0,0,0,0,0,0,0,0,0,0,2,0,0,0,2,0,0,2,0,0,0,0,0,2,0
tZv817556MUqnZN_743Bog,"Shopping, Accessories, Fashion, Women's Clothing",43.6695816,-79.3885728,Petra Karthaus,3,5.0,0,0,0,0,2,0,0,0,0,0,0,0,0,0,0,0,0,0,0,0,0,3,0,0,0,0,2,0,0,0
tgfzXiREilRzPWPbwVaEpg,"Beauty & Spas, Hair Salons",43.6874953,-79.3985821,Lee Hair Salon,7,4.0,0,0,0,0,0,0,0,0,0,0,0,0,0,0,0,0,0,0,0,0,0,1,0,0,0,0,0,0,2,0
uiAWarzgCNIwTZiOT96izw,"Specialty Food, Food",43.6490516,-79.3717741,Kozlik's Canadian Mustard,71,4.5,0,0,0,0,2,0,0,0,0,0,0,0,0,0,0,0,0,0,0,0,0,2,0,0,2,0,0,0,8,0
vRP9i7ev4hWDf818xUZy6g,"Landmarks & Historical Buildings, Public Services & Government, Local Flavor",43.6560741091,-79.380174,Yonge-Dundas Square,69,3.0,0,0,0,0,0,0,0,0,0,0,0,0,0,2,0,0,0,0,0,0,0,0,0,0,0,0,0,0,33,0
vepwO3qrxOSebQrvG4LJEw,"Antiques, Shopping",43.6396492,-79.4467108,Mrs. Huizenga,3,4.5,0,0,0,0,2,0,1,0,0,0,0,0,0,0,0,0,0,0,0,0,0,2,0,0,0,0,0,0,1,0
wKc2EBr_NnLJk0awKR1TQw,"Furniture Stores, Jewelry, Watches, Home Decor, Shopping, Home & Garden",43.6506177,-79.3584082,Bergo Designs,15,4.0,0,0,0,0,2,0,1,0,0,0,0,0,0,0,0,0,0,0,0,0,0,3,0,0,0,0,0,0,0,0
wvfd77HO2-LPJYysKZqdOg,"Flowers & Gifts, Gift Shops, Shopping, Arts & Crafts",43.6658953,-79.4081824,Piya's Boutique,5,5.0,0,0,0,0,0,0,0,0,0,0,0,0,0,0,0,0,0,0,0,0,0,2,0,0,0,0,0,0,0,0
xRDpIFYtTpUZE0kY4FYUmQ,"Shopping, Fashion, Department Stores",43.7779901,-79.3440914,Hudson's Bay,7,2.5,0,0,0,0,2,0,0,0,0,0,0,0,0,0,0,0,0,0,0,0,0,2,0,0,0,0,0,0,3,0
y1CAW87FChHPUIUXhegMTA,"Acupuncture, Chiropractors, Health & Medical",43.6729826,-79.320076,Kaizen Health,3,5.0,0,0,0,0,0,0,2,0,0,0,0,0,0,0,0,0,0,0,0,0,0,0,0,0,0,0,0,0,0,0
yHruSEL9nUze-dKupeNlJg,"Shopping, Accessories, Women's Clothing, Fashion, Men's Clothing",43.7252792674,-79.4519441575,Burberry,3,4.5,0,0,0,0,1,0,0,0,0,0,0,0,0,0,0,0,0,0,0,0,0,3,0,0,0,0,0,0,0,0
ygsUKryinuEP5HWx39llrQ,"Fashion, Shopping, Shoe Stores",43.7042544,-79.4112932,Shoe Bag,4,2.0,0,0,0,0,0,0,0,0,0,0,0,0,0,0,0,0,0,0,0,0,0,4,0,0,0,0,0,0,1,0
