business_id,categories,latitude,longitude,name,review_count,stars,AcceptsInsurance,AgesAllowed,Alcohol,BYOB,BikeParking,BusinessAcceptsCreditCards,ByAppointmentOnly,Caters,CoatCheck,Corkage,DogsAllowed,DriveThru,GoodForDancing,GoodForKids,HappyHour,HasTV,NoiseLevel,OutdoorSeating,RestaurantsAttire,RestaurantsDelivery,RestaurantsGoodForGroups,RestaurantsPriceRange2,RestaurantsReservations,RestaurantsTableService,RestaurantsTakeOut,Smoking,WheelchairAccessible,WiFi,tips_counter_bz,total_compliments_bz
-LsI2lEglHYEVxXvxjMrLQ,"Home Services, Real Estate Services, Commercial Real Estate, Real Estate, Real Estate Agents",43.7350564,-79.3441293,Royal LePage Signature Realty,3,1.0,0,0,0,0,0,0,1,0,0,0,0,0,0,0,0,0,0,0,0,0,0,0,0,0,0,0,0,0,0,0
-bT1RjmRBi0uBvC61SWblg,"Shopping, Fashion, Accessories, Toy Stores, Music & DVDs, Books, Mags, Music & Video",43.7453573,-79.2925469,Greek City Video,4,2.0,0,0,0,0,0,0,0,0,0,0,0,0,0,0,0,0,0,0,0,0,0,2,0,0,0,0,0,0,1,0
0fDju-p3tW9ELqFfgP3LLw,"Health & Medical, Doctors, Sports Medicine, Physical Therapy",43.6672016989,-79.3985480704,David L. Macintosh Sport Medicine Clinic,5,2.0,0,0,0,0,0,0,2,0,0,0,0,0,0,0,0,0,0,0,0,0,0,0,0,0,0,0,0,0,0,0
1ajhcZOHYsh3OXuJtri1qw,"Coffee & Tea, Food, Tea Rooms",43.6704775,-79.3872741,Tea Market,3,3.5,0,0,0,0,0,0,0,0,0,0,0,0,0,0,0,0,0,1,0,0,0,2,0,0,0,0,0,0,0,0
5-b5tD7VLlDwundbe85l7A,"Restaurants, Thai",43.6537147,-79.3544775,Sukhothai,24,3.0,0,0,0,0,0,0,0,0,0,0,0,0,0,1,0,0,0,2,0,2,1,0,1,0,2,0,0,0,1,0
5T3L0MPEd4sn3GfvvKWuQA,"Local Services, Web Design, Marketing, Printing Services, Professional Services",43.7072693,-79.3996009,Print Three,3,1.5,0,0,0,0,0,0,0,0,0,0,0,0,0,0,0,0,0,0,0,0,0,0,0,0,0,0,0,0,0,0
5b5TwqnAKxiLk16PN9bO_A,"Beer, Wine & Spirits, Food",43.6498046,-79.4225229,The Beer Store - Dundas and Lakeview,3,1.5,0,0,0,0,0,0,0,0,0,0,0,0,0,0,0,0,0,0,0,0,0,4,0,0,0,0,0,0,0,0
5kLV1atVxp11MiYNnYbfnQ,"Dive Bars, Nightlife, Bars",43.6819512,-79.4256855,Wise Guys Bar & Grill,7,2.5,0,0,2,0,0,0,0,0,0,0,0,0,0,0,0,2,2,1,0,0,2,1,0,0,0,0,0,0,0,0
6Nk-xMSLctcRHdZ3EBPL8A,"Waxing, Eyelash Service, Tanning, Hair Removal, Beauty & Spas",43.7164224,-79.4551797,Tantasia Tanning & Esthetic Studio,3,4.5,0,0,0,0,2,0,1,0,0,0,0,0,0,0,0,0,0,0,0,0,0,2,0,0,0,0,0,0,0,0
84RdNjDKXKzqZlSlT6G6PA,"Asian Fusion, Nightlife, Bars, Beer Bar, Specialty Food, Juice Bars & Smoothies, Comfort Food, Breakfast & Brunch, Food, Desserts, Ice Cream & Frozen Yogurt, Cafes, Coffee & Tea, Restaurants, Japanese",43.655074,-79.4024461,Film Cafe by Eative,136,3.5,0,0,2,0,2,0,0,2,0,0,1,0,0,2,0,2,2,2,3,1,2,1,2,1,2,0,2,3,16,0
8pm2QN9yHpqv7LOz84LrUw,"Convenience Stores, Grocery, Meat Shops, Food, Specialty Food, Bakeries",43.6541334685,-79.4631618529,Rabba Fine Foods,5,2.0,0,0,0,0,2,0,0,2,0,0,0,0,0,0,0,0,0,0,0,0,0,2,0,0,2,0,0,0,0,0
93KTAZUAnyhMWegY1dOxbA,"Hair Salons, Beauty & Spas",43.6707695,-79.3908887,Blyss Salon,9,4.0,0,0,0,0,0,0,2,0,0,0,0,0,0,1,0,0,0,0,0,0,0,3,0,0,0,0,0,0,2,0
BOml4YRmKqx7MiEVvlUadg,"Restaurants, Chinese",43.6640707787,-79.3683640197,China Gourmet Takeout,25,3.0,0,0,0,0,1,0,0,0,0,0,0,0,0,2,0,2,0,1,0,2,2,1,1,0,2,0,0,0,0,0
BT48noHT4X77MxQB4bYoxA,"French, Restaurants",43.6630533,-79.4032817,Dreyfus,10,3.5,0,0,2,0,2,0,0,1,0,0,1,0,0,0,2,1,0,1,1,1,0,0,2,2,1,0,1,1,0,0
CJq8OmZuScJ1jUUjxtDAEw,"Restaurants, Sushi Bars, Korean, Japanese",43.7313908,-79.6001203,Hoya Sushi,5,5.0,0,0,0,0,0,0,0,0,0,0,0,0,0,0,0,2,0,0,0,0,0,0,0,0,0,0,0,0,0,0
DQ6TonJZAofhwI56FvNjoA,"Food Trucks, Food, Asian Fusion, Restaurants, Caterers, Event Planning & Services, Food Delivery Services",43.6485203,-79.3979855,Me.n.u Food Truck,30,4.0,0,0,0,0,1,0,0,2,0,0,0,0,0,2,0,0,0,0,0,1,1,1,1,1,2,0,1,0,2,0
DlBStzjg7I5b7OI9LE3-DQ,"Restaurants, Barbeque",43.6636892,-79.3287505,Little AAA,20,4.0,0,0,2,0,0,0,0,0,0,0,0,0,0,2,0,2,2,0,0,1,2,2,0,2,2,0,0,0,0,0
FELma1iFkn2qnAMRO6komA,"Barbeque, Arts & Entertainment, Restaurants, Festivals",43.6568437,-79.5886563,Toronto Ribfest,4,2.0,0,0,1,0,2,0,0,1,0,0,0,0,0,2,0,0,4,2,1,1,2,2,1,1,2,0,0,1,1,0
FkLe7GqyVlY_959zpTqG7w,"Accessories, Women's Clothing, Fashion, Shopping, Men's Clothing",43.7259495732,-79.4501777489,Ted Baker London,3,3.5,0,0,0,0,2,0,0,0,0,0,0,0,0,0,0,0,0,0,0,0,0,3,0,0,0,0,0,0,1,0
Fn6ZihMKihxUASVkFUK6xw,"Restaurants, Caribbean",43.6453197,-79.3804062,Roywoods,17,4.0,0,0,0,0,0,0,0,0,0,0,0,0,0,0,0,2,0,0,0,0,0,0,0,0,0,0,0,0,0,0
IA3vdSR9MrjXR2oUfmhWIQ,Local Flavor,43.6534829,-79.3840939,Cavalcade of Lights,3,3.5,0,0,0,0,0,0,0,0,0,0,0,0,0,2,0,0,0,0,0,0,0,0,0,0,0,0,0,0,0,0
IadqIdtCMWk-MHvnZEgydw,"Food, Coffee & Tea, Donuts",43.6379732969,-79.4185576603,Tim Hortons,16,3.5,0,0,0,0,2,0,0,1,0,0,0,0,0,0,0,0,0,1,3,0,0,1,0,0,0,0,0,3,1,0
Im1fAxyiP73tsvokREqVEw,"Hobby Shops, Toy Stores, Shopping",43.6704636451,-79.3872714043,Game and Hobby Zone,8,4.0,0,0,0,0,1,0,0,0,0,0,0,0,0,0,0,0,0,0,0,0,0,4,0,0,0,0,2,0,3,0
Iw6HDyVxstrPz_r5ydnPXQ,"Restaurants, Breakfast & Brunch",43.7054392,-79.3752374,Eggstatic,56,4.5,0,0,0,0,2,0,0,2,0,0,1,0,0,2,1,1,2,2,3,2,2,2,2,2,2,0,2,3,6,0
JhG6PUwX3qiMBBNUdMbpEw,"Eyelash Service, Waxing, Eyebrow Services, Massage, Hair Removal, Beauty & Spas, Nail Salons",43.649632599,-79.3916912379,M Beauty Bar,51,4.0,1,0,0,0,2,0,1,0,0,0,0,0,0,0,0,0,0,0,0,0,0,2,0,0,0,0,0,0,1,0
L_JIwCB8OeZLiHWg6VTydA,"Restaurants, Diners, Chinese",43.8236529001,-79.3024287581,Food Kingdom,21,2.5,0,0,0,0,0,0,0,1,0,0,0,0,0,2,0,2,3,1,0,1,2,2,1,0,2,0,0,0,5,0
MN3DJZ2MXFNmk_6tNYT_0g,"Printing Services, Local Services",43.6795181,-79.3426352,Copy Cat Reproductions,5,4.5,0,0,0,0,0,0,0,0,0,0,0,0,0,0,0,0,0,0,0,0,0,0,0,0,0,0,0,0,0,0
M_fzy4_KslKoXeyZ022Z8g,"Sushi Bars, Chinese, Japanese, Restaurants, Asian Fusion",43.6546135705,-79.3986288831,August 8,144,3.5,0,0,2,0,2,0,0,1,0,0,1,0,0,2,1,1,2,1,3,1,2,2,2,2,2,0,1,3,12,0
Mt1cYJEA9rNNjuag8O5hIQ,"Mountain Biking, Parks, Active Life",43.686637,-79.3594445,Don Valley Mountain Bike Trails,3,4.5,0,0,0,0,2,0,0,0,0,0,0,0,0,2,0,0,0,0,0,0,0,0,0,0,0,0,0,0,0,0
OGRj55hvDgwU7CiTe-vVWA,"Doctors, Family Practice, Health & Medical",43.6627133,-79.4213057,Walk-In & Family Practice Clinic,8,3.0,2,0,0,0,0,0,1,0,0,0,0,0,0,0,0,0,0,0,0,0,0,0,0,0,0,0,0,0,4,0
OKUiKL_s5CrrLFAuEeB5MQ,"Pizza, Restaurants",43.7533992865,-79.2021917392,Papa John's,5,3.5,0,0,0,0,0,0,0,0,0,0,0,0,0,0,0,0,2,1,0,2,0,0,0,1,2,0,0,0,0,0
Orgm9nmcClxnAUva4nOKyA,"Breakfast & Brunch, Bars, Nightlife, Restaurants, Venues & Event Spaces, Cafes, Event Planning & Services, Caterers, Italian",43.648847496,-79.37368318,Hothouse,338,3.5,0,0,2,0,2,0,0,2,0,0,0,0,1,2,0,1,2,2,3,1,2,2,2,0,2,1,0,3,40,0
PI2Xr6HwQ5nVUauzSqp6lA,"Restaurants, Salad, Fast Food, Health Markets, Specialty Food, Juice Bars & Smoothies, Food, Vegetarian",43.727112,-79.293273,Freshii,10,2.5,0,0,0,0,0,0,0,0,0,0,0,0,0,0,0,0,0,0,0,0,0,0,0,0,0,0,0,0,3,0
PZ08ZO0-t2r1qA5WDd6wfA,"Food, Restaurants, Specialty Food, Chinese, Ethnic Food",43.6705944,-79.2986461,Honey-Bee Restaurant,25,2.0,0,0,0,0,2,0,0,0,0,0,0,0,0,2,0,2,0,2,1,2,2,2,2,0,2,0,0,1,0,0
PlsMu3_E4NdxJMjcuOHFqw,"Halal, Caribbean, Restaurants",43.7451846,-79.2984802,Rose's Halal Kitchen,16,4.5,0,0,0,0,0,0,0,0,0,0,0,0,0,2,0,2,0,0,0,0,2,2,2,0,2,0,0,0,1,0
RPcZxtGk34r6R48KE2-4bw,"Nail Salons, Beauty & Spas",43.6557407,-79.3846245,Perfait Nails Spa,29,3.5,0,0,0,0,2,0,1,0,0,0,0,0,0,0,0,0,0,0,0,0,0,2,0,0,0,0,0,0,2,0
RYrS9L8DupuwyHWYqeuayw,"Hotels & Travel, Transportation, Public Transportation",43.6820237,-79.3297679,Greenwood Subway Station,3,2.5,0,0,0,0,0,0,0,0,0,0,0,0,0,0,0,0,0,0,0,0,0,0,0,0,0,0,0,0,2,0
Smnwx7z2abtuQmSFisUiOA,"Burgers, Restaurants, Nightlife, Wigs, Bars, Sports Bars, Beer Bar, Shopping, Chicken Wings",43.672734,-79.4708416,Shoeless Joe's Sports Grill - Stockyards,33,2.5,0,0,2,0,2,2,0,1,1,0,1,1,1,2,1,2,2,2,1,2,2,2,2,2,2,2,2,1,4,0
V-73BtoK826ZPvIfErIqYQ,"Hair Salons, Massage, Skin Care, Beauty & Spas",43.7673066,-79.2287368,Herbal Beauty Esthetics,5,1.5,0,0,0,0,0,0,0,0,0,0,0,0,0,0,0,0,0,0,0,0,0,0,0,0,0,0,0,0,0,0
VqJHqL_1a60TmM2ylGmitw,"Internet Service Providers, Professional Services, Shopping, Mobile Phones, Home Services",43.6479845,-79.3777753,Yak Communications,7,2.5,0,0,0,0,0,0,0,0,0,0,0,0,0,0,0,0,0,0,0,0,0,1,0,0,0,0,0,0,0,0
WdhQvQbGd2HAiZ2UmlcVGA,"Restaurants, Food, Chicken Wings, Barbeque, American (Traditional)",43.7727485,-79.2804354,Wild Wing,44,3.5,0,0,2,0,1,0,0,0,0,0,0,0,0,2,0,2,2,2,1,1,2,2,2,0,2,0,0,1,11,0
XEKx5litKe1KkfJpqtmJUw,"Food, Chinese, Restaurants",43.8192726,-79.2951166,Dong Kee,49,3.5,0,0,1,0,2,0,0,1,0,0,0,0,0,2,0,2,3,1,1,1,2,2,2,2,2,0,0,1,16,0
Y1y6gmddorR5qTu1u5nGGg,"Food, Bakeries, Desserts, Coffee & Tea",43.6492549,-79.4226414,Caldense Bakery & Pastries,20,3.0,0,0,0,0,2,0,0,0,0,0,0,0,0,0,0,0,0,2,1,1,0,1,0,0,2,0,0,1,5,0
YLeAUkFFJri_21uTkyrVFg,"Food, Restaurants, Indian, Malaysian",43.8089509523,-79.2636310418,Malaysian Garam Masala,17,4.0,0,0,2,0,0,0,0,2,0,0,0,0,0,2,0,2,1,1,0,1,2,1,2,0,2,0,0,0,2,0
ZXIEps2QqL1OM_a1RP71JQ,"Fashion, Adult, Lingerie, Shopping, Fitness/Exercise Equipment",43.6232296,-79.5184958,Aren't We Naughty,4,2.5,0,0,0,0,2,0,0,0,0,0,1,0,0,0,0,0,0,0,0,0,0,3,0,0,0,0,2,0,0,0
ZlWJAEg8Ilb8h0pcdyfUuA,"Beauty & Spas, Day Spas, Massage",43.6592524,-79.4390258,Tcm At Bloor,5,4.0,0,0,0,0,2,0,1,0,0,0,0,0,0,0,0,0,0,0,0,0,0,2,0,0,0,0,0,0,0,0
_BAewGvIIzrNJtCzViIvSQ,"Japanese, American (Traditional), Restaurants",43.6561157,-79.3923841,Omai Restaurant,89,4.0,0,0,1,0,2,0,1,1,0,0,1,0,0,1,2,1,2,1,3,1,1,2,2,2,1,0,1,3,5,1
aBWyWwkxOgfVbEhz8dIQxw,"Food, Middle Eastern, Restaurants",43.6003193,-79.506907,The Kebab House,12,3.0,0,0,0,0,0,0,0,0,0,0,0,0,0,1,0,2,0,0,0,1,1,0,0,0,2,0,0,0,0,0
aNZa21WWMc-2HpToNDMhHg,"Dance Clubs, Nightlife, Music Venues, Arts & Entertainment, Bars, Caterers, Event Planning & Services",43.6527672883,-79.4013476372,The Boat,40,4.0,0,0,2,0,2,0,0,0,2,0,0,0,0,1,2,1,3,1,3,0,2,1,2,0,0,0,1,3,3,0
bltQHA0TU70gS6XDxECGsA,"Local Services, Couriers & Delivery Services",43.6525775,-79.3423344,Greyhound Courier Express,3,1.0,0,0,0,0,0,0,0,0,0,0,0,0,0,0,0,0,0,0,0,0,0,0,0,0,0,0,0,0,0,0
boO7Fln6R2E0wH3LehvzZg,"Beauty & Spas, Laser Hair Removal, Hair Removal, Skin Care, Health & Medical, Hair Salons, Medical Spas",43.6401588,-79.3963067,Skin Forward,3,4.5,1,0,0,0,2,0,2,0,0,0,0,0,0,0,0,0,0,0,3,0,0,0,0,0,0,0,1,3,1,0
cUhIkGT4RCc-X8ZapWv0qg,"Fitness & Instruction, Yoga, Active Life, Trainers",43.6477378123,-79.3962831521,Yoga Tree,26,3.5,0,0,0,0,2,0,1,0,0,0,0,0,0,1,0,0,0,0,0,0,0,0,0,0,0,0,0,0,3,0
dloMNbqt1o5YBAq1N1lI6w,"Health & Medical, Beauty & Spas, Skin Care, Medical Spas",43.6855587,-79.4061152,The Skin Klinic,11,4.5,0,0,0,0,2,0,2,0,0,0,0,0,0,0,0,0,0,0,3,0,0,0,0,0,0,0,0,3,0,0
eFoKqhHf-jxwKVB69iEbrw,"Gelato, Food",43.6789583,-79.4392695,Punto Gelato,5,3.0,0,0,0,0,2,0,0,0,0,0,0,0,0,0,0,0,0,0,0,0,0,4,0,0,2,0,0,0,3,1
fWhs5KYwHcRFKmJ5siNNdA,"Restaurants, Italian",43.670549,-79.3943976,Il Posto,20,3.0,0,0,2,0,1,0,0,1,0,0,0,0,0,1,0,2,1,2,3,1,2,3,2,0,2,0,0,3,1,0
g63BJRTXlDHm8T5iRE0rEQ,"Tires, Transmission Repair, Auto Repair, Automotive",43.6821738,-79.424894,Speedy,5,3.5,0,0,0,0,0,0,0,0,0,0,0,0,0,0,0,0,0,0,0,0,0,0,0,0,0,0,0,0,0,0
gWStAX7cJt5lgji-ej4qdw,"Transportation, Hotels & Travel, Public Transportation",43.653807,-79.450811,505 Dundas Streetcar,3,2.0,0,0,0,0,0,0,0,0,0,0,0,0,0,0,0,0,0,0,0,0,0,0,0,0,0,0,0,0,2,0
hNSvyreISNd9XXrHyyaSjQ,"Asian Fusion, Breakfast & Brunch, Restaurants, Nightlife, Bars",43.6565708928,-79.407119751,Nirvana,154,3.5,0,0,2,0,2,0,0,1,0,0,0,0,1,1,1,1,2,2,1,1,2,2,2,0,2,0,0,1,27,0
hbp72ML8BHykBztI6mWOIw,"Food, Restaurants, Pizza",43.64946,-79.365449,Pizza Nova,11,2.0,0,0,0,0,0,0,0,0,0,0,0,0,0,1,0,0,0,0,1,2,1,2,1,0,2,0,0,1,1,0
hf5W3i9kY3ZAMqkMSn9MsQ,"Car Rental, Hotels & Travel",43.6862336852,-79.6142677494,Avis Rent A Car,38,1.5,0,0,0,0,0,0,0,0,0,0,0,0,0,0,0,0,0,0,0,0,0,0,0,0,0,0,0,0,3,0
hlrZHM4D48XiQtXh6cRg_w,"Italian, Restaurants",43.6469106,-79.3743409,The Old Spaghetti Factory,341,3.0,0,0,2,0,2,0,2,2,0,0,0,0,0,2,2,2,2,2,3,1,2,2,2,0,2,0,0,3,22,0
i_V36U612XnJ5SJAE1OPWw,"Ice Cream & Frozen Yogurt, Sandwiches, Specialty Food, Pizza, Hot Dogs, Vegan, Food, Restaurants",43.6633496,-79.4185625,Apiecalypse Now!,197,4.0,0,0,0,0,2,0,0,1,0,0,0,0,0,2,0,2,2,1,1,2,1,1,1,1,2,0,0,1,18,0
jB4mDYca1nhTKe4TzGraKA,"Pubs, Nightlife, Bars, Restaurants",43.6828784,-79.4189154,Wychwood Pub,23,2.0,0,0,2,0,2,0,0,0,0,0,0,0,0,0,0,2,3,1,1,0,2,3,0,0,0,0,0,1,4,0
l_CGwZemu7WGp8dbsdrfzQ,"Recreation Centers, Swimming Pools, Active Life",43.6673429,-79.4395338,Wallace Emerson Community Centre,4,2.0,0,0,0,0,2,0,0,0,0,0,0,0,0,2,0,0,0,0,0,0,0,0,0,0,0,0,0,0,0,0
lbkIGoU9Cb5MYpVvQHRgkA,0,43.7081764,-79.38957,Print 4,3,1.0,0,0,0,0,0,0,0,0,0,0,0,0,0,0,0,0,0,0,0,0,0,0,0,0,0,0,0,0,0,0
mayp4tc5oFfSe-HDCYXGXg,"Canadian (New), British, Restaurants, Bars, Pubs, Nightlife",43.6535864,-79.3795516,Firkin on Yonge,93,3.0,0,0,2,0,2,0,0,1,1,0,0,0,1,1,2,2,2,1,3,1,2,2,2,0,1,0,0,3,12,0
n7pfAObLaQUQvtRbysmgtQ,"Food, Coffee & Tea",43.6116933,-79.557183,Nordstrom Ebar Artisan Coffee,3,4.0,0,0,0,0,0,2,0,0,0,0,0,0,0,0,0,0,0,0,3,0,0,0,0,0,2,0,2,3,0,0
nOKxySPKtEb3y3CCPWsY-A,"Shopping, Jewelry",43.6579875,-79.4350058,Michael Hill Dufferin,3,1.0,0,0,0,0,2,0,0,0,0,0,0,0,0,0,0,0,0,0,0,0,0,4,0,0,0,0,0,0,0,0
nkQKvl016U7Wv35USvrMMw,"Local Services, Sewing & Alterations",43.6706285,-79.3926029,M Clara's Alterations,7,4.5,0,0,0,0,0,0,0,0,0,0,0,0,0,0,0,0,0,0,0,0,0,0,0,0,0,0,0,0,2,0
oOidJViugnKyVohwQvfWBA,"Specialty Food, Food, Shopping, Health Markets",43.6508621,-79.4768473,Peachtree Health Foods,6,4.0,0,0,0,0,2,0,1,0,0,0,0,0,0,0,0,0,0,0,0,0,0,2,0,0,1,0,2,0,1,0
okgx9D7GF1Ptucu3fBSj_Q,"Real Estate Services, Office Cleaning, Professional Services, Home Cleaning, Home Services, Real Estate",43.6770055,-79.4110076,BRILHO Luxury Cleaning & Services,8,3.0,0,0,0,0,0,0,0,0,0,0,0,0,0,0,0,0,0,0,0,0,0,0,0,0,0,0,0,0,0,0
owswkOnn3JN6lK7Dm9gRCw,"Restaurants, Asian Fusion",43.6793431,-79.5468555,Asian Express,16,3.5,0,0,0,0,2,0,0,2,0,0,0,0,0,2,0,2,1,1,3,2,2,2,1,1,2,0,0,3,3,0
r-uKGbHOb3Qdz_s2U-PuFQ,"Shopping, Art Galleries, Arts & Entertainment, Food, Coffee & Tea",43.653235,-79.3702878,Café 260,38,4.0,0,0,0,0,2,0,1,0,0,0,0,0,0,2,0,0,0,1,3,0,0,2,0,0,2,0,0,3,10,0
rx7m7uPrEKYl7krELaS11A,"Laser Hair Removal, Beauty & Spas, Hair Removal",43.67267,-79.287521,New Skin Laser Clinic,3,3.5,0,0,0,0,2,0,2,0,0,0,0,0,0,0,0,0,0,0,0,0,0,2,0,0,0,0,0,0,0,0
s5CTsh_ciRA0hho1jAXc0Q,"Florists, Cards & Stationery, Arts & Crafts, Flowers & Gifts, Shopping, Event Planning & Services",43.7189348,-79.3094088,Yonge Florist Toronto,6,1.0,0,0,0,0,0,0,0,0,0,0,0,0,0,0,0,0,0,0,0,0,0,4,0,0,0,0,0,0,0,0
t8pkDKKZFwIoi_-qvhsnNQ,"Doctors, Health & Medical",43.6509626,-79.3814224,Traveller's Medical Service & Geographic Medicine,3,1.5,0,0,0,0,0,0,0,0,0,0,0,0,0,0,0,0,0,0,0,0,0,0,0,0,0,0,0,0,1,0
t_vTh_ISURWk-2Zintu6hA,"Challenge Courses, Arts & Entertainment, Social Clubs, Active Life, Escape Games",43.7530696,-79.4682077,Mystery Room,39,2.5,0,0,0,0,2,0,2,0,0,0,1,0,0,2,0,0,0,0,0,0,0,0,0,0,0,0,0,0,4,0
uF86ZhygpBEGr3CudNemYA,"Canadian (New), Restaurants, American (New)",43.6691213,-79.382764,O.Noir,331,3.5,0,0,2,0,2,0,0,1,0,0,0,0,0,1,2,1,2,1,1,1,2,3,2,2,1,0,2,1,20,0
uw9j_PRxWf3-X5wqp1XV8g,"Restaurants, Creperies, Seafood, Modern European",43.6472616,-79.3785998,Marché Mövenpick Brookfield Place Concourse Level,9,3.5,0,0,0,0,0,0,0,0,0,0,0,0,0,2,0,0,0,0,0,0,0,0,0,0,0,0,0,0,0,0
wG4qwKeFdbS17bAKnNqZqw,"Fast Food, Food, Restaurants, Vegetarian, Burgers, Juice Bars & Smoothies",43.649505,-79.3774609,B.GOOD,34,3.5,0,0,0,0,2,0,0,2,0,0,0,1,0,2,0,1,2,1,3,2,2,2,1,1,2,0,2,3,8,0
xR4q0kAA3SEjzL8N5-ePSQ,"Macarons, Patisserie/Cake Shop, Specialty Food, Food, Desserts, Ice Cream & Frozen Yogurt",43.6514044,-79.397131,Dainties Macaron,63,4.0,0,0,0,0,2,0,0,1,0,0,0,0,0,0,0,0,1,0,3,0,0,2,0,0,2,0,1,3,5,0
yl2A66u5Xe-oBbb64H92qA,"Pilates, Fitness & Instruction, Beauty & Spas, Active Life, Yoga, Massage",43.6614691,-79.4284853,Union Yoga + Wellness,20,4.5,0,0,0,0,2,0,1,0,0,0,0,0,0,1,0,0,0,0,0,0,0,0,0,0,0,0,2,0,0,0
yq__UVmBmhurJ9b8K7ZJGg,"Local Services, Dry Cleaning, Sewing & Alterations, Laundry Services",43.666224,-79.4112121,Good & Fast Cleaners,5,3.5,0,0,0,0,2,0,0,0,0,0,0,0,0,0,0,0,0,0,1,0,0,2,0,0,0,0,0,1,0,0
zb61eT_ChYctlCXcIqlW6Q,"Restaurants, Mediterranean, Arabian, Persian/Iranian",43.6501486153,-79.3906454023,Me Va Me Kitchen Express,165,4.0,0,0,0,0,2,0,0,2,0,0,0,0,0,2,1,2,2,1,1,2,2,2,1,1,2,0,2,1,18,0
